model,z_obs,z_bg,E_bg,E_phys,H_bg_model_bg,H_phys,q_obs,w_eff_obs,dotH
frozen_M28,0.01,0.01,1.0067124900114464,1.1970737409034937,61.93440361594023,73.64570218684528,-0.2879856171325722,-0.5253237447550482,-3861.744897028915
frozen_M28,0.1,0.1,1.0710485182437404,1.2686940155977577,65.89244881665103,78.05188473053124,-0.3517478877575875,-0.567831925171725,-3949.2145602348614
frozen_M28,0.295,0.295,1.2332524393435593,1.3941609175040874,75.87146786842627,85.77078940312535,-0.20251195332288097,-0.46834130221525383,-5866.823144927574
frozen_M28,0.5,0.5,1.4338284853695007,1.6165283727163837,88.21119536114746,99.45115580248459,0.18920100420355346,-0.2071993305309644,-11761.83105083099
frozen_M28,0.51,0.51,1.4443251744471945,1.629440252420064,88.85696680475151,100.24551325502708,0.18840396162873474,-0.20773069224751017,-11942.465034407127
frozen_M28,0.706,0.7022039184752429,1.657765269988276,1.8470555223409368,101.9881091678664,113.63351836472614,-0.0906940501791692,-0.39379603345277947,-11741.482635280816
frozen_M28,0.934,0.9285214806685025,1.9350351782672273,2.0381557318186414,119.04615362473814,125.39027873306955,0.07983816310314151,-0.28010789126457225,-16977.995244278656
frozen_M28,1.0,0.99433451982265,2.020432614224024,2.118991675555773,124.2999269898173,130.36342252115747,0.168829450046577,-0.2207803666356154,-19863.814605862623
frozen_M28,1.321,1.3144252102541853,2.4632732172633096,2.537714436675552,151.54411926744527,156.12385039672546,0.2627697623038543,-0.15815349179743055,-30779.579400194616
frozen_M28,1.484,1.4769634736197315,2.704209536707673,2.7690752835506087,166.36686896238214,170.35750321563762,0.28141849102720595,-0.14572100598186277,-37188.915985505206
frozen_M28,1.5,1.4929181497783124,2.7284041854361476,2.7919452368580004,167.85535863005103,171.76449571138147,0.277027763741188,-0.1486481575058749,-37676.20373220206
frozen_M28,2.0,1.7650683391714472,3.155324291217395,3.454782166024595,194.12009896610766,212.5431791089496,0.5791735526456716,0.05278236843044781,-71338.53828634726
frozen_M28,2.33,2.33,4.120344795098366,4.16226133412198,253.4895514940509,256.06831739973893,0.6898041617355524,0.1265361078237015,-110802.1202597842
frozen_M28,3.0,3.0,5.387154772088715,5.534212197918469,331.42552745351094,340.4727122817807,0.43344096714665925,-0.04437268856889376,-166166.8676166875
exact_candidate_M28,0.01,0.01,1.006758289899363,1.2010320061990112,61.728459743120396,73.6401741993758,-0.2841709281072329,-0.5227806187381554,-3881.8517615746327
exact_candidate_M28,0.1,0.1,1.0715186789470472,1.2731692227508575,65.69918350907855,78.06320136744266,-0.3504314947359253,-0.5669543298239501,-3958.381745045151
exact_candidate_M28,0.295,0.295,1.2346973814577804,1.3987787612616145,75.70433575855772,85.76483483706949,-0.2030862582868742,-0.4687241721912495,-5861.784212970306
exact_candidate_M28,0.5,0.5,1.4363467883552556,1.6219235587024259,88.06828390855425,99.44675311269529,0.18937509844749356,-0.20708326770167096,-11762.511416713774
exact_candidate_M28,0.51,0.51,1.446896672053723,1.6348804225313807,88.7151403364666,100.24119131627113,0.18855360268841403,-0.20763093154105738,-11942.938930489492
exact_candidate_M28,0.706,0.7020876456081141,1.6612345238454709,1.853155880268694,101.85706882962694,113.62455050092287,-0.09038532622501172,-0.3935902174833411,-11743.61524459443
exact_candidate_M28,0.934,0.9285050178662445,1.9398618940516323,2.045131866336849,118.94085008840534,125.39538173871533,0.07564108151276128,-0.2829059456581592,-16913.38226033886
exact_candidate_M28,1.0,0.9943174952081124,2.025624391934633,2.1258481978140074,124.19929886519112,130.34442945770476,0.16449228079849854,-0.2236718128010009,-19784.339906778834
exact_candidate_M28,1.321,1.3144054531890144,2.4702750935436537,2.5462653440984724,151.46264818091058,156.121920589496,0.2699255524535529,-0.15338296503096482,-30953.234103938317
exact_candidate_M28,1.484,1.4769423290484753,2.7121544176369747,2.780262035480997,166.29325674881247,170.469212773674,0.2922407258732649,-0.13850618275115678,-37552.19566904788
exact_candidate_M28,1.5,1.49289686901014,2.7364425563926327,2.8034208213211755,167.78246166567868,171.88917245394433,0.2877663615208248,-0.14148909231945017,-38048.20018144317
exact_candidate_M28,2.0,1.7676844316536593,3.1692683346257846,3.4728931734772432,194.3207766669096,212.93725475315134,0.5697892546013621,0.046526169734241396,-71177.8152293327
exact_candidate_M28,2.33,2.33,4.133591290601283,4.176753333380468,253.4473528913286,256.09379389594363,0.6849240830637069,0.12328272204247148,-110504.1137546265
exact_candidate_M28,3.0,3.0,5.4049207190003346,5.5661255026673215,331.3977489581142,341.281872186919,0.46170801046925924,-0.02552799302049391,-170249.97941737782
exact_valid_null,0.01,0.01,1.0047185168980033,1.025796498611119,68.08549325044648,69.51385826763772,-0.4754736287964576,-0.6503157525309717,-2534.6039999721197
exact_valid_null,0.1,0.1,1.0503964428353403,1.0740334845957962,71.18089167875739,72.78267329238861,-0.44776087875341475,-0.6318405858356099,-2925.385978607502
exact_valid_null,0.295,0.295,1.1686809952792474,1.1805454905584651,79.19653184224937,80.00053813820891,-0.2481899161589558,-0.4987932774393038,-4811.649269237516
exact_valid_null,0.5,0.5,1.3196595647384728,1.3510332925219948,89.42770624482256,91.55377010780518,0.07769965398472634,-0.2815335640101826,-9033.378532808734
exact_valid_null,0.51,0.51,1.3276739940769704,1.3608078299800703,89.97080997532528,92.21614886656712,0.08129687529490459,-0.27913541647006357,-9195.151952344871
exact_valid_null,0.706,0.7034997553271616,1.4937321587995107,1.5403083137969857,101.22386430173003,104.38013188650898,-0.09392589376619254,-0.3959505958441283,-9871.869414099241
exact_valid_null,0.934,0.9293877226764296,1.711830087617398,1.7009046511738342,116.00343172357152,115.26306144400996,0.16636060923227558,-0.22242626051181635,-15495.769407197704
exact_valid_null,1.0,0.9952303233468764,1.7798646056403502,1.774747181015735,120.61384114645203,120.26705508261533,0.2561653012999181,-0.16255646580005445,-18169.38160523591
exact_valid_null,1.321,1.3154647902440502,2.136432155799719,2.126101180668854,144.77690485175498,144.076818682631,0.148465744614227,-0.2343561702571818,-23840.000861701155
exact_valid_null,1.484,1.478076061596821,2.3323770974774765,2.2940610551317513,158.05525871871615,155.45874377583635,0.09554963865627641,-0.26963357422914913,-26476.609361728544
exact_valid_null,1.5,1.4940379041835956,2.352111087953754,2.310220219814676,159.39254717591032,156.55378151969015,0.09597968687124259,-0.2693468754191717,-26861.460956663937
exact_valid_null,2.0,1.750661848724644,2.6809523578677696,2.860892052745208,181.67671899780964,193.87046548004847,0.653983566119986,0.10265571074665725,-62166.22503570829
exact_valid_null,2.33,2.3299556965598995,3.495925214904315,3.485058579406939,236.90395729772027,236.16757170775827,0.7715602122449825,0.18104014149665515,-98808.98683781516
exact_valid_null,3.0,3.0,4.547807244156767,4.676448916491459,308.1855208385705,316.9030188901755,0.45609432280821904,-0.029270451461187452,-146231.9466497931
