family,m,block,train_chi2,held_cond_chi2,K_H,epsilon,coefficients
legendre,2,0.295,1462.1655430110209,0.014123258794900945,0.9244812102454505,-0.00045969001836171185,"[0.003936779525278076, 0.011211577974132227]"
legendre,2,0.51,1459.0539153889501,3.3482575872991642,0.9238781391683841,0.003718637471479102,"[0.006662174882229074, 0.00967476023871659]"
legendre,2,0.706,1458.5521400184527,4.461225742525687,0.9241394744144594,-0.0019391838395547427,"[0.0020955830354440793, 0.009055824991491651]"
legendre,2,0.934,1459.7327383112417,2.8623609075973455,0.9252660364218593,-0.0028559944735772713,"[0.0023640439901546875, 0.013959497560056862]"
legendre,2,1.321,1461.1263815943107,1.1790408375205128,0.9247849001329147,-0.0014239816798237621,"[0.002513121487157941, 0.011965874250038274]"
legendre,2,1.484,1461.2729864088672,0.9329374515438598,0.9245228378278099,-8.958446795979963e-05,"[0.003919243973461042, 0.011382330581113155]"
legendre,2,2.33,1459.3398709417054,33.61155017854385,0.9264360502002862,-0.0034774895073600627,"[0.03142321953843376, 0.02997403242595855]"
legendre,3,0.295,1459.8704531777585,0.1272691307543599,0.9271266564126553,-0.002311189222319116,"[0.012165312846610843, 0.006868464671649739, -0.01143309899733467]"
legendre,3,0.51,1455.958784053002,4.604237497497993,0.9271264055704047,0.0008601778553716885,"[0.01591252482261163, 0.005272750610229691, -0.013274938517080205]"
legendre,3,0.706,1456.6598342876648,4.000196133669726,0.9266671767553009,-0.004660697086904357,"[0.008723988873382316, 0.005716209102277703, -0.010145618030542565]"
legendre,3,0.934,1458.7709287685475,1.5757258065342137,0.9269916078038191,-0.00470158345706508,"[0.007509608993560501, 0.01059757869078939, -0.007727717481901028]"
legendre,3,1.321,1459.7304025128947,0.24773250998636293,0.9270421247282324,-0.0037699072480055535,"[0.009885228587969658, 0.007827922876821802, -0.01009957429150205]"
legendre,3,1.484,1459.359751750356,0.6185420372982032,0.927091264991633,-0.0032452783217946832,"[0.010530376736555573, 0.00789865676821136, -0.010333460320160706]"
legendre,3,2.33,1459.2966108276294,59.70043251698184,0.9260252981845458,-0.0032669833481523526,"[0.0375889109261864, 0.037388062409995364, 0.0041633135908033135]"
legendre,4,0.295,1458.8169633192895,0.00329215705346024,0.9248239632561306,-0.0028159952264937196,"[0.016920905119908528, 0.014780482560238891, -0.017323409168670742, -0.01173746843837877]"
legendre,4,0.51,1455.271601850003,4.214447347065651,0.9253426787227966,0.0014198866828455932,"[0.02077630174646655, 0.010952983503349258, -0.0184515844286013, -0.009141919672603568]"
legendre,4,0.706,1456.4287757057014,3.283235939919025,0.9256035381856829,-0.004213761039794843,"[0.011798246262806494, 0.009301340727432394, -0.013287762519133058, -0.005553588114846464]"
legendre,4,0.934,1456.8075292239741,3.2255516101813235,0.9237237153218621,-0.0033005953988056065,"[0.015481669926509487, 0.022258112361264966, -0.015659546130085147, -0.016323237422832988]"
legendre,4,1.321,1458.368170255843,0.9471175017561422,0.9244738904973552,-0.0026163113572273654,"[0.022081261662807442, 0.01500566345995924, -0.022618740361758486, -0.015610069116326224]"
legendre,4,1.484,1458.2466972715138,0.5787245487530805,0.9247778163134823,-0.0024194526970042563,"[0.01757681002096697, 0.014950180065298408, -0.017692939185768045, -0.012069387441781518]"
legendre,4,2.33,1458.4390350887,262.51865285730054,0.923588922048525,-0.0017058664417473545,"[-0.035855597809566715, -0.044301671467857066, -0.06411729364599668, -0.031431322068074315]"
legendre,5,0.295,1458.8095547700725,0.003380683184165977,0.9245656333116793,-0.002602793897607065,"[0.01591857285523818, 0.01404085105251017, -0.017591873410507622, -0.010662844628853415, 0.0013718646750969545]"
legendre,5,0.51,1455.213013962057,4.351305153438675,0.9245856454105515,0.002189183322706864,"[0.018101606055398775, 0.008796921743989309, -0.019441102654745572, -0.0060633020488621275, 0.004055119277394628]"
legendre,5,0.706,1456.421963826647,3.280428095813274,0.9253567753596235,-0.003991365274467324,"[0.010845413682028994, 0.008573428295814518, -0.01354803999442522, -0.00450672715526864, 0.0013209411422060433]"
legendre,5,0.934,1455.4087448914177,10.86081252280526,0.927638252161662,-0.007196567424236719,"[0.03435287153824389, 0.04331275645584072, -0.009722608294237784, -0.041425823146391365, -0.02616746569376759]"
legendre,5,1.321,1458.3677215848063,0.9382740505014475,0.924412327746505,-0.0025657989043997957,"[0.02179562431527343, 0.014815374356558348, -0.022650176951280607, -0.015313232041286479, 0.0003422185563869973]"
legendre,5,1.484,1458.2461008060445,0.5753629803018141,0.924704355572931,-0.0023566500138364928,"[0.01724650060071605, 0.014717293837818288, -0.017742604491431863, -0.011717884858865537, 0.00040990014661985654]"
legendre,5,2.33,1456.418993231252,5448.562423890092,0.9283345684967212,-0.006991151433654197,"[-0.33279393443177274, -0.39576496659673277, -0.3631145929811631, -0.22176748893815215, -0.07150641285209587]"
legendre,6,0.295,1454.7739706312225,0.7328205749643537,0.9318476523396849,-0.015096019128089392,"[-0.035445323696084025, -0.027370025131302, -0.03157156031082692, 0.00822130548423368, 0.05829202423414532, 0.04785889527529419]"
legendre,6,0.51,1452.2537956797382,3.69515206575718,0.9307583522476965,-0.006270108995644697,"[-0.023100693020703864, -0.027390137183729044, -0.03133235509397402, 0.011254045207910495, 0.05139219085166155, 0.03940453173015824]"
legendre,6,0.706,1454.3014725012365,1.4005407131935341,0.9307741501416663,-0.011136578035967862,"[-0.023880513333105872, -0.02177069569598962, -0.025155231931740928, 0.008551958631773972, 0.04287704805323431, 0.03525379502792659]"
legendre,6,0.934,1453.421332121427,6.395092367450826,0.9322687921135052,-0.013127248821684466,"[-0.0033892082620425095, 0.0065272680123454885, -0.02123306727601381, -0.02029694692861214, 0.01875837949478312, 0.03282641502803821]"
legendre,6,1.321,1452.1576320415263,10.208180811762915,0.9344396480504311,-0.016089346274286286,"[-0.027880217003309716, -0.040201910600893814, -0.05453788030460134, -0.001451277812566462, 0.0722850114931613, 0.064185760832874]"
legendre,6,1.484,1454.6110322269017,0.6589442031178407,0.9316483447444335,-0.011535131962568265,"[-0.033744011550371676, -0.029215596060696153, -0.02937784683517882, 0.01243069572658704, 0.05669421776661072, 0.045011241019646986]"
legendre,6,2.33,1452.7369712186085,19969.182232907646,0.9352769485505684,-0.016312584074076656,"[0.1317254367276981, 0.1847949837263709, 0.18144445401429088, 0.18097229560542688, 0.1689169296504374, 0.09134691477552498]"
