z,observable,D_obs,sigma_marginal,winner,g10,delta,resid_m28_sigma,resid_g10_sigma
0.295,D_V_over_r_d,7.94167639,0.07609196324185624,7.993713200686149,7.896589598803396,0.09712360188275326,0.683867368762085,-0.5925302656904331
0.51,D_M_over_r_d,13.58758434,0.16836678472905517,13.346781713133364,13.214540281918712,0.13224143121465204,-1.4302264383925125,-2.215663016203641
0.51,D_H_over_r_d,21.86294686,0.42886832478046216,22.05098621114068,22.102199935846432,-0.051213724705753805,0.43845474304248205,0.5578707076791106
0.706,D_M_over_r_d,17.35069094,0.17993122074837373,17.337622036818136,17.24717142591837,0.09045061089976514,-0.07263277116393468,-0.5753282484888872
0.706,D_H_over_r_d,19.45534918,0.33387003159912393,19.452996460254855,19.524536086997124,-0.07153962674226833,-0.007046813198162438,0.20722706577090177
0.934,D_M_over_r_d,21.57563956,0.1617815860968114,21.632296105616224,21.556630079099545,0.07566602651667864,0.3502039198844344,-0.11750089339017082
0.934,D_H_over_r_d,17.64149464,0.20104324858099562,17.629057474392052,17.69145946418252,-0.06240198979046596,-0.061863134901236426,0.24852773985288723
1.321,D_M_over_r_d,27.60085612,0.32455587500459765,27.750458160677407,27.65970421159768,0.09075394907972623,0.4609438688339524,0.18131883022252496
1.321,D_H_over_r_d,14.17602155,0.22455135092000672,14.158710696016023,14.149305528645861,0.009405167370161394,-0.07709084765267689,-0.11897510856505882
1.484,D_M_over_r_d,30.51190063,0.763557644844186,29.959492682976045,29.87880372088119,0.08068896209485388,-0.7234659370566332,-0.8291409475023992
1.484,D_H_over_r_d,12.81699964,0.5180117691713191,12.975726861394932,13.111812460159143,-0.1360855987642111,0.30641624542402357,0.569123787729311
2.33,D_H_over_r_d,8.631545674846294,0.10106245296844917,8.632510468152029,8.633306118252586,-0.0007956501005565997,0.009546505921805717,0.017419361539163382
2.33,D_M_over_r_d,38.988973961958784,0.5316820280957407,38.98024029165732,38.99203232280986,-0.011792031152545235,-0.01642649147413803,0.0057522366554910356
