z,u,W_E,g_E
0.0,0.0,2.789468092090806e-10,-3.509270700507638e-11
0.010033444816053512,0.009983443984183212,2.903116181965158e-10,-3.65224488009963e-11
0.020066889632107024,0.019868203216725198,3.0202020783386095e-10,-3.7995439679619516e-11
0.030100334448160536,0.029656209582888043,3.1407944201157964e-10,-3.9512543147854885e-11
0.04013377926421405,0.03934933878854771,3.2649625246748737e-10,-4.10746312480996e-11
0.05016722408026756,0.04894941251756694,3.3927763878674997e-10,-4.268258455823904e-11
0.06020066889632107,0.05845820048659419,3.524306684018849e-10,-4.4337292191646865e-11
0.07023411371237459,0.06787742240308581,3.659624765927605e-10,-4.6039651797185e-11
0.0802675585284281,0.07720874983197011,3.798802664865956e-10,-4.77905695592035e-11
0.0903010033444816,0.08645380797602122,3.9419130905795844e-10,-4.959096019754052e-11
0.10033444816053512,0.09561417737468547,4.0890294312877166e-10,-5.1441746967522833e-11
0.11036789297658864,0.10469139552580212,4.2402257536830594e-10,-5.334386165996511e-11
0.12040133779264214,0.11368695843438001,4.395576802931816e-10,-5.529824460117006e-11
0.13043478260869565,0.12260232209233235,4.5551580026736943e-10,-5.7305844652928605e-11
0.14046822742474918,0.1314389038928304,4.719045455021946e-10,-5.93676192125203e-11
0.1505016722408027,0.14019808398271194,4.88731594056329e-10,-6.148453421271243e-11
0.1605351170568562,0.14888120655617276,5.060046918357931e-10,-6.365756412176018e-11
0.1705685618729097,0.15748958109277295,5.237316525939636e-10,-6.588769194340765e-11
0.1806020066889632,0.16602448354261035,5.419203579315613e-10,-6.817590921688637e-11
0.19063545150501673,0.17448715746134405,5.605787572966598e-10,-7.052321601691622e-11
0.20066889632107024,0.18287881509759246,5.797148679846813e-10,-7.293062095370511e-11
0.21070234113712374,0.1912006384350846,5.993367751383993e-10,-7.539914117294919e-11
0.22073578595317728,0.1994537801918051,6.194526317479383e-10,-7.792980235583287e-11
0.23076923076923078,0.20763936477824452,6.400706586507664e-10,-8.052363871902786e-11
0.2408026755852843,0.21575848921674873,6.611991445317098e-10,-8.3181693014695e-11
0.2508361204013378,0.2238122240238455,6.828464459229355e-10,-8.59050165304821e-11
0.2608695652173913,0.23180161405732433,7.050209872039666e-10,-8.869466908952583e-11
0.2709030100334448,0.239727679329745,7.27731260601673e-10,-9.155171905045061e-11
0.28093645484949836,0.24759141578995958,7.509858261902741e-10,-9.447724330736885e-11
0.29096989966555187,0.2553937960741445,7.747933118913343e-10,-9.74723272898805e-11
0.3010033444816054,0.2631357702277599,7.99162413473775e-10,-1.0053806496307449e-10
0.3110367892976589,0.27081826639977613,8.241018945538588e-10,-1.0367555882752675e-10
0.3210702341137124,0.2784421915104355,8.496205865951991e-10,-1.0688591991930144e-10
0.3311036789297659,0.2860084318937513,8.757273889087647e-10,-1.101702678099515e-10
0.3411371237458194,0.29351785391588275,9.024312686528576e-10,-1.1352973060651587e-10
0.3511705685618729,0.3009713045704636,9.297412608331461e-10,-1.1696544495152366e-10
0.3612040133779264,0.30836961205190855,9.576664683026341e-10,-1.204785560229903e-10
0.37123745819397996,0.3157135863076671,9.86216061761677e-10,-1.2407021753441948e-10
0.38127090301003347,0.32300401957034636,1.0153992797579803e-09,-1.2774159173480308e-10
0.391304347826087,0.33024168687057687,1.0452254286865969e-09,-1.314938494086207e-10
0.4013377926421405,0.33742734653145134,1.075703882789921e-09,-1.3532816987583903e-10
0.411371237458194,0.3445617406453254,1.1068440841577024e-09,-1.392457409919135e-10
0.4214046822742475,0.3516455955337304,1.1386555427270373e-09,-1.4324775914778727e-10
0.431438127090301,0.3586796221911104,1.171147836282367e-09,-1.4733542926989096e-10
0.44147157190635455,0.3656645167130614,1.2043306104554754e-09,-1.515099648201424e-10
0.45150501672240806,0.37260096070971843,1.2382135787255006e-09,-1.55772587795948e-10
0.46153846153846156,0.37948962170490375,1.272806522418928e-09,-1.6012452873020208e-10
0.47157190635451507,0.38633115352162045,1.3081192907095807e-09,-1.6456702669128534e-10
0.4816053511705686,0.3931261966544492,1.3441618006186353e-09,-1.691013292830672e-10
0.4916387959866221,0.39987537862937766,1.3809440370146175e-09,-1.73728692644905e-10
0.5016722408026756,0.40657931435156786,1.4184760526133914e-09,-1.7845038145164276e-10
0.5117056856187291,0.41323860644154475,1.4567679679781716e-09,-1.8326766891361267e-10
0.5217391304347826,0.41985384556026395,1.4958299715195178e-09,-1.881818367766344e-10
0.5317725752508361,0.4264256107234985,1.5356723194953302e-09,-1.9319417532201456e-10
0.5418060200668896,0.43295446960596207,1.5763053360108622e-09,-1.9830598336654829e-10
0.5518394648829431,0.4394409788355688,1.6177394130187112e-09,-2.0351856826251806e-10
0.5618729096989967,0.44588568427821096,1.659985010318817e-09,-2.0883324589769354e-10
0.5719063545150502,0.4522891213134179,1.7030526555584683e-09,-2.1425134069533232e-10
0.5819397993311037,0.4586518151012466,1.7469529442322821e-09,-2.197741856141774e-10
0.5919732441471572,0.4649742808407336,1.7916965396822425e-09,-2.2540312214846206e-10
0.6020066889632107,0.47125702402022884,1.837294173097668e-09,-2.3113950032790575e-10
0.6120401337792643,0.4775005406599139,1.883756643515219e-09,-2.3698467871771496e-10
0.6220735785953178,0.4837053175467968,1.931094817818896e-09,-2.4294002441858307e-10
0.6321070234113713,0.4898718324624608,1.97931963074006e-09,-2.4900691306669286e-10
0.6421404682274248,0.49600055440383417,2.0284420848573984e-09,-2.551867288337124e-10
0.6521739130434783,0.5020919437972361,2.0784732505969415e-09,-2.614808644267968e-10
0.6622073578595318,0.5081464527059423,2.1294242662320753e-09,-2.6789072108859015e-10
0.6722408026755853,0.5141645250315053,2.181306337883524e-09,-2.74417708597223e-10
0.6822742474916388,0.5201465967090528,2.2341307395193378e-09,-2.810632452663112e-10
0.6923076923076923,0.5260930958967791,2.2879088129549382e-09,-2.878287579449612e-10
0.7023411371237458,0.5320044431598363,2.3426519678530687e-09,-2.9471568201776424e-10
0.7123745819397993,0.5378810516488213,2.3983716817238054e-09,-3.017254614047973e-10
0.7224080267558528,0.5437233272730497,2.4550794999246e-09,-3.088595485616288e-10
0.7324414715719064,0.5495316688687967,2.512787035660215e-09,-3.1611940447931025e-10
0.7424749163879599,0.5553064683626805,2.571505969982753e-09,-3.2350649868438017e-10
0.7525083612040134,0.5610481109303558,2.631248051791689e-09,-3.3102230923886796e-10
0.7625418060200669,0.5667569751506759,2.692025097833792e-09,-3.3866832274028403e-10
0.7725752508361204,0.5724334331554811,2.7538489927032207e-09,-3.464460343216319e-10
0.782608695652174,0.5780778507751582,2.816731688841425e-09,-3.543569476513959e-10
0.7926421404682275,0.5836905876801156,2.880685206537233e-09,-3.624025749335519e-10
0.802675585284281,0.5892719975183107,2.9457216339267836e-09,-3.705844369075592e-10
0.8127090301003345,0.5948224280489598,3.011853126993578e-09,-3.7890406284836635e-10
0.822742474916388,0.6003422212725577,3.0790919095684495e-09,-3.873629905664081e-10
0.8327759197324415,0.6058317135573291,3.147450273329546e-09,-3.9596276640760276e-10
0.842809364548495,0.6112912357622281,3.2169405778023895e-09,-4.047049452533598e-10
0.8528428093645485,0.6167211133565974,3.287575250359814e-09,-4.1359109052057197e-10
0.862876254180602,0.6221216665365976,3.3593667862220074e-09,-4.2262277416162064e-10
0.8729096989966555,0.6274932103385085,3.4323277484564843e-09,-4.3180157666437247e-10
0.8829431438127091,0.632836054749004,3.506470767978084e-09,-4.411290870521789e-10
0.8929765886287626,0.6381505048124966,3.581808543549013e-09,-4.506069028838817e-10
0.9030100334448161,0.6434368607356445,3.6583538417787986e-09,-4.6023663025380717e-10
0.9130434782608696,0.6486954179891115,3.736119497124284e-09,-4.700198837917653e-10
0.9230769230769231,0.653926467406664,3.815118411889664e-09,-4.799582866630545e-10
0.9331103678929766,0.6591302952816911,3.895363556226489e-09,-4.900534705684619e-10
0.9431438127090301,0.6643071834612249,3.976867968133617e-09,-5.003070757442575e-10
0.9531772575250836,0.6694574094375406,4.059644753457233e-09,-5.107207509621965e-10
0.9632107023411371,0.67458124643741,4.1437070858908885e-09,-5.212961535295243e-10
0.9732441471571907,0.6796789635090787,4.229068206975441e-09,-5.320349492889688e-10
0.9832775919732442,0.684750825607039,4.3157414260990834e-09,-5.429388126187443e-10
0.9933110367892977,0.6897970936746634,4.403740120497351e-09,-5.540094264325521e-10
1.0033444816053512,0.694818024724763,4.493077735253119e-09,-5.652484821795805e-10
1.0133779264214047,0.6998138719181346,4.583767783296557e-09,-5.766576798444989e-10
1.0234113712374582,0.704784884640155,4.675823845405201e-09,-5.882387279474668e-10
1.0334448160535117,0.7097313085754806,4.76925957020391e-09,-5.999933435441283e-10
1.0434782608695652,0.7146533857809089,4.864088674164875e-09,-6.119232522256137e-10
1.0535117056856187,0.719551354756456,4.960324941607613e-09,-6.240301881185382e-10
1.0635451505016722,0.7244254505147014,5.057982224698947e-09,-6.363158938849996e-10
1.0735785953177257,0.7292759046484508,5.157074443453078e-09,-6.487821207225871e-10
1.0836120401337792,0.7341029453967667,5.2576155857315105e-09,-6.614306283643725e-10
1.0936454849498327,0.738906797709412,5.359619707243049e-09,-6.742631850789094e-10
1.1036789297658862,0.7436876833097541,5.463100931543865e-09,-6.872815676702416e-10
1.1137123745819397,0.7484458207561709,5.568073450037447e-09,-7.004875614778965e-10
1.1237458193979935,0.7531814255020053,5.674551521974606e-09,-7.138829603768868e-10
1.133779264214047,0.7578947099541036,5.782549474453503e-09,-7.274695667777128e-10
1.1438127090301005,0.7625858835299837,5.89208170241956e-09,-7.412491916263521e-10
1.153846153846154,0.7672551527136673,6.003162668665576e-09,-7.552236544042734e-10
1.1638795986622075,0.7719027211102142,6.115806903831686e-09,-7.693947831284321e-10
1.173913043478261,0.7765287894989964,6.230029006405322e-09,-7.837644143512649e-10
1.1839464882943145,0.7811335558857446,6.345843642721229e-09,-7.98334393160692e-10
1.193979933110368,0.7857172155534027,6.463265546961486e-09,-8.131065731801196e-10
1.2040133779264215,0.7902799611118209,6.5823095211555305e-09,-8.280828165684432e-10
1.214046822742475,0.7948219825463219,6.702990435180065e-09,-8.432649940200359e-10
1.2240802675585285,0.7993434672651678,6.825323226759117e-09,-8.586549847647552e-10
1.234113712374582,0.8038446001459594,6.949322901464119e-09,-8.742546765679542e-10
1.2441471571906355,0.8083255635809954,7.0750045327137014e-09,-8.900659657304548e-10
1.254180602006689,0.8127865375216207,7.2023832617739245e-09,-9.060907570885769e-10
1.2642140468227425,0.8172276995215886,7.331474297758045e-09,-9.223309640141094e-10
1.274247491638796,0.821649224779466,7.462292917626794e-09,-9.38788508414345e-10
1.2842809364548495,0.8260512861801037,7.594854466188062e-09,-9.554653207320402e-10
1.294314381270903,0.8304340543351988,7.729174356097189e-09,-9.723633399454525e-10
1.3043478260869565,0.8347976976229722,7.865268067856718e-09,-9.89484513568309e-10
1.31438127090301,0.8391423822269831,8.003151149816616e-09,-1.0068307976498339e-09
1.3244147157190636,0.8434682721741057,8.142839218174075e-09,-1.024404156774724e-09
1.334448160535117,0.847775529371686,8.284347956973641e-09,-1.0422065640631648e-09
1.3444816053511706,0.8520643136439037,8.427693118107176e-09,-1.0602400011708256e-09
1.354515050167224,0.856334782767356,8.572890521313842e-09,-1.0785064582888574e-09
1.3645484949832776,0.8605870925058863,8.719956054180126e-09,-1.0970079341438961e-09
1.374581939799331,0.8648213966446747,8.868905672139827e-09,-1.1157464359980616e-09
1.3846153846153846,0.8690378470236095,9.019755398474041e-09,-1.1347239796489542e-09
1.394648829431438,0.8732365935699592,9.172521324311204e-09,-1.1539425894296617e-09
1.4046822742474916,0.8774177843303602,9.32721960862703e-09,-1.1734042982087508e-09
1.414715719063545,0.8815815655021397,9.483866478244552e-09,-1.1931111473902727e-09
1.4247491638795986,0.8857280814639883,9.642478227834072e-09,-1.213065186913756e-09
1.434782608695652,0.8898574748059995,9.803071219913337e-09,-1.23326847525423e-09
1.4448160535117056,0.893969886359092,9.965661884847194e-09,-1.2537230794221798e-09
1.4548494983277593,0.8980654552238292,1.0130266720847965e-08,-1.2744310749635952e-09
1.4648829431438128,0.9021443187986502,1.0296902293975215e-08,-1.2953945459599403e-09
1.4749163879598663,0.906206612807529,1.0465585238135795e-08,-1.3166155850281591e-09
1.4849498327759199,0.9102524713270728,1.0636332255083904e-08,-1.3380962933206839e-09
1.4949832775919734,0.9142820268130745,1.0809160114420978e-08,-1.3598387805254202e-09
1.5050167224080269,0.918295410126533,1.0984085653595851e-08,-1.3818451648657687e-09
1.5150501672240804,0.9222927505591534,1.116112577790455e-08,-1.4041175731005972e-09
1.5250836120401339,0.9262741758583384,1.1340297460490542e-08,-1.4266581405242738e-09
1.5351170568561874,0.9302398122516853,1.1521617742344373e-08,-1.4494690109666206e-09
1.5451505016722409,0.9341897844709994,1.1705103732304149e-08,-1.4725523367929737e-09
1.5551839464882944,0.938124215775834,1.189077260705509e-08,-1.4959102789041284e-09
1.565217391304348,0.9420432279765698,1.2078641611129805e-08,-1.5195450067363722e-09
1.5752508361204014,0.9459469414570432,1.2268728056908099e-08,-1.543458698261462e-09
1.585284280936455,0.9498354751967355,1.246104932461718e-08,-1.567653539986649e-09
1.5953177257525084,0.9537089467925324,1.2655622862331503e-08,-1.59213172695466e-09
1.605351170568562,0.9575674724800618,1.285246618597281e-08,-1.6168954627437011e-09
1.6153846153846154,0.9614111671546246,1.3051596879310188e-08,-1.6419469594674675e-09
1.625418060200669,0.965240144391722,1.325303259395995e-08,-1.6672884377751253e-09
1.6354515050167224,0.9690545164671927,1.345679104938567e-08,-1.6929221268513181e-09
1.645484949832776,0.9728543943769674,1.3662890032898342e-08,-1.718850264416187e-09
1.6555183946488294,0.9766398878564493,1.3871347399656128e-08,-1.7450750967253376e-09
1.665551839464883,0.9804111053995286,1.4082181072664516e-08,-1.7715988785698607e-09
1.6755852842809364,0.9841681542772409,1.4295409042776345e-08,-1.7984238732763352e-09
1.68561872909699,0.9879111405560752,1.4511049368691615e-08,-1.8255523527068051e-09
1.6956521739130435,0.9916401691159419,1.4729120176957667e-08,-1.8529865972588008e-09
1.705685618729097,0.9953553436678053,1.494963966196918e-08,-1.880728895865339e-09
1.7157190635451505,0.9990567667709915,1.5172626085968024e-08,-1.908781545994905e-09
1.725752508361204,1.0027445398501762,1.5398097779043463e-08,-1.937146853651478e-09
1.7357859531772575,1.0064187632120607,1.562607313913195e-08,-1.9658271333745043e-09
1.745819397993311,1.0100795360617418,1.5856570632017203e-08,-1.9948247082389077e-09
1.7558528428093645,1.0137269565187852,1.6089608791330275e-08,-2.0241419098550995e-09
1.7658862876254182,1.017361121633005,1.6325206218549517e-08,-2.053781078368971e-09
1.7759197324414717,1.0209821273999573,1.656338158300045e-08,-2.083744562461879e-09
1.7859531772575252,1.0245900687761562,1.680415362185597e-08,-2.1140347193506735e-09
1.7959866220735787,1.0281850396940153,1.7047541140136265e-08,-2.1446539147876832e-09
1.8060200668896322,1.03176713307652,1.729356301070863e-08,-2.175604523060695e-09
1.8160535117056857,1.0353364408516403,1.754223817428785e-08,-2.206888926993002e-09
1.8260869565217392,1.0388930539664876,1.7793585639435856e-08,-2.238509517943359e-09
1.8361204013377928,1.0424370624012167,1.8047624482561757e-08,-2.270468695805988e-09
1.8461538461538463,1.0459685551826876,1.830437384792222e-08,-2.302768869010624e-09
1.8561872909698998,1.0494876203978833,1.8563852947620905e-08,-2.3354124545224477e-09
1.8662207357859533,1.0529943452070933,1.8826081061608828e-08,-2.3684018778421264e-09
1.8762541806020068,1.056488815856867,1.9091077537684342e-08,-2.4017395730058143e-09
1.8862876254180603,1.0599711176927415,1.93588617914929e-08,-2.435427982585123e-09
1.8963210702341138,1.0634413351717487,1.9629453306527375e-08,-2.4694695576871603e-09
1.9063545150501673,1.0668995518747058,1.990287163412775e-08,-2.503866757954492e-09
1.9163879598662208,1.0703458505182932,2.0179136393481544e-08,-2.538622051565196e-09
1.9264214046822743,1.073780312966928,2.0458267271623133e-08,-2.573737915232776e-09
1.9364548494983278,1.0772030202444303,2.0740284023434454e-08,-2.6092168342062494e-09
1.9464882943143813,1.080614052545493,2.1025206471644648e-08,-2.6450613022701053e-09
1.9565217391304348,1.084013489246957,2.131305450683004e-08,-2.6812738217442983e-09
1.9665551839464883,1.087401408918893,2.1603848087414195e-08,-2.7178569034842582e-09
1.9765886287625418,1.0907778893354991,2.189760723966795e-08,-2.754813066880893e-09
1.9866220735785953,1.0941430074858127,2.2194352057709562e-08,-2.792144839860607e-09
1.9966555183946488,1.097496839584244,2.2494102703504186e-08,-2.8298547588852366e-09
2.0066889632107023,1.1008394610809338,2.2796879406864643e-08,-2.867945368952145e-09
2.016722408026756,1.1041709466719372,2.3102702465450586e-08,-2.90641922359412e-09
2.0267558528428093,1.1074913703092397,2.3411592244769216e-08,-2.9452788848794602e-09
2.036789297658863,1.1108008052106069,2.3723569178174832e-08,-2.984526923411923e-09
2.0468227424749164,1.1140993238692718,2.4038653766869047e-08,-3.024165918330748e-09
2.05685618729097,1.1173869980634636,2.4356866579900595e-08,-3.064198457310633e-09
2.0668896321070234,1.1206638988657784,2.4678228254165634e-08,-3.1046271365617766e-09
2.076923076923077,1.1239300966523995,2.5002759494407356e-08,-3.145454560829823e-09
2.0869565217391304,1.1271856611121658,2.5330481073216383e-08,-3.1866833433959143e-09
2.096989966555184,1.130430661255493,2.566141383103048e-08,-3.228316106076657e-09
2.1070234113712374,1.1336651654231522,2.59955786761345e-08,-3.2703554792241104e-09
2.117056856187291,1.1368892412949048,2.6332996584660803e-08,-3.3128041017258433e-09
2.1270903010033444,1.1401029558980005,2.6673688600588765e-08,-3.3556646210048705e-09
2.137123745819398,1.1433063756155382,2.701767583574508e-08,-3.3989396930196893e-09
2.1471571906354514,1.1464995661946933,2.7364979469803797e-08,-3.442631982264287e-09
2.157190635451505,1.1496825927548142,2.7715620750285863e-08,-3.4867441617680822e-09
2.1672240802675584,1.1528555197953918,2.8069620992559614e-08,-3.5312789130959866e-09
2.177257525083612,1.1560184112039,2.8427001579840795e-08,-3.576238926348407e-09
2.1872909698996654,1.1591713302635156,2.8787783963192124e-08,-3.621626900161191e-09
2.197324414715719,1.162314339660715,2.9151989661523545e-08,-3.667445541705658e-09
2.2073578595317724,1.1654475014927517,2.9519640261592315e-08,-3.7136975666886126e-09
2.217391304347826,1.16857087727502,2.9890757418002876e-08,-3.760385699352326e-09
2.2274247491638794,1.1716845279482995,3.0265362853206953e-08,-3.807512672474547e-09
2.237458193979933,1.1747885138858907,3.064347835750336e-08,-3.855081227368484e-09
2.247491638795987,1.1778828949006386,3.102512578903811e-08,-3.903094113882809e-09
2.25752508361204,1.1809677302518486,3.141032707380461e-08,-3.951554090401694e-09
2.267558528428094,1.1840430786520963,3.1799104205643154e-08,-4.000463923844735e-09
2.277591973244147,1.1871089982739311,3.21914792462416e-08,-4.049826389667047e-09
2.287625418060201,1.1901655467564802,3.258747432513478e-08,-4.0996442718591835e-09
2.297658862876254,1.193212781211949,3.2987111639704754e-08,-4.1499203629471726e-09
2.307692307692308,1.1962507582320256,3.3390413455180794e-08,-4.200657463992512e-09
2.317725752508361,1.1992795338941864,3.379740210463946e-08,-4.25185838459218e-09
2.327759197324415,1.2022991637679064,3.4208099989004324e-08,-4.303525942878599e-09
2.3377926421404682,1.2053097029207775,3.46225295770464e-08,-4.355662965519694e-09
2.347826086956522,1.2083112059245342,3.504071340538371e-08,-4.408272287718833e-09
2.3578595317725752,1.211303726860988,3.546267407848136e-08,-4.4613567532148405e-09
2.367892976588629,1.2142873193278758,3.588843426865184e-08,-4.51491921428203e-09
2.3779264214046822,1.2172620364446187,3.631801671605485e-08,-4.56896253173019e-09
2.387959866220736,1.220227930857997,3.6751444228697174e-08,-4.623489574904559e-09
2.3979933110367893,1.2231850547477408,3.718873968243261e-08,-4.678503221685825e-09
2.408026755852843,1.2261334598320384,3.7629926020962546e-08,-4.7340063584901925e-09
2.4180602006688963,1.2290731973729634,3.807502625583533e-08,-4.7900018802693055e-09
2.42809364548495,1.232004318181822,3.852406346644616e-08,-4.846492690510235e-09
2.4381270903010033,1.234926872624424,3.8977060800037996e-08,-4.903481701235587e-09
2.448160535117057,1.2378409106262735,3.943404147170056e-08,-4.960971833003387e-09
2.4581939799331103,1.240746481677688,3.989502876437091e-08,-5.018966014907144e-09
2.468227424749164,1.2436436348388409,4.036004602883326e-08,-5.077467184575831e-09
2.4782608695652173,1.246532418744732,4.082911668371887e-08,-5.136478288173872e-09
2.488294314381271,1.249412881610086,4.130226421550634e-08,-5.196002280401176e-09
2.4983277591973243,1.2522850712341818,4.1779512178521264e-08,-5.2560421244930986e-09
2.508361204013378,1.2551490350056107,4.2260884194936374e-08,-5.316600792220452e-09
2.5183946488294313,1.2580048199069687,4.2746403954771876e-08,-5.3776812638895565e-09
2.528428093645485,1.2608524725194805,4.323609521589468e-08,-5.439286528342137e-09
2.5384615384615383,1.2636920390275583,4.3729981804019257e-08,-5.501419582955434e-09
2.548494983277592,1.2665235652232967,4.422808761270672e-08,-5.564083433642085e-09
2.5585284280936453,1.2693470965109033,4.4730436603365806e-08,-5.627281094850254e-09
2.568561872909699,1.272162677911067,4.523705280525245e-08,-5.691015589563571e-09
2.578595317725753,1.2749703540652655,4.574796031546909e-08,-5.755289949301047e-09
2.588628762541806,1.277770169240012,4.626318329896598e-08,-5.820107214117242e-09
2.59866220735786,1.2805621673310434,4.678274598853998e-08,-5.88547043260211e-09
2.608695652173913,1.2833463918674481,4.730667268483581e-08,-5.951382661881156e-09
2.618729096989967,1.2861228860157405,4.783498775634438e-08,-6.0178469676152286e-09
2.62876254180602,1.2888916925838736,4.83677156394044e-08,-6.084866424000719e-09
2.638795986622074,1.2916528540252017,4.8904880838201605e-08,-6.152444113769469e-09
2.648829431438127,1.2944064124423844,4.944650792476858e-08,-6.220583128188743e-09
2.658862876254181,1.2971524095912401,4.999262153898513e-08,-6.289286567061277e-09
2.668896321070234,1.2998908868845438,5.054324638857864e-08,-6.358557538725327e-09
2.678929765886288,1.3026218853957756,5.109840724912284e-08,-6.428399160054507e-09
2.688963210702341,1.305345445862816,5.165812896403906e-08,-6.498814556457953e-09
2.698996655518395,1.3080616086915937,5.2222436444595665e-08,-6.569806861880249e-09
2.709030100334448,1.3107704139596805,5.279135466990814e-08,-6.641379218801436e-09
2.719063545150502,1.3134719014198413,5.336490868693908e-08,-6.713534778237017e-09
2.729096989966555,1.3161661105035327,5.3943123610497764e-08,-6.7862766997378955e-09
2.739130434782609,1.318853080324358,5.452602462324132e-08,-6.8596081513905285e-09
2.749163879598662,1.3215328496814736,5.511363697567352e-08,-6.93353230981677e-09
2.759197324414716,1.32420545706295,5.5705985986145405e-08,-7.008052360173956e-09
2.769230769230769,1.32687094064909,5.630309704085461e-08,-7.083171496154809e-09
2.779264214046823,1.3295293383156999,5.690499559384663e-08,-7.1588929199876105e-09
2.789297658862876,1.33218068763732,5.751170716701343e-08,-7.235219842436016e-09
2.79933110367893,1.3348250258904102,5.812325735009448e-08,-7.312155482799188e-09
2.809364548494983,1.3374623900564957,5.873967180067609e-08,-7.389703068911714e-09
2.819397993311037,1.340092816825269,5.9360976244191516e-08,-7.467865837143619e-09
2.82943143812709,1.3427163425976536,5.998719647392151e-08,-7.546647032400436e-09
2.839464882943144,1.3453330034888253,6.061835835099356e-08,-7.626049908123103e-09
2.849498327759197,1.3479428353311962,6.125448780438222e-08,-7.70607772628802e-09
2.859531772575251,1.3505458736773586,6.18956108309094e-08,-7.786733757407064e-09
2.869565217391304,1.3531421538029902,6.254175349524374e-08,-7.868021280527533e-09
2.879598662207358,1.355731710709724,6.319294192990129e-08,-7.949943583232217e-09
2.8896321070234112,1.358314579127978,6.384920233524433e-08,-8.03250396163925e-09
2.899665551839465,1.3608907935197512,6.451056097948346e-08,-8.115705720402377e-09
2.9096989966555187,1.363460388081382,6.51770441986756e-08,-8.199552172710708e-09
2.919732441471572,1.3660233967462716,6.584867839672451e-08,-8.284046640288766e-09
2.9297658862876257,1.368579853187573,6.652549004538125e-08,-8.369192453396567e-09
2.939799331103679,1.3711297908208455,6.720750568424414e-08,-8.454992950829596e-09
2.9498327759197327,1.373673242806676,6.789475192075857e-08,-8.541451479918795e-09
2.959866220735786,1.3762102420532645,6.858725543021618e-08,-8.628571396530452e-09
2.9698996655518397,1.3787408212189818,6.928504295575629e-08,-8.716356065066389e-09
2.979933110367893,1.3812650127148887,6.998814130836553e-08,-8.804808858463908e-09
2.9899665551839467,1.3837828487072297,7.069657736687694e-08,-8.893933158195682e-09
3.0,1.3862943611198906,7.141037807797074e-08,-8.983732354269851e-09
3.0,1.3862943611198906,7.141037807797074e-08,-8.983732354269851e-09
3.0896568471034915,1.4084610660711756,7.803129960598637e-08,-9.816672727185547e-09
3.1819931442844953,1.4307879616661443,8.532074268709047e-08,-1.0733715983570786e-08
3.2770889685583198,1.4532726306553367,9.335003698802298e-08,-1.1743835701946764e-08
3.375026790091177,1.4759126432402414,1.0219842919180804e-07,-1.2857001455496179e-08
3.4758915437209743,1.4987055595307717,1.1195398773786347e-07,-1.4084292632255936e-08
3.5797707026155443,1.5216489319416993,1.2271461324760533e-07,-1.5438025550999174e-08
3.6867543541321974,1.5447403075249124,1.3458916718797878e-07,-1.693189545195639e-08
3.796935277944385,1.5679772302346986,1.4769873283517797e-07,-1.8581135131468738e-08
3.9104090265032223,1.5913572431235852,1.6217802429396812e-07,-2.0402692202672143e-08
4.027274007903659,1.6148778904665995,1.781769612269929e-07,-2.2415427203209504e-08
4.147631571227154,1.6385367198121217,1.9586242907834248e-07,-2.464033503891779e-08
4.271586094434863,1.6623312839578155,2.154202469648365e-07,-2.710079255300587e-08
4.399245074887578,1.6862591428504208,2.37057368088648e-07,-2.982283534741597e-08
4.530719222570906,1.710317865408478,2.6100434053177315e-07,-3.2835467361339976e-08
4.666122556106536,1.7345050312673267,2.8751805966649965e-07,-3.6171007136281254e-08
4.805572501632868,1.7588182324459876,3.1688484720145326e-07,-3.9865475173275415e-08
4.949189994640748,1.7832550749357838,3.494238961305957e-07,-4.395902732227439e-08
5.097099584852627,1.8078131802107955,3.8549112561946055e-07,-4.849643974339623e-08
5.249429544236094,1.8324901866604586,4.254834952128181e-07,-5.352765165278391e-08
5.406311978245469,1.8572837509448337,4.698438337524805e-07,-5.910837282121123e-08
5.5678829403879115,1.8821915492732604,5.190662451336764e-07,-6.530076364145874e-08
5.734282550213411,1.9072112786072895,5.737021605937768e-07,-7.21741965322373e-08
5.905655114830978,1.932340657788959,6.343671157198666e-07,-7.980610851485578e-08
6.0821492540564295,1.9575774285956251,7.017483398958642e-07,-8.828295599827442e-08
6.26391802930028,1.9829193567226948,7.76613256614021e-07,-9.770128415481029e-08
6.451119076307539,2.008364232695742,8.598190050938584e-07,-1.0816892478070621e-07
6.6439147418645135,2.0339098727135894,9.523231071459507e-07,-1.198063382334215e-07
6.842472224591173,2.05955411942404,1.055195418370597e-06,-1.3274811694376937e-07
7.046963719941192,2.085294842634035,1.169631519796918e-06,-1.4714467014164816e-07
7.257566569535398,2.111129939956083,1.2969677251762324e-06,-1.6316411183802247e-07
7.474463414958147,2.137057337392861,1.438697900603149e-06,-1.8099437680551632e-07
7.6978423561499945,2.163074989861972,1.5964923172391073e-06,-2.0084559233202958e-07
7.9278971145340345,2.189180881662836,1.7722187849823718e-06,-2.2295273692721731e-07
8.164827201017363,2.2153730268877783,1.9679663453327123e-06,-2.4757862098665534e-07
8.408838089013377,2.2416494697793605,2.1860718358503124e-06,-2.750172287148969e-07
8.66014139263494,2.268008285036039,2.4291496769701428e-06,-3.0559746543469027e-07
8.91895505021297,2.294447578068234,2.7001252750259993e-06,-3.3968735983090824e-07
9.185503513299588,2.3209654852068957,3.002272483747592e-06,-3.7769877676782346e-07
9.46001794131975,2.3475601738666394,3.3392556208775705e-06,-4.200927031600414e-07
9.742736402040148,2.374229842665526,3.7151765976522477e-06,-4.673851770636519e-07
10.033904078029257,2.4009727215035213,4.134627787530769e-06,-5.201539387894929e-07
10.333773479287581,2.427787071601666,4.602751337676934e-06,-5.790458925423762e-07
10.642604662232447,2.454671185503943,5.125305713344583e-06,-6.447854779906563e-07
10.96066545522734,2.4816233870438102,5.708740362671699e-06,-7.181840634181016e-07
11.288231690851287,2.508642031277309,6.360279498775099e-06,-8.0015048587135e-07
11.625587445109767,2.5357255043846467,7.088016118947513e-06,-8.917028791788254e-07
11.973025283794593,2.562872223542082,7.901017518865071e-06,-9.93981948091348e-07
12.330846516206389,2.5900806367659133,8.809443714898874e-06,-1.1082658663176925e-06
12.699361456459767,2.61734922273031,9.824680362001805e-06,-1.2359869981657908e-06
13.078889692597695,2.644676490560692,1.0959487950589039e-05,-1.378750668151275e-06
13.469760363748582,2.6720609796042956,1.2228169286015677e-05,-1.5383562306352883e-06
13.872312445566342,2.6995012591795184,1.3646757501677513e-05,-1.7168207226802983e-06
14.286895044201009,2.7269959283055925,1.5233227134791852e-05,-1.9164054182901456e-06
14.713867699054862,2.754543615414055,1.7007731106337134e-05,-2.1396456415045573e-06
15.153600694586583,2.7821429780434643,1.8992866797699058e-05,-2.389384239984342e-06
15.606475381433887,2.8097927025187275,2.121397481105711e-05,-2.668809170351547e-06
16.072884507133093,2.837491503616365,2.369947444381688e-05,-2.9814957023143014e-06
16.553232556722463,2.8652381242169835,2.6481240405466743e-05,-3.331453811265832e-06
17.047936103524663,2.8930313349461643,2.9595025864874892e-05,-3.7231813994519177e-06
17.557424170412595,2.9208699338049398,3.30809375448307e-05,-4.161724064905287e-06
18.082138601871872,2.9487527457909533,3.698396928708258e-05,-4.652742226219675e-06
18.622534447182595,2.9766786225113715,4.1354601304791296e-05,-5.202586511082944e-06
19.17908035505278,3.0046464417885486,4.624947323090438e-05,-5.81838242865413e-06
19.752258980045625,3.032655107259402,5.1732140072482834e-05,-6.508125471865455e-06
20.342567401153133,3.060703547969407,5.787392130592798e-05,-7.280787937249737e-06
20.950517552879017,3.0887907179620684,6.475485461144594e-05,-8.146438908833436e-06
21.576636669204845,3.1169155958646932,7.246476716383635e-05,-9.11637903112034e-06
22.22146774082434,3.1450771844712184,8.110447898968486e-05,-1.020329189659622e-05
22.885569986042423,3.173274510322835,9.078715468943059e-05,-1.1421414098172163e-05
23.569519335747376,3.201506623287084,0.00010163982183016731,-1.2786726249522256e-05
24.273908932876672,3.22977259613607,0.0001138050765678189,-1.431716755968092e-05
24.999349646809673,3.258071524124394,0.00012744299958493302,-1.6032876866248582e-05
25.74647060313325,3.286402524567374,0.0001427333082655696,-1.7956463388238766e-05
26.5159197292398,3.314764736420081,0.00015987777420815264,-2.0113310859580954e-05
27.308364316230772,3.3431573198576836,0.00017910293874131108,-2.2531919152679697e-05
28.12449159761302,3.371579455857561,0.00020066316310174978,-2.524428800389492e-05
28.965009345289893,3.4000303457836156,0.00022484405440699974,-2.82863480156325e-05
29.830646483363843,3.4285092109731736,0.0002519663135647638,-3.1698444739871274e-05
30.72215372028293,3.457015292326853,0.00028239005686543287,-3.5525882353067966e-05
31.640304199879385,3.4855478499017227,0.0003165196692722171,-3.981953422090625e-05
32.5858941718649,3.514106162508074,0.0003548092544277937,-4.4636528532547336e-05
33.559743682364044,3.542689527310089,0.00039776875421764684,-5.004101816798884e-05
34.56269728508474,3.5712972594306627,0.00044597081945573766,-5.610504505983985e-05
35.595624773742436,3.5999286915606157,0.0005000585229822031,-6.290951053414827e-05
36.65942193637333,3.6285831735725216,0.0005607540172869208,-7.054526447664006e-05
37.7550113321906,3.6572600721393305,0.0006288682508050542,-7.911432768444174e-05
38.88334309165753,3.6859587703579733,0.0007053118703852945,-8.87312634434243e-05
40.04539574047131,3.714678667378096,0.000791107452227171,-9.952471623266314e-05
41.24217704817206,3.743419178036062,0.0008874032199423823,-0.00011163913751548882
42.47472490211308,3.7721797324943482,0.0009954884264386289,-0.00012523672084655669
43.74410820755029,3.80095977588643,0.00111681059617136,-0.00014049957102119236
45.05142781463126,3.8297587679672547,0.0012529948460692168,-0.0001576321347308188
46.397817473088054,3.858576182769373,0.001405865527206757,-0.00017686392317836175
47.784444815461505,3.8874115082647904,0.001577470455142604,-0.00019845256035888657
49.212512369709856,3.9162642460325916,0.0017701080247944955,-0.00022268719422737017
50.68325860207975,3.9451339109323773,0.001986357535763469,-0.0002498923117547665
52.19795899114421,3.9740200307835334,0.002229113086052853,-0.00028043200290346924
53.75792713393865,4.002922146050359,0.0025016214259587187,-0.00031471472280935806
55.36451588515471,4.0318398095330545,0.00280752419920814,-0.0003531986058984671
57.01911853037942,4.060772586064569,0.0031509050346854505,-0.000396397390228463
58.72316999439745,4.089720052213308,0.0035363419885805817,-0.00044488701493620693
60.478148085604126,4.118681795991665,0.003968965872488137,-0.0004993129581632062
62.285574777608566,4.147657416570373,0.0044545250364750166,-0.0005603983870438414
64.14701752913828,4.176646523998631,0.004999457205533488,-0.0006289531950397852
66.06409064338992,4.205648738929983,0.005610968990662353,-0.0007058840047756075
68.03845666800513,4.234663692353894,0.006297123708840404,-0.0007922052161687264
70.0718278368854,4.263691025332977,0.007066938145221327,-0.0008890511795292363
72.16596755509669,4.292730388745841,0.00793048887070901,-0.0009976895707676397
74.32269192815096,4.321781443035467,0.008899028682020136,-0.0011195360400549712
76.54387133699166,4.350843857963093,0.009985113651132575,-0.0012561701951892307
78.83143206004833,4.379917312367512,0.011202741146444224,-0.001409352965250132
81.18735794376732,4.409001493929736,0.012567499006584187,-0.0015810453673054258
83.6136921230676,4.4380960989429505,0.014096725794625913,-0.0017734286670793933
86.11253879321302,4.4672008320876895,0.015809681717619355,-0.0019889258813642957
88.68606503463855,4.496315406212159,0.01772772934301473,-0.002230224512922872
91.33650269231217,4.525439542117629,0.019874522655716806,-0.0025003003346779924
94.06615031126292,4.554572968348825,0.02227620225028093,-0.0028024419457295014
96.87737512995324,4.583715420989231,0.024961593512841048,-0.003140275703492186
99.7726151332245,4.612866643461228,0.02796240348615098,-0.0035177904901637393
102.75438116659622,4.642026386330997,0.031313410698576974,-0.003939361594027561
105.82525911375197,4.671194407118085,0.0350526405474171,-0.00440977277342782
108.9879121391017,4.7003704701095765,0.039221516839707135,-0.004934235321253877
112.24508299736303,4.72955434617876,0.043864977804613625,-0.005518402659797745
115.59959641216751,4.758745812608236,0.04903154231743278,-0.00616837867201766
119.05436152575113,4.787944652917358,0.05477330926521388,-0.006890717621730782
122.61237442185721,4.817150656693943,0.06114587003254748,-0.007692413143949369
126.27672072403598,4.846363619430154,0.06820811114779074,-0.008580873416928064
130.05057827159777,4.875583342362487,0.07602188143641828,-0.009563879288625452
133.9372198755368,4.904809632315756,0.08465149590328142,-0.010649521862960868
137.94001615681944,4.934042301551035,0.09416304743845128,-0.01184611590945242
142.0624384694944,4.963281167617415,0.1046234978506319,-0.013162085511315265
146.308061911164,4.992526053207572,0.11609952231673654,-0.014605818692253863
150.68056842342307,5.021776786016983,0.12865608680387944,-0.016185488450036877
155.1837499849585,5.051033198606788,0.1423547470868754,-0.01790883876559089
159.82151190007434,5.080295128270156,0.15725167127630282,-0.01978293582853515
164.59787618549905,5.109562416902126,0.173395405686587,-0.021813886973788225
169.5169850584065,5.138834910872806,0.19082442640209676,-0.024006532658064007
174.58310452868207,5.168112460903894,0.2095645454302837,-0.026364120142793022
179.8006280985423,5.197394921948404,0.22962626945893022,-0.028887971214436953
185.17408057272328,5.226682153073561,0.25100223862788357,-0.03157715997096927
190.70812198253594,5.255974017346768,0.27366489911059616,-0.034428220022634015
196.40755162719677,5.285270381724584,0.29756458263141483,-0.037434902886969997
202.27731223593355,5.314571116944635,0.3226281739042879,-0.040588010346875265
208.3224942544811,5.343876097420405,0.3487585392275748,-0.04387532256537927
214.54834025967833,5.373185201138809,0.3758348630804712,-0.04728164043091922
220.9602495060017,5.402498309560518,0.4037139935174358,-0.05078895481373904
227.56378260797123,5.431815307522934,0.4322328331753167,-0.05437674736485809
234.36466636249637,5.461136083145778,0.4612117356302764,-0.05802241779236368
241.36879871533728,5.490460527739214,0.4904587843851612,-0.06170182217640546
248.58225387599552,5.519788535714449,0.5197747536275974,-0.06538989705387624
256.0112875854625,5.549120004496742,0.5489584862558842,-0.0690613359971743
263.6623425414019,5.578454834440781,0.5778123843884371,-0.07269128034387966
271.54205398546276,5.607792928748339,0.6061476964949684,-0.07625598434057096
279.6572554575771,5.637134193388185,0.6337893050545953,-0.07973341745078423
288.0149847222243,5.666478537018166,0.6605797663575534,-0.08310377257942408
296.6224898718094,5.6958258709094185,0.6863824228774984,-0.08634985762257064
305.4872356124405,5.725176108872653,0.7110834891238351,-0.08945735787666373
314.6169097375649,5.75452916718646,0.734593093810653,-0.0924149671478323
324.01942979506936,5.783884964527575,0.7568453352755817,-0.09521439472382459
333.7029499536352,5.813243421903075,0.7777974663743357,-0.09785026283023986
343.67586807429404,5.842604462584424,0.797428365606823,-0.10031991429162473
353.9468329933265,5.871968012043355,0.815736472105126,-0.10262315274408942
364.52475202280885,5.901333997889507,0.8327373650116169,-0.10476193811067516
375.41879867532475,5.930702349809806,0.8484611561386087,-0.10674005858673681
386.6384206195279,5.9600729995094985,0.8629498429357373,-0.10856279763186728
398.1933478734682,5.989445880654852,0.8762547410753196,-0.11023661097810558
410.0936012427743,6.018820928817419,0.8884340862655669,-0.11176882492773595
422.34950101102237,6.0481980814198755,0.8995508662383992,-0.11316736360804075
434.97167588981586,6.077577277683343,0.9096709182979755,-0.11444050963473232
447.9710722363503,6.106958458576206,0.9188613065227229,-0.11559669995699633
461.35896354644393,6.136341566764336,0.9271889761068872,-0.11664435656787772
475.14696023128045,6.165726546562721,0.9347196702787497,-0.11759175024793923
489.3470196863284,6.195113343888439,0.9415170872597852,-0.11844689450710162
503.9714566611841,6.22450190621496,0.947642250164943,-0.11921746631539197
519.0329539393157,6.253892182527714,0.9531530608635849,-0.11991074997673304
534.5445733369862,6.283284123280926,0.9581040089277129,-0.12053360051337986
550.5197670308777,6.312677680355639,0.9625460082741801,-0.12109242311480807
566.972389224257,6.342072807018948,0.9665263364512192,-0.12159316549969833
583.9167081617835,6.371469457884348,0.9700886543273375,-0.12204132039288394
601.3674185033955,6.400867588873234,0.9732730869155009,-0.12244193569338044
619.3396540679886,6.430267157177452,0.9761163489992715,-0.12279963027869335
637.8490009579566,6.45966812122294,0.978651901984132,-0.12311861373738875
656.911511075957,6.489070440634368,0.9809101308966097,-0.1234027086363434
676.5437160456443,6.5184740762008,0.9829185326574726,-0.1236553742063217
696.7626415484212,6.547878989842308,0.9847019086537735,-0.12387973056836621
717.5858220886655,6.577285144577552,0.9862825562378498,-0.12407858282519448
739.0313162002107,6.6066925044922575,0.987680455111273,-0.12425444450910067
761.1177221072958,6.636101034708604,0.9889134456363586,-0.12440956001430953
783.8641938535393,6.66551070135547,0.9899973969877053,-0.12454592575116244
807.2904579129491,6.6949214715395335,0.9909463637418313,-0.12466530984576644
831.4168302973517,6.7243333133171825,0.9917727300330803,-0.12476927027542647
856.2642341750976,6.753746195667233,0.9924873408046422,-0.1248591713805877
881.8542180163063,6.783160088464421,0.9930996199779306,-0.12493619873105083
908.2089742803915,6.812574962453643,0.9936176755715859,-0.12500137235039435
935.351358662084,6.841990789224938,0.9940483919400159,-0.12505555831997925
963.3049099126199,6.871407541189179,0.9943975093848617,-0.12509947879441333
992.0938702533132,6.9008251915544605,0.9946696914328219,-0.12513372046539065
1021.7432063991835,6.930243714303148,0.9948685800795777,-0.12515874151161457
1052.278631210905,6.959663084169604,0.9949968392799992,-0.1251748770700526
1083.72662599382,6.989083276618526,0.9950561869257678,-0.12518234325885866
1116.1144634633908,7.018504267823925,0.9950474154983412,-0.12518123977560472
1149.4702313969678,7.0479260346486825,0.9949704015221007,-0.12517155108652753
1183.822856992426,7.077348554624717,0.9948241038733157,-0.12515314621378887
1219.2021319547548,7.106771805933694,0.994606550928536,-0.1251257771186883
1255.6387383323947,7.136195767388309,0.9943148164642764,-0.12508907566973979
1293.1642751256902,7.165620418414086,0.9939449841515887,-0.12504254917593632
1331.8112856905714,7.195045739031718,0.9934921004276634,-0.12498557445779511
1371.613285961192,7.224471709839894,0.9929501154759202,-0.1249173904223992
1412.6047935160393,7.2538983119986336,0.9923118120106746,-0.12483708910420274
1454.8213575126808,7.283325527213089,0.991568721548019,-0.12474360513154796
1498.299589517151,7.3127533377178215,0.9907110278578692,-0.12463570358051795
1543.0771952546713,7.342181726261518,0.9897274573416089,-0.12451196618397337
1589.1930073092828,7.3716106760921525,0.9886051561757394,-0.12437077587569564
1636.6870188007042,7.401040170942575,0.9873295542169578,-0.12421029966906132
1685.6004180676662,7.430470195016513,0.9858842158933251,-0.1240284698985102
1735.9756243877566,7.459900732974969,0.9842506786276504,-0.12382296389251309
1787.856324764798,7.4893317699230195,0.9824082797741573,-0.12359118220146081
1841.2875118156128,7.5187632913969855,0.980333973622292,-0.12333022557595708
1896.3155227890875,7.548195283351977,0.9780021407597457,-0.12303687098386774
1952.9880797513126,7.577627732149787,0.9753843930204682,-0.12270754707194298
2011.3543309717152,7.60706062454715,0.9724493784043088,-0.12233830962386986
2071.4648935460064,7.636493947684319,0.9691625917742182,-0.12192481774516721
2133.3718972929755,7.665927689073987,0.9654861988427684,-0.12146231171993357
2197.129029963135,7.695361836590517,0.9613788829725924,-0.1209455937376843
2262.791583798485,7.724796378459492,0.9567957266420632,-0.12036901298122486
2330.4165034837133,7.75423130324755,0.9516881420529889,-0.11972645689680059
2400.0624355304785,7.783666599852535,0.9460038682334854,-0.1190113508296258
2471.7897791375403,7.813102257493909,0.9396870550227145,-0.11821666858952452
2545.660738570911,7.842538265703456,0.9326784573593875,-0.11733495689325897
2621.7393771093803,7.871974614316244,0.9249157660987317,-0.11635837698272529
2700.0916726022815,7.901411293461857,0.916334103823441,-0.11527876700010109
2780.7855746875844,7.930848293555869,0.9068667153546002,-0.11408772885708635
2863.891063720039,7.960285605291576,0.8964458823560169,-0.1127767432960577
2949.4802114603717,7.9897232196319505,0.8850040889017878,-0.11133731652347575
3037.6272435782653,8.019161127801851,0.8724754594096983,-0.1097611611080843
3128.408604023229,8.048599321280433,0.8587974811873175,-0.1080404126846096
3221.903021319283,8.07803779179379,0.8439130103362611,-0.10616788230513424
3318.1915768408485,8.107476531307812,0.8277725414876733,-0.10413734198157203
3417.3577751291546,8.13691553202124,0.8103366987872722,-0.10194383806228842
3519.4876163100466,8.166354786358923,0.7915788783215628,-0.09958402366067046
3624.6696706760954,8.195794286965278,0.7714879422088324,-0.09705649758334832
3732.9951554975833,8.22523402669793,0.7500708342622691,-0.09436213339185293
3844.5580141290925,8.254673998621536,0.7273549598425716,-0.09150437879829867
3959.454997480182,8.284114196001797,0.7033901524383644,-0.08848950306964828
4077.785747920929,8.31355461229963,0.678250041223499,-0.0853267690722967
4199.652885694974,8.342995241165514,0.652032641642165,-0.08202850757021526
4325.16209791514,8.372436076434008,0.6248600181177828,-0.07861007479228138
4454.42223021867,8.40187711211841,0.5968769153409008,-0.07508968024241573
4587.545381161708,8.431318342405586,0.5682483204767463,-0.071488080014819
4724.6469994347535,8.46075976165094,0.5391559980232924,-0.06782814086422975
4865.84598398352,8.490201364373531,0.5097941239311028,-0.06413429095944435
5011.2647871219,8.519643145251337,0.4803642259070413,-0.0604318833517862
5161.029520726602,8.549085099116644,0.45106970202059604,-0.05674650639223226
5315.270065605396,8.578527220951578,0.4221102306680711,-0.05310328048089254
5474.120184133982,8.60796950588377,0.3936763956512705,-0.04952618187881689
5637.717636258991,8.637411949182125,0.3659448290043163,-0.04603743165474144
5806.204298967898,8.666854546252747,0.33907412438017404,-0.042656981571556625
5979.7262893293,8.696297292634952,0.31320170248259444,-0.039402119744178794
6158.434091210339,8.725740183997404,0.2884417270200185,-0.03628720845759802
6342.4826857812,8.75518321613438,0.26488408555061155,-0.03332355595280492
6532.031685919739,8.784626384962118,0.24259437391221733,-0.030519414468011964
6727.245474632965,8.814069686515289,0.2216147627815556,-0.027880089255523443
6928.293347615236,8.843513116943559,0.2019655842280424,-0.025408138177022192
7135.349660066998,8.872956672508263,0.18364745569399843,-0.023103638909404804
7348.593977901186,8.902400349579157,0.16664375678601698,-0.02096450053577645
7568.211233468632,8.931844144631292,0.15092328696466759,-0.018986797894233562
7794.391885937302,8.961288054241946,0.1364429551892648,-0.017165109946730896
8027.332086464698,8.99073207508767,0.12315038129974866,-0.015492847044098156
8267.2338483064,9.020176203941407,0.11098631944891055,-0.013962555804225486
8514.305222008541,9.049620437669695,0.09988684317681219,-0.012566194003812876
8768.760475835896,9.07906477322996,0.0897852576804403,-0.011295371150108162
9030.820281592287,9.108509207667877,0.08061372633587621,-0.010141553104383822
9300.711905994225,9.137953738114813,0.07230461519643952,-0.00909623122557964
9578.669407764013,9.16739836178534,0.06479157118906037,-0.008151058012038474
9864.933840612937,9.196843075974822,0.058010357583318004,-0.007297952207100634
10159.753462290906,9.226287878057082,0.05189947471324306,-0.0065291768885733514
10463.383949883484,9.255732765482112,0.04640059564117181,-0.005837394277115321
10776.088621543433,9.28517773577388,0.04145884617877013,-0.005215700964084549
11098.13866484857,9.314622786528174,0.03702295704826709,-0.004657647054075247
11429.813371984466,9.344067915410518,0.03304531349184606,-0.004157242405992364
11771.4003819556,9.373513120154161,0.02948192472036489,-0.0037089527895693307
12123.195930035265,9.402958398558106,0.026292332530257794,-0.0033076883889817206
12485.505104670217,9.432403748485202,0.023439475415715564,-0.0029487867075757195
12858.642112063317,9.461849167860295,0.020889521695176053,-0.0026279915744637093
13242.930548663222,9.49129465466843,0.01861168263362263,-0.002341429634506555
13638.70368179778,9.520740206953105,0.016578014310741847,-0.002085585422476625
14046.304738694043,9.550185822814576,0.014763215066309333,-0.0018572758808171285
14466.087204136098,9.579631500408208,0.013144423735971153,-0.0016536249768365917
14898.41512701841,9.609077237942882,0.011701022549166301,-0.0014720389064207225
15343.663436060895,9.63852303367944,0.010414447466611897,-0.0013101822336732218
15802.218264959018,9.667968885929179,0.00926800785574481,-0.0011659552053116342
16274.477287251502,9.697414793052381,0.008246716707365704,-0.0010374723911917468
16760.850061195593,9.726860753456906,0.007337132055988546,-0.0009230427343062719
17261.758384949324,9.7563067655968,0.006527209853398723,-0.0008211510416463742
17777.63666236827,9.78575282797096,0.005806168236176973,-0.0007304409084730509
18308.932279734738,9.815198939121833,0.005164362903209818,-0.0006496990402725428
18856.105993745492,9.844645097634151,0.004593173161318227,-0.0005778409168068513
19419.632331094992,9.87409130213371,0.004084898091763044,-0.0005138977294140334
20000.000000000004,9.90353755128617,0.003632662225719131,-0.00045700451457761365
