z,u,g_late,g_early,g_total,Gamma,Xi,s,H_phys_over_H_bg
0.0,0.0,-0.17124518385369022,-3.5092706518469186e-11,-0.17124518388878293,0.8426149525317839,1.0,0.0,1.1867816931035051
0.010033444816053512,0.009983443984183212,-0.17319543646918475,-3.652245172958146e-11,-0.1731954365057072,0.8409732419111181,1.0,0.0,1.1890984756274674
0.020066889632107024,0.019868203216725198,-0.17454206057573204,-3.799544012750289e-11,-0.17454206061372748,0.8398415292361667,1.0,0.0,1.1907008229391762
0.030100334448160536,0.029656209582888043,-0.17533685109036096,-3.951253213507755e-11,-0.1753368511298735,0.8391742963439754,1.0,0.0,1.191647556838541
0.04013377926421405,0.03934933878854771,-0.17562899630193934,-4.107464368630076e-11,-0.175628996343014,0.8389291713980912,1.0,0.0,1.191995741825834
0.05016722408026756,0.04894941251756694,-0.17546521577067783,-4.2682579692865374e-11,-0.17546521581336041,0.8390665829144829,1.0,0.0,1.191800532118104
0.06020066889632107,0.05845820048659419,-0.17488989006320213,-4.4337283844342323e-11,-0.17488989010753941,0.8395494583805438,1.0,0.0,1.1911150558407346
0.07023411371237459,0.06787742240308581,-0.17394518286660957,-4.603964431915131e-11,-0.1739451829126492,0.8403429615494036,1.0,0.0,1.1899903322284329
0.0802675585284281,0.07720874983197011,-0.17267115598454946,-4.779057705128764e-11,-0.17267115603234004,0.8414142633598414,1.0,0.0,1.1884752179109868
0.0903010033444816,0.08645380797602122,-0.17110587768131685,-4.9590970219171027e-11,-0.17110587773090782,0.8427323421597483,1.0,0.0,1.1866163786205324
0.10033444816053512,0.09561417737468547,-0.16928552480590883,-5.144173975679678e-11,-0.16928552485735057,0.8442678095226471,1.0,0.0,1.184458282929684
0.11036789297658864,0.10469139552580212,-0.16724447909670953,-5.3343857109311443e-11,-0.1672444791500534,0.8459927584620709,1.0,0.0,1.182043214906353
0.12040133779264214,0.11368695843438001,-0.16501541803868425,-5.529823821071034e-11,-0.16501541809398249,0.8478806312838781,1.0,0.0,1.179411302845519
0.13043478260869565,0.12260232209233235,-0.16262940061846884,-5.730585450614001e-11,-0.1626294006757747,0.8499061046851587,1.0,0.0,1.1766005615060766
0.14046822742474918,0.1314389038928304,-0.16011594829833029,-5.936762192959577e-11,-0.1601159483576979,0.8520449900212567,1.0,0.0,1.1736469455387
0.1505016722408027,0.14019808398271194,-0.15750312150747137,-6.148453968179979e-11,-0.1575031215689559,0.8542741469286604,1.0,0.0,1.1705844120359514
0.1605351170568562,0.14888120655617276,-0.15481759192839153,-6.365755145232299e-11,-0.1548175919920491,0.8565714087185983,1.0,0.0,1.1674449903668465
0.1705685618729097,0.15748958109277295,-0.15208471083685393,-6.588768419746316e-11,-0.15208471090274162,0.8589155181503533,1.0,0.0,1.1642588576737647
0.1806020066889632,0.16602448354261035,-0.14932857373630384,-6.817590936236684e-11,-0.14932857380447975,0.861286072359782,1.0,0.0,1.16105441860933
0.19063545150501673,0.17448715746134405,-0.14657208151121906,-7.052322614775619e-11,-0.1465720815817423,0.8636634758615835,1.0,0.0,1.1578583880746007
0.20066889632107024,0.18287881509759246,-0.14383699830873903,-7.293063375435338e-11,-0.14383699838166966,0.8660289006671703,1.0,0.0,1.154695875887769
0.21070234113712374,0.1912006384350846,-0.1411440063439087,-7.539913138288057e-11,-0.14114400641930783,0.8683642526665509,1.0,0.0,1.1515904724650114
0.22073578595317728,0.1994537801918051,-0.13851275781089978,-7.792980150078677e-11,-0.13851275788882958,0.8706521435150045,1.0,0.0,1.148564334732803
0.23076923076923078,0.20763936477824452,-0.13596192407055005,-8.052364330879414e-11,-0.1359619241510737,0.872875867345649,1.0,0.0,1.145638271614641
0.2408026755852843,0.21575848921674873,-0.13350924227341407,-8.318168376320045e-11,-0.13350924235659575,0.8750193816990901,1.0,0.0,1.142831828545587
0.2508361204013378,0.2238122240238455,-0.13117155956717647,-8.590500533145473e-11,-0.13117155965308147,0.8770672921227041,1.0,0.0,1.1401633705662089
0.2608695652173913,0.23180161405732433,-0.12896487502767778,-8.869466272543036e-11,-0.12896487511637245,0.8790048399460613,1.0,0.0,1.1376501636343246
0.2709030100334448,0.239727679329745,-0.12690437944388755,-9.155171065700074e-11,-0.12690437953543926,0.8808178927866076,1.0,0.0,1.1353084538693246
0.28093645484949836,0.24759141578995958,-0.12500449307886874,-9.447723159361487e-11,-0.12500449317334597,0.882492937381943,1.0,0.0,1.133153544510691
0.29096989966555187,0.2553937960741445,-0.12327890152107616,-9.747232188050958e-11,-0.12327890161854849,0.8840170743826284,1.0,0.0,1.1311998704305237
0.3010033444816054,0.2631357702277599,-0.1217405897331585,-1.0053806398513387e-10,-0.12174058983369657,0.8853780147731044,1.0,0.0,1.1294610700902368
0.3110367892976589,0.27081826639977613,-0.12040110103983474,-1.0367555425272457e-10,-0.1204011011435103,0.886564763251073,1.0,0.0,1.1279491825650219
0.3210702341137124,0.2784421915104355,-0.1192585529145717,-1.0688591678409409e-10,-0.11925855302145762,0.887578285044859,1.0,0.0,1.126661182285976
0.3311036789297659,0.2860084318937513,-0.11830055805086341,-1.1017026180226708e-10,-0.11830055816103367,0.8884289878995759,1.0,0.0,1.1255823634978417
0.3411371237458194,0.29351785391588275,-0.11751489459868882,-1.1352972728584376e-10,-0.11751489471221854,0.8891272683530322,1.0,0.0,1.1246983818777057
0.3511705685618729,0.3009713045704636,-0.11688981452138854,-1.169654512134244e-10,-0.11688981463835399,0.8896832178299775,1.0,0.0,1.1239955750082549
0.3612040133779264,0.30836961205190855,-0.11641402425559998,-1.2047855768582139e-10,-0.11641402437607853,0.890106621159134,1.0,0.0,1.1234609160616715
0.37123745819397996,0.3157135863076671,-0.11607666625636191,-1.2407021243721061e-10,-0.11607666638043213,0.8904069564021592,1.0,0.0,1.1230819714624312
0.38127090301003347,0.32300401957034636,-0.1158673013817514,-1.2774159507955574e-10,-0.115867301509493,0.8905933958559247,1.0,0.0,1.1228468621630947
0.391304347826087,0.33024168687057687,-0.11577589207404924,-1.31493843591457e-10,-0.11577589220554309,0.8906748080992039,1.0,0.0,1.1227442282039028
0.4013377926421405,0.33742734653145134,-0.11579278629689287,-1.3532816534045367e-10,-0.11579278643222103,0.8906597609642047,1.0,0.0,1.1227631962596205
0.411371237458194,0.3445617406453254,-0.11590870219018211,-1.3924573993850942e-10,-0.11590870232942785,0.8905565253223482,1.0,0.0,1.1228933499061584
0.4214046822742475,0.3516455955337304,-0.11611471340666553,-1.4324776087537572e-10,-0.11611471354991329,0.8903730795822444,1.0,0.0,1.1231247023654305
0.431438127090301,0.3586796221911104,-0.11640223509616097,-1.4733543551859185e-10,-0.11640223524349641,0.8901171148059585,1.0,0.0,1.1234476715100523
0.44147157190635455,0.3656645167130614,-0.11676301050526393,-1.515099712356971e-10,-0.1167630106567739,0.8897960403573649,1.0,0.0,1.1238530569301863
0.45150501672240806,0.37260096070971843,-0.11718909816218022,-1.5577258927201854e-10,-0.11718909831795281,0.8894169900036769,1.0,0.0,1.1243320188833652
0.46153846153846156,0.37948962170490375,-0.11767285961799213,-1.6012452475067107e-10,-0.11767285977811666,0.8889868283980905,1.0,0.0,1.1248760589647315
0.47157190635451507,0.38633115352162045,-0.11820694771723957,-1.645670266725574e-10,-0.11820694788180659,0.8885121578779284,1.0,0.0,1.1254770023500218
0.4816053511705686,0.3931261966544492,-0.11878429537217162,-1.6910133016079243e-10,-0.11878429554127296,0.8879993255186964,1.0,0.0,1.1261269814770207
0.4916387959866221,0.39987537862937766,-0.11939810481641265,-1.7372869809406666e-10,-0.11939810499014135,0.8874544303901016,1.0,0.0,1.1268184210432375
0.5016722408026756,0.40657931435156786,-0.12004183731508965,-1.784503794732828e-10,-0.12004183749354003,0.8868833309653271,1.0,0.0,1.1275440242084054
0.5117056856187291,0.41323860644154475,-0.12070920330969424,-1.8326766493270696e-10,-0.12070920349296191,0.8862916526397454,1.0,0.0,1.1282967599001794
0.5217391304347826,0.41985384556026395,-0.12139415297710741,-1.8818183122881749e-10,-0.12139415316528925,0.8856847953197704,1.0,0.0,1.1290698511302284
0.5317725752508361,0.4264256107234985,-0.12209086718329874,-1.931941689958805e-10,-0.12209086737649291,0.8850679410467456,1.0,0.0,1.129856764235893
0.5418060200668896,0.43295446960596207,-0.12279374881323722,-1.983059827459499e-10,-0.1227937490115432,0.8844460616246275,1.0,0.0,1.130651198969797
0.5518394648829431,0.4394409788355688,-0.12349741445951108,-2.0351856311329186e-10,-0.12349741466302964,0.8838239262237965,1.0,0.0,1.1314470793663332
0.5618729096989967,0.44588568427821096,-0.1241966864530646,-2.088332423655359e-10,-0.12419668666189784,0.8832061089365981,1.0,0.0,1.132238545319874
0.5719063545150502,0.4522891213134179,-0.12487629779313314,-2.142513388925238e-10,-0.12487629800738448,0.8826060759622651,0.9999995937110174,-0.00039268129075726476,1.1334532001720867
0.5819397993311037,0.4586518151012466,-0.12528579643869772,-2.1977419883967286e-10,-0.12528579665847192,0.882244723956346,0.9999890790304781,-0.0033364272248229488,1.137254097395394
0.5919732441471572,0.4649742808407336,-0.12503126401327866,-2.2540311284124925e-10,-0.12503126423868177,0.882469312422092,0.9999530814388766,-0.008318045095245963,1.1426097552647356
0.6020066889632107,0.47125702402022884,-0.12386428428527786,-2.3113949643160936e-10,-0.12386428451641736,0.8834997373407623,0.9998819687731552,-0.014453810110499017,1.148221971365712
0.6120401337792643,0.4775005406599139,-0.1216699258056538,-2.3698468187838273e-10,-0.12166992604263849,0.8854405811507104,0.9997713785897683,-0.020997538084098395,1.1530954869464185
0.6220735785953178,0.4837053175467968,-0.1184424245992715,-2.4294002920477453e-10,-0.11844242484221153,0.8883029583675075,0.9996212580335521,-0.027332920368152956,1.156511875471123
0.6321070234113713,0.4898718324624608,-0.1142627831796161,-2.4900691231177774e-10,-0.11426278342862302,0.8920235160823418,0.9994349775159899,-0.03296624444724656,1.1580033775162206
0.6421404682274248,0.49600055440383417,-0.10927815713055736,-2.5518673285596094e-10,-0.10927815738574409,0.8964810199970734,0.9992185136938357,-0.037519480214006404,1.157324535679956
0.6521739130434783,0.5020919437972361,-0.10368290898476928,-2.614808647383171e-10,-0.10368290924625015,0.9015111129423972,0.9989796978659867,-0.04072371305168806,1.154421391051877
0.6622073578595318,0.5081464527059423,-0.09770121703912599,-2.6789072349320264e-10,-0.09770121730701671,0.906919835227777,0.9987275262178998,-0.042412905887385374,1.1493991700220987
0.6722408026755853,0.5141645250315053,-0.09157113412375659,-2.7441771077718613e-10,-0.0915711343981743,0.9124964039607618,0.9984715284520917,-0.042517973356260876,1.1424899526520107
0.6822742474916388,0.5201465967090528,-0.08552999822123097,-2.8106324212462397e-10,-0.08552999850229422,0.9180256032479193,0.9982211913386172,-0.04106115213641389,1.1340219144795114
0.6923076923076923,0.5260930958967791,-0.07980110325053123,-2.8782876082544817e-10,-0.07980110353836,0.9232999692219749,0.9979854336682284,-0.03815065237931974,1.1243915162849236
0.7023411371237458,0.5320044431598363,-0.07458154431941151,-2.9471568241401513e-10,-0.0745815446141272,0.9281317868246663,0.9977721290432003,-0.03397557597558324,1.1140396123195293
0.7123745819397993,0.5378810516488213,-0.07003175809530669,-3.017254640580447e-10,-0.07003175839703216,0.9323642090430246,0.9975876729323875,-0.02880108816323519,1.1034326266333123
0.7224080267558528,0.5437233272730497,-0.06626857330382627,-3.088595490474688e-10,-0.06626857361268582,0.9358794780028223,0.9974365904722934,-0.022963829708912916,1.0930508187784282
0.7324414715719064,0.5495316688687967,-0.06335369388171361,-3.161194084277952e-10,-0.06335369419783302,0.9386114335541923,0.9973211816300301,-0.016867557573777673,1.0833743562266838
0.7424749163879599,0.5553064683626805,-0.061284034260860654,-3.235064993667436e-10,-0.06128403458436715,0.9405560513853051,0.9972412005651358,-0.010979002618493461,1.0748737421118768
0.7525083612040134,0.5610481109303558,-0.059984338123528824,-3.3102230678760947e-10,-0.05998433845455113,0.941779283187794,0.9971935663380234,-0.005823933507448312,1.0680038852658469
0.7625418060200669,0.5667569751506759,-0.059300565495086596,-3.3866832255258217e-10,-0.05930056583375492,0.9424234662887558,0.9971721025120251,-0.0019834165438673596,1.063198713089836
0.7725752508361204,0.5724334331554811,-0.05899399161128206,-3.4644603158495713e-10,-0.058993991957728094,0.9427124329962331,0.997167303679259,-9.026170665498593e-05,1.0608646143851708
0.782608695652174,0.5780778507751582,-0.0587647221214721,-3.543569465636054e-10,-0.05876472247582905,0.9429285929658212,0.997167259911325,0.0,1.0605256935253924
0.7926421404682275,0.5836905876801156,-0.05849557102566713,-3.624025732285041e-10,-0.058495571388069705,0.9431824173793235,0.997167259911325,0.0,1.0602402902914017
0.802675585284281,0.5892719975183107,-0.05818779954975195,-3.7058443813631214e-10,-0.05818779992033639,0.9434727466915082,0.997167259911325,0.0,1.0599140287906745
0.8127090301003345,0.5948224280489598,-0.05784371031418037,-3.7890406090479445e-10,-0.05784371069308443,0.9437974413586155,0.997167259911325,0.0,1.059549386529889
0.822742474916388,0.6003422212725577,-0.05746553811148064,-3.873629889072916e-10,-0.05746553849884363,0.9441544268046632,0.997167259911325,0.0,1.059148770169237
0.8327759197324415,0.6058317135573291,-0.05705545198238132,-3.9596276951714415e-10,-0.05705545237834409,0.9445416908310779,0.997167259911325,0.0,1.05871451700573
0.842809364548495,0.6112912357622281,-0.05661555722087272,-4.047049431687988e-10,-0.05661555762557766,0.9449572811659457,0.997167259911325,0.0,1.0582488964645462
0.8528428093645485,0.6167211133565974,-0.05614789731094125,-4.135910919300656e-10,-0.05614789772453234,0.9453993031444692,0.997167259911325,0.0,1.0577541115948836
0.862876254180602,0.6221216665365976,-0.05565445579760098,-4.2262277705207296e-10,-0.055654456220223754,0.9458659175127652,0.997167259911325,0.0,1.0572323005670665
0.8729096989966555,0.6274932103385085,-0.055137158094728966,-4.3180157366373706e-10,-0.05513715852653054,0.9463553383476582,0.997167259911325,0.0,1.056685538167942
0.8829431438127091,0.632836054749004,-0.0545978732321081,-4.411290846495497e-10,-0.054597873673237186,0.9468658310855909,0.997167259911325,0.0,1.0561158372918478
0.8929765886287626,0.6381505048124966,-0.054038415543975565,-4.5060690595510877e-10,-0.05403841599458247,0.9473957106542235,0.997167259911325,0.0,1.0555251504246843
0.9030100334448161,0.6434368607356445,-0.05346054630128044,-4.602366335260122e-10,-0.053460546761517076,0.947943339700698,0.997167259911325,0.0,1.054915371118846
0.9130434782608696,0.6486954179891115,-0.0528659752897597,-4.700198841245395e-10,-0.05286597575977958,0.9485071269109284,0.997167259911325,0.0,1.0542883354569745
0.9230769230769231,0.653926467406664,-0.052256362335853096,-4.799582883907583e-10,-0.052256362815811384,0.9490855254146343,0.997167259911325,0.0,1.053645823502705
0.9331103678929766,0.6591302952816911,-0.05163331878239502,-4.900534700258419e-10,-0.05163331927244849,0.9496770312711611,0.997167259911325,0.0,1.0529895607367492
0.9431438127090301,0.6643071834612249,-0.05099840891593921,-5.003070735476456e-10,-0.05099840941624628,0.9502801820314438,0.997167259911325,0.0,1.0523212194768374
0.9531772575250836,0.6694574094375406,-0.050353151347495684,-5.107207504129185e-10,-0.050353151858216434,0.9508935553717557,0.997167259911325,0.0,1.0516424202802026
0.9632107023411371,0.67458124643741,-0.04969902034838733,-5.212961520784098e-10,-0.04969902086968348,0.951515767795148,0.997167259911325,0.0,1.0509547333274358
0.9732441471571907,0.6796789635090787,-0.04903744714286262,-5.320349508175504e-10,-0.04903744767489757,0.9521454733967433,0.997167259911325,0.0,1.0502596797866797
0.9832775919732442,0.684750825607039,-0.04836982115903388,-5.42938811964877e-10,-0.04836982170197269,0.9527813626892703,0.997167259911325,0.0,1.0495587331572616
0.9933110367892977,0.6897970936746634,-0.047697491239648365,-5.540094286105024e-10,-0.047697491793657794,0.953422161485451,0.997167259911325,0.0,1.0488533205919817
1.0033444816053512,0.694818024724763,-0.047021766814137306,-5.652484799667512e-10,-0.047021767379385786,0.9540666298340512,0.997167259911325,0.0,1.0481448241973816
1.0133779264214047,0.6998138719181346,-0.04634391903333049,-5.766576799404177e-10,-0.04634391960998817,0.9547135610065962,0.997167259911325,0.0,1.047434582311428
1.0234113712374582,0.704784884640155,-0.04566518186816787,-5.882387285605084e-10,-0.0456651824564066,0.955361780531932,0.997167259911325,0.0,1.0467238907581315
1.0334448160535117,0.7097313085754806,-0.04498675317368822,-5.999933466727114e-10,-0.04498675377368157,0.9560101452759754,0.997167259911325,0.0,1.046014004078718
1.0434782608695652,0.7146533857809089,-0.044309795719521955,-6.11923255122715e-10,-0.04430979633144521,0.9566575425641559,0.997167259911325,0.0,1.0453061367390384
1.0535117056856187,0.719551354756456,-0.04363543818806814,-6.24030188633995e-10,-0.04363543881209833,0.9573028893441944,0.997167259911325,0.0,1.0446014643129882
1.0635451505016722,0.7244254505147014,-0.042964776141489885,-6.363158958078152e-10,-0.04296477677780578,0.9579451313870009,0.997167259911325,0.0,1.0439011246417718
1.0735785953177257,0.7292759046484508,-0.04229887295861573,-6.487821183065456e-10,-0.04229887360739785,0.9585832425236032,0.997167259911325,0.0,1.043206218968904
1.0836120401337792,0.7341029453967667,-0.041638760742794906,-6.614306255481317e-10,-0.04163876140422553,0.9592162239161353,0.997167259911325,0.0,1.0425178130509087
1.0936454849498327,0.738906797709412,-0.04098544120171191,-6.742631869505189e-10,-0.040985441875975095,0.9598431033610285,0.997167259911325,0.0,1.0418369382437154
1.1036789297658862,0.7436876833097541,-0.040339886500127514,-6.872815649927588e-10,-0.04033988718740908,0.9604629346226538,0.997167259911325,0.0,1.041164592564813
1.1137123745819397,0.7484458207561709,-0.03970304008647668,-7.004875637872665e-10,-0.039703040786964246,0.9610747967957606,0.997167259911325,0.0,1.040501741731254
1.1237458193979935,0.7531814255020053,-0.03907581749421704,-7.138829596908813e-10,-0.0390758182081,0.9616777936951547,0.997167259911325,0.0,1.0398493201736476
1.133779264214047,0.7578947099541036,-0.03845910711878929,-7.274695637549122e-10,-0.038459107846258854,0.9622710532711399,0.997167259911325,0.0,1.0392082320263136
1.1438127090301005,0.7625858835299837,-0.03785377097101576,-7.41249193969562e-10,-0.03785377171226496,0.9628537270493349,0.997167259911325,0.0,1.0385793520938011
1.153846153846154,0.7672551527136673,-0.037260645407734855,-7.552236544472457e-10,-0.03726064616295851,0.9634249895935506,0.997167259911325,0.0,1.0379635267940057
1.1638795986622075,0.7719027211102142,-0.036680541840436925,-7.693947839948478e-10,-0.03668054260983171,0.9639840379904882,0.997167259911325,0.0,1.0373615750781418
1.173913043478261,0.7765287894989964,-0.03611424742263945,-7.83764414480359e-10,-0.03611424820640387,0.9645300913550853,0.997167259911325,0.0,1.0367742893278553
1.1839464882943145,0.7811335558857446,-0.03556252571671174,-7.983343916495578e-10,-0.035562526515046135,0.965062390355403,0.997167259911325,0.0,1.0362024362297764
1.193979933110368,0.7857172155534027,-0.03502611734083273,-8.131065751260103e-10,-0.03502611815393931,0.9655801967560049,0.997167259911325,0.0,1.0356467576278314
1.2040133779264215,0.7902799611118209,-0.034505740596740345,-8.280828175943888e-10,-0.03450574142482316,0.9660827929788398,0.997167259911325,0.0,1.035107971353655
1.214046822742475,0.7948219825463219,-0.034002092078906476,-8.432649925560476e-10,-0.03400209292217147,0.9665694816806912,0.997167259911325,0.0,1.0345867720354456
1.2240802675585285,0.7993434672651678,-0.03351584726538741,-8.586549873901284e-10,-0.033515848124042395,0.9670395853466575,0.997167259911325,0.0,1.0340838318852554
1.234113712374582,0.8038446001459594,-0.033047289609098404,-8.742546755979852e-10,-0.03304729048335308,0.9674928053047659,0.997167259911325,0.0,1.0335994175016052
1.2441471571906355,0.8083255635809954,-0.03259526012551174,-8.900659653754417e-10,-0.032595261015577706,0.9679302394217315,0.997167259911325,0.0,1.0331323056891248
1.254180602006689,0.8127865375216207,-0.03215828316105501,-9.060907579794275e-10,-0.03215828406714577,0.9683532950500959,0.997167259911325,0.0,1.032680949310207
1.2642140468227425,0.8172276995215886,-0.03173492008299429,-9.223309616057662e-10,-0.03173492100532525,0.9687633468602825,0.997167259911325,0.0,1.0322438428755114
1.274247491638796,0.821649224779466,-0.03132376834570849,-9.387885052669631e-10,-0.031323769284497,0.9691617374713,0.997167259911325,0.0,1.0318195212794534
1.2842809364548495,0.8260512861801037,-0.030923460583063556,-9.554653214449704e-10,-0.030923461538528877,0.9695497780845553,0.997167259911325,0.0,1.0314065585942396
1.294314381270903,0.8304340543351988,-0.030532663726067735,-9.723633391522934e-10,-0.030532664698431074,0.9699287491196668,0.997167259911325,0.0,1.0310035669193502
1.3043478260869565,0.8347976976229722,-0.030150078145017953,-9.89484515157013e-10,-0.030150079134502468,0.9702999008512394,0.997167259911325,0.0,1.0306091952835457
1.31438127090301,0.8391423822269831,-0.029774436815374256,-1.0068307992883163e-09,-0.029774437822205055,0.9706644540456506,0.997167259911325,0.0,1.0302221285966342
1.3244147157190636,0.8434682721741057,-0.02940450450662635,-1.024404155253178e-09,-0.029404505531030505,0.9710236005969549,0.997167259911325,0.0,1.0298410866483896
1.334448160535117,0.847775529371686,-0.029039076993441867,-1.0422065641058076e-09,-0.02903907803564843,0.9713785041610888,0.997167259911325,0.0,1.0294648231521548
1.3444816053511706,0.8520643136439037,-0.02867698028840998,-1.0602399999615209e-09,-0.02867698134864998,0.9717303007876198,0.997167259911325,0.0,1.0290921248307958
1.354515050167224,0.856334782767356,-0.028317069895718402,-1.0785064577523151e-09,-0.02831707097422486,0.972080099548342,0.997167259911325,0.0,1.0287218105428044
1.3645484949832776,0.8605870925058863,-0.027958230085123326,-1.0970079324101878e-09,-0.027958231182131258,0.9724289831620803,0.997167259911325,0.0,1.0283527304464601
1.374581939799331,0.8648213966446747,-0.027599373185595064,-1.115746436214371e-09,-0.0275993743013415,0.9727780086151145,0.997167259911325,0.0,1.0279837652000787
1.3846153846153846,0.8690378470236095,-0.027239438898042242,-1.1347239779746499e-09,-0.02723944003276622,0.9731282077766903,0.997167259911325,0.0,1.0276138251964804
1.394648829431438,0.8732365935699592,-0.026877393626537516,-1.1539425907869383e-09,-0.026877394780480107,0.9734805880091275,0.997167259911325,0.0,1.0272418498299052
1.4046822742474916,0.8774177843303602,-0.026512229827488118,-1.1734042973388092e-09,-0.026512231000892415,0.973836132772084,0.997167259911325,0.0,1.0268668067937046
1.414715719063545,0.8815815655021397,-0.026142965376212468,-1.1931111480734113e-09,-0.026142966569323616,0.9741958022205736,0.997167259911325,0.0,1.0264876914072187
1.4247491638795986,0.8857280814639883,-0.025768642950402293,-1.2130651864949993e-09,-0.02576864416346748,0.9745605337963775,0.997167259911325,0.0,1.0261035259703404
1.434782608695652,0.8898574748059995,-0.025388329429967257,-1.2332684769245095e-09,-0.025388330663235734,0.9749312428125269,0.997167259911325,0.0,1.0257133591443368
1.4448160535117056,0.893969886359092,-0.025001115312775865,-1.2537230802134314e-09,-0.025001116566498945,0.9753088230305668,0.997167259911325,0.0,1.0253162653575825
1.4548494983277593,0.8980654552238292,-0.024606114145821825,-1.2744310745604892e-09,-0.0246061154202529,0.975694147230348,0.997167259911325,0.0,1.02491134423492
1.4648829431438128,0.9021443187986502,-0.024202461971361944,-1.295394545103301e-09,-0.02420246326675649,0.9760880677721202,0.997167259911325,0.0,1.0244977200494396
1.4749163879598663,0.906206612807529,-0.023789316787584877,-1.316615583918379e-09,-0.02378931810420046,0.976491417150734,0.997167259911325,0.0,1.024074541195519
1.4849498327759199,0.9102524713270728,-0.023365858023385866,-1.338096293490576e-09,-0.02336585936148216,0.9769050085417808,0.997167259911325,0.0,1.02364097968204
1.4949832775919734,0.9142820268130745,-0.02293128602683575,-1.3598387797741918e-09,-0.02293128738667453,0.9773296363395299,0.997167259911325,0.0,1.0231962306447386
1.5050167224080269,0.918295410126533,-0.0224848215669462,-1.381845166070761e-09,-0.022484822948791366,0.9777660766865421,0.997167259911325,0.0,1.0227395118767102
1.5150501672240804,0.9222927505591534,-0.02202570534834568,-1.404117572212371e-09,-0.02202570675246325,0.978215087994864,0.997167259911325,0.0,1.022270063376134
1.5250836120401339,0.9262741758583384,-0.0215531975384934,-1.4266581388477917e-09,-0.021553198965151538,0.9786774114587241,0.997167259911325,0.0,1.0217871469103332
1.5351170568561874,0.9302398122516853,-0.021066577307071024,-1.449469010095239e-09,-0.021066578756540034,0.979153771558677,0.997167259911325,0.0,1.0212900455953293
1.5451505016722409,0.9341897844709994,-0.10658063691037668,-1.4725523300729293e-09,-0.10658063838292901,0.8989025591897902,0.9216894463904824,0.0,1.1124676304196222
1.5551839464882944,0.938124215775834,-0.10606370312133434,-1.4959102845324423e-09,-0.10606370461724463,0.899367352397997,0.9216894463904824,0.0,1.111892706949707
1.565217391304348,0.9420432279765698,-0.1055306040024154,-1.5195450037142066e-09,-0.1055306055219604,0.8998469321402941,0.9216894463904824,0.0,1.1113001159224836
1.5752508361204014,0.9459469414570432,-0.10498069035765618,-1.5434586941864836e-09,-0.10498069190111488,0.9003419063089992,0.9216894463904824,0.0,1.1106891648524444
1.585284280936455,0.9498354751967355,-0.10441332986108856,-1.5676535347619591e-09,-0.1044133314287421,0.9008528696547558,0.9216894463904824,0.0,1.1100591824536692
1.5953177257525084,0.9537089467925324,-0.10382790666223742,-1.5921317320088946e-09,-0.10382790825436915,0.9013804042017602,0.9216894463904824,0.0,1.1094095182661252
1.605351170568562,0.9575674724800618,-0.10322382100157118,-1.6168954647399758e-09,-0.10322382261846665,0.9019250796551678,0.9216894463904824,0.0,1.1087395422936117
1.6153846153846154,0.9614111671546246,-0.10260048883562677,-1.641946953401252e-09,-0.10260049047757372,0.9024874538007254,0.9216894463904824,0.0,1.1080486446527444
1.625418060200669,0.965240144391722,-0.10195734147153895,-1.6672884323165604e-09,-0.10195734313882739,0.9030680728966887,0.9216894463904824,0.0,1.1073362352324025
1.6354515050167224,0.9690545164671927,-0.1012938252107119,-1.6929221219319501e-09,-0.10129382690363402,0.9036674720580872,0.9216894463904824,0.0,1.1066017433630948
1.645484949832776,0.9728543943769674,-0.10060940100137906,-1.718850270449046e-09,-0.10060940272022934,0.9042861756334126,0.9216894463904824,0.0,1.1058446174957215
1.6555183946488294,0.9766398878564493,-0.09990354409980631,-1.7450750983138974e-09,-0.09990354584488141,0.9049246975738053,0.9216894463904824,0.0,1.1050643248892436
1.665551839464883,0.9804111053995286,-0.09917574373989874,-1.7715988814837047e-09,-0.09917574551149762,0.9055835417948265,0.9216894463904824,0.0,1.1042603513067875
1.6755852842809364,0.9841681542772409,-0.09842550281098093,-1.7984238681600928e-09,-0.0984255046094048,0.9062632025309053,0.9216894463904824,0.0,1.1034322007197441
1.68561872909699,0.9879111405560752,-0.09765233754352678,-1.82555234817805e-09,-0.09765233936907913,0.906964164682555,0.9216894463904824,0.0,1.1025793950194365
1.6956521739130435,0.9916401691159419,-0.09685577720262077,-1.8529865974947768e-09,-0.09685577905560737,0.9076869041564578,0.9216894463904824,0.0,1.1017014737359594
1.705685618729097,0.9953553436678053,-0.09603536378894127,-1.8807288920674736e-09,-0.09603536566967016,0.9084318881985218,0.9216894463904824,0.0,1.1007979937638073
1.7157190635451505,0.9990567667709915,-0.0951906517470609,-1.9087815494867044e-09,-0.09519065365584245,0.9091995757200155,0.9216894463904824,0.0,1.0998685290939314
1.725752508361204,1.0027445398501762,-0.09432120768086583,-1.9371468595874575e-09,-0.09432120961801269,0.9099904176168901,0.9216894463904824,0.0,1.098912670551883
1.7357859531772575,1.0064187632120607,-0.09342661007590253,-1.9658271399602967e-09,-0.09342661204172967,0.9108048570824002,0.9216894463904824,0.0,1.0979300255417175
1.745819397993311,1.0100795360617418,-0.0925064490284652,-1.994824708195786e-09,-0.09250645102328992,0.911643329913139,0.9216894463904824,0.0,1.0969202177953516
1.7558528428093645,1.0137269565187852,-0.0915603259812429,-2.024141909640065e-09,-0.09156032800538481,0.912506264808602,0.9216894463904824,0.0,1.0958828871270816
1.7658862876254182,1.017361121633005,-0.09058785346535107,-2.053781075761485e-09,-0.09058785551913215,0.9133940836643988,0.9216894463904824,0.0,1.0948176891929837
1.7759197324414717,1.0209821273999573,-0.08958865484857806,-2.0837445657839737e-09,-0.08958865693232262,0.9143072018592302,0.9216894463904824,0.0,1.093724295254937
1.7859531772575252,1.0245900687761562,-0.08856236408968002,-2.1140347250536706e-09,-0.08856236620371474,0.9152460285357512,0.921690538852402,0.0019281395760229448,1.0904957020362427
1.7959866220735787,1.0281850396940153,-0.08750862549856447,-2.144653912794503e-09,-0.08750862764321839,0.9162109668754429,0.9217168478381211,0.016145525245122253,1.073829620387671
1.8060200668896322,1.03176713307652,-0.08642709350220826,-2.1756045298637616e-09,-0.08642709567781279,0.917202414367609,0.9218105179680085,0.04245752065023681,1.0439816384586904
1.8160535117056857,1.0353364408516403,-0.08531743241615614,-2.206888921607586e-09,-0.08531743462304506,0.9182207630726256,0.9220076473232888,0.07891361649400987,1.0031208403780538
1.8260869565217392,1.0388930539664876,-0.08417931622145558,-2.2385095166388425e-09,-0.0841793184599651,0.919266399879561,0.922337821035141,0.12369173455162526,0.9532691128090677
1.8361204013377928,1.0424370624012167,-0.08301242834688523,-2.270468701937034e-09,-0.08301243061735393,0.9203397067582885,0.922824647890632,0.17509428823838788,0.8963056855029938
1.8461538461538463,1.0459685551826876,-0.08181646145633704,-2.3027688644816635e-09,-0.08181646375910591,0.9214410610062154,0.923486271188876,0.23154435510311852,0.8339715662960868
1.8561872909698998,1.0494876203978833,-0.0805911172412201,-2.335412460641173e-09,-0.08059111957663256,0.9225708354897468,0.9243358509709592,0.29158195794189234,0.7678738746191167
1.8662207357859533,1.0529943452070933,-0.07933610621775425,-2.3684018773950655e-09,-0.07933610858615613,0.9237293988806073,0.9253820163925436,0.3538604513314293,0.6994900773447016
1.8762541806020068,1.056488815856867,-0.07805114752902752,-2.401739571111783e-09,-0.07805114993076709,0.9249171158871383,0.9266292882769788,0.4171430104825615,0.6301721305680332
1.8862876254180603,1.0599711176927415,-0.07673596875169418,-2.4354279842819793e-09,-0.07673597118712217,0.9261343474806921,0.9280784728379217,0.4802992194118311,0.5611505306998706
1.8963210702341138,1.0634413351717487,-0.07539030570719385,-2.469469559396309e-09,-0.07539030817666341,0.9273814511172404,0.9297270282466302,0.5423017555236478,0.49353827804616035
1.9063545150501673,1.0668995518747058,-0.07401391752316244,-2.503866752823214e-09,-0.0740139200270292,0.9286587667961803,0.9315694061865356,0.602223167786545,0.42833476238614787
1.9163879598662208,1.0703458505182932,-0.07260744967134936,-2.5386220486867117e-09,-0.0726074522099714,0.9299658144094479,0.9335973708264786,0.659232745775109,0.3664298718779108
1.9264214046822743,1.073780312966928,-0.07117287445808923,-2.573737917233032e-09,-0.07117287703182715,0.931300877678672,0.9358002977882448,0.7125934769343382,0.3086075939089
1.9364548494983278,1.0772030202444303,-0.06971223870301935,-2.609216828708405e-09,-0.06971224131223618,0.9326621629352108,0.9381654557125315,0.7616590895051838,0.25554902939851865
1.9464882943143813,1.080614052545493,-0.06822754972968248,-2.6450613088702113e-09,-0.06822755237474379,0.9340479045740298,0.9406782729643759,0.8058711786297333,0.20783604397549463
1.9565217391304348,1.084013489246957,-0.06672077613157451,-2.681273827964681e-09,-0.06672077881284834,0.9354563641105055,0.9433225918843696,0.8447564132310666,0.1659549207477458
1.9665551839464883,1.087401408918893,-0.06519384852171117,-2.717856897871407e-09,-0.06519385123956807,0.9368858292936337,0.9460809128024231,0.8779238213371696,0.13029995208153577
1.9765886287625418,1.0907778893354991,-0.0636486602661116,-2.754813072103346e-09,-0.06364866302092467,0.9383346132729798,0.9489346298002747,0.9050621515900203,0.10117696509012866
1.9866220735785953,1.0941430074858127,-0.062087068201587756,-2.7921448417234096e-09,-0.0620870709937326,0.9398010538168347,0.9518642599490215,0.9259373087502697,0.07880677612451899
1.9966555183946488,1.097496839584244,-0.06051089333821596,-2.8298547602445545e-09,-0.06051089616807072,0.9412835125791725,0.9548496674685625,0.9403898610751128,0.06332857011545001
2.0066889632107023,1.1008394610809338,-0.05892192154685698,-2.8679453673019495e-09,-0.058921924414802346,0.9427803744131208,0.9578702839654386,0.9483326175117255,0.05480320113837475
2.016722408026756,1.1041709466719372,-0.05732190423208433,-2.906419223347445e-09,-0.057321907138503554,0.9442900467287602,0.9609053256115756,0.949748272711392,0.05321641106214313
2.0267558528428093,1.1074913703092397,-0.05571255899086507,-2.945278881893998e-09,-0.055712561936143955,0.945810958893184,0.9639340078354832,0.9446871179301259,0.0584819635993675
2.036789297658863,1.1108008052106069,-0.05409557025733457,-2.9845269242101402e-09,-0.0540955732418615,0.9473415616708367,0.9669357578155099,0.9332648159402388,0.07044469150288268
2.0468227424749164,1.1140993238692718,-0.05247258993399225,-3.0241659176866165e-09,-0.05247259295815817,0.9488803267022475,0.9698904247973105,0.9156602381340762,0.08888345504963674
2.05685618729097,1.1173869980634636,-0.05084523800964071,-3.0641984574697467e-09,-0.05084524107383917,0.9504257460193607,0.9727784880098133,0.8921133620560564,0.11351401032200772
2.0668896321070234,1.1206638988657784,-0.04921510316438007,-3.104627138705851e-09,-0.04921510626900721,0.9519763315957439,0.9755812617303742,0.8629232276522754,0.14399178613816022
2.076923076923077,1.1239300966523995,-0.04758374336196017,-3.1454545634801434e-09,-0.04758374650741473,0.9535306149300368,0.9782810968547885,0.8284459505783135,0.17991456879889892
2.0869565217391304,1.1271856611121658,-0.04595268642978873,-3.1866833408167317e-09,-0.04595268961647207,0.95508714666107,0.9808615781652683,0.7890927909556709,0.2208250941096304
2.096989966555184,1.130430661255493,-0.04432343062688261,-3.2283161074952993e-09,-0.04432343385519872,0.9566444962131554,0.9833077163628297,0.7453282760153662,0.26621354640385547
2.1070234113712374,1.1336651654231522,-0.04269744520004268,-3.270355479478848e-09,-0.04269744847039816,0.9582012514701128,0.9856061338426274,0.6976683751138092,0.31551996454016407
2.117056856187291,1.1368892412949048,-0.04107617092852627,-3.3128041004859554e-09,-0.04107617424133037,0.9597560184766591,0.9877452431439244,0.6466787256511939,0.3681365550690722
2.1270903010033444,1.1401029558980005,-0.03946102065748377,-3.3556646211740926e-09,-0.03946102401314839,0.9613074211658411,0.9897154170021865,0.5929729084662824,0.4234099129704928
2.137123745819398,1.1433063756155382,-0.03785337982041793,-3.398939692200731e-09,-0.03785338321935762,0.9628541011112514,0.9915091489701567,0.5372107713237267,0.48064315054810264
2.1471571906354514,1.1464995661946933,-0.036254606950919796,-3.4426319850400233e-09,-0.03625461039355178,0.964394717302814,0.9931212036577909,0.4800967991509764,0.5390979352345179
2.157190635451505,1.1496825927548142,-0.034666034183926775,-3.486744164227229e-09,-0.03466603767067094,0.9659279459449778,0.9945487557670025,0.42237852972146106,0.5979964372119347
2.1672240802675584,1.1528555197953918,-0.03308896774674228,-3.5312789151142887e-09,-0.0330889712780212,0.9674524802762006,0.9957915172648283,0.36484501351903625,0.6565231878878761
2.177257525083612,1.1560184112039,-0.03152468844005266,-3.5762389230531433e-09,-0.031524692016291586,0.9689670304086488,0.9968518522457587,0.3083253165559744,0.7138268503855297
2.1872909698996654,1.1591713302635156,-0.029974452109167233,-3.621626901151309e-09,-0.029974455730794134,0.970470323187082,0.9977348792777733,0.25368706495256077,0.7690219033143675
2.197324414715719,1.162314339660715,-0.028439490105704512,-3.667445541699621e-09,-0.028439493773150054,0.9719611020659269,0.9984485613037241,0.201835030121393,0.8211902391794157
2.2073578595317724,1.1654475014927517,-0.026921009739941527,-3.713697568213936e-09,-0.026921013453639096,0.9734381270035857,0.9990037834763593,0.1537097534331394,0.8693826788682413
2.217391304347826,1.16857087727502,-0.025420194724034936,-3.760385700740665e-09,-0.025420198484420637,0.9749001743730576,0.9994144196374553,0.11028620927318124,0.9126204037238779
2.2274247491638794,1.1716845279482995,-0.023938205606323607,-3.8075126732040054e-09,-0.02393820941383628,0.9763460368879837,0.9996973885051345,0.07257250543042155,0.9498963067701603
2.237458193979933,1.1747885138858907,-0.02247618019690839,-3.85508122646705e-09,-0.022476184051989617,0.9777745235432606,0.999872701004588,0.04160861978997423,0.9801762647046742
2.247491638795987,1.1778828949006386,-0.021035233984708634,-3.903094115270678e-09,-0.02103523788780275,0.979184459569397,0.9999635005625139,0.0184651723314505,1.0024003323134705
2.25752508361204,1.1809677302518486,-0.019616460546183292,-3.951554090886322e-09,-0.019616464497737383,0.9805746863998152,0.9999960985817605,0.004242231463194975,1.015483860992511
2.267558528428094,1.1840430786520963,-0.01822093194590363,-4.000463925402098e-09,-0.018220935946367554,0.9819440616503282,1.0,0.0,1.018387950042007
2.277591973244147,1.1871089982739311,-0.016849699129159006,-4.049826390906119e-09,-0.016849703178985397,0.9832914591100496,1.0,0.0,1.016992460104426
2.287625418060201,1.1901655467564802,-0.015503792306771107,-4.0996442716295656e-09,-0.015503796406415379,0.9846157687430164,1.0,0.0,1.0156246037747532
2.297658862876254,1.193212781211949,-0.014184221332290747,-4.149920362211956e-09,-0.01418422548221111,0.9859158966998316,1.0,0.0,1.0142852989259148
2.307692307692308,1.1962507582320256,-0.012891976071743461,-4.200657464231705e-09,-0.012891980272400926,0.9871907653386551,1.0,0.0,1.012975440118659
2.317725752508361,1.1992795338941864,-0.011628026766089268,-4.251858384471396e-09,-0.011628031017947653,0.988439313254892,1.0,0.0,1.0116958993739729
2.327759197324415,1.2022991637679064,-0.010393324386556293,-4.303525943591402e-09,-0.010393328690082236,0.9896604953189502,1.0,0.0,1.0104475269346964
2.3377926421404682,1.2053097029207775,-0.00918880098300328,-4.355662965721541e-09,-0.009188805338666246,0.99085328272146,1.0,0.0,1.0092311520161874
2.347826086956522,1.2083112059245342,-0.008015370025464572,-4.408272287134696e-09,-0.00801537443373686,0.9920166630253654,1.0,0.0,1.008047583545913
2.3578595317725752,1.211303726860988,-0.006873926739025236,-4.46135675364473e-09,-0.0068739312003819894,0.9931496402243173,1.0,0.0,1.0068976108918848
2.367892976588629,1.2142873193278758,-0.005765348432171226,-4.5149192145349515e-09,-0.00576535294709044,0.9942512348068168,1.0,0.0,1.005782004579859
2.3779264214046822,1.2172620364446187,-0.0046904948187565555,-4.568962532099097e-09,-0.004690499387719088,0.9953204838255721,1.0,0.0,1.0047015169992703
2.387959866220736,1.220227930857997,-0.003650208333725065,-4.623489574702433e-09,-0.00365021295721464,0.9963564409715541,1.0,0.0,1.0036568830978732
2.3979933110367893,1.2231850547477408,-0.0026453144427214144,-4.678503221552249e-09,-0.002645319121224636,0.9973581766522437,1.0,0.0,1.0026488210650901
2.408026755852843,1.2261334598320384,-0.0016766219457225884,-4.7340063585778885e-09,-0.001676626679728947,0.9983247780735907,1.0,0.0,1.001678033004091
2.4180602006688963,1.2290731973729634,-0.0007449232748191602,-4.7900018802738906e-09,-0.0007449280648210405,0.999255349325207,1.0,0.0,1.0007452055926405
2.42809364548495,1.232004318181822,0.00014900521372972556,-4.846492690513144e-09,0.00014900036723703504,1.0001490114683431,1.0,0.0,0.9998510107327664
2.4381270903010033,1.234926872624424,0.0010044029530448268,-4.903481701191634e-09,0.0010043980495631256,1.001004902626202,1.0,0.0,0.9989961061893249
2.448160535117057,1.2378409106262735,0.0018205248846589837,-4.960971832987382e-09,0.0018205199236871507,1.001822178076164,1.0,0.0,0.998181136217544
2.4581939799331103,1.240746481677688,0.002596641182917317,-5.018966014926768e-09,0.002596636163951302,1.0026000103435087,1.0,0.0,0.9974067321796476
2.468227424749164,1.2436436348388409,0.0033320369846310902,-5.0774671845471575e-09,0.0033320319071639057,1.0033375892962306,1.0,0.0,0.9966735131506717
2.4782608695652173,1.246532418744732,0.00402601212387442,-5.136478287842694e-09,0.004026006987396132,1.0040341222405613,1.0,0.0,0.9959820865135949
2.488294314381271,1.249412881610086,0.004677880871815001,-5.1960022803484995e-09,0.004677875675812721,1.0046888340168212,1.0,0.0,0.995333048543921
2.4983277591973243,1.2522850712341818,0.005286971681473719,-5.256042124104909e-09,0.005286966425431595,1.0053009670952393,1.0,0.0,0.994726984983854
2.508361204013378,1.2551490350056107,0.005852626937308619,-5.316600792427961e-09,0.005852621620707827,1.0058697816713862,1.0,0.0,0.9941644716062225
2.5183946488294313,1.2580048199069687,0.006374202709523179,-5.3776812638378635e-09,0.006374197331841915,1.0063945557608824,1.0,0.0,0.993646074768312
2.528428093645485,1.2608524725194805,0.0068510685129995474,-5.439286528130527e-09,0.006851063073713019,1.0068745852930534,1.0,0.0,0.9931723519557776
2.5384615384615383,1.2636920390275583,0.007282607070760602,-5.501419582908118e-09,0.007282601569341019,1.0073091842032122,1.0,0.0,0.9927438523168098
2.548494983277592,1.2665235652232967,0.0076682140818668185,-5.564083433579059e-09,0.007668208517783385,1.0076976845232684,1.0,0.0,0.9923611171867384
2.5585284280936453,1.2693470965109033,0.008007297993655672,-5.627281094225389e-09,0.008007292366374577,1.008039436470361,1.0,0.0,0.9920246806032598
2.568561872909699,1.272162677911067,0.008299279778233762,-5.691015589337489e-09,0.008299274087218173,1.0083338085332394,1.0,0.0,0.9917350698124839
2.578595317725753,1.2749703540652655,0.008543592713134023,-5.755289949477271e-09,0.008543586957844074,1.008580187556109,1.0,0.0,0.9914928057659951
2.588628762541806,1.277770169240012,0.008739682166052188,-5.820107213880266e-09,0.008739676345944974,1.0087779788196878,1.0,0.0,0.9912984036091288
2.59866220735786,1.2805621673310434,0.00888700538357845,-5.885470432190343e-09,0.008886999498108018,1.0089266061192124,1.0,0.0,0.9911523731606721
2.608695652173913,1.2833463918674481,0.008985031283842718,-5.951382662724991e-09,0.008985025332460055,1.0090255118391558,1.0,0.0,0.9910552193841908
2.618729096989967,1.2861228860157405,0.00903324025299327,-6.0178469672711454e-09,0.009033234235146303,1.0090741570244202,1.0,0.0,0.9910074428511991
2.62876254180602,1.2888916925838736,0.009031123945430371,-6.084866423228252e-09,0.009031117860563948,1.0090720214477824,1.0,0.0,0.9910095401963815
2.638795986622074,1.2916528540252017,0.008978185087718932,-6.1524441131999286e-09,0.00897817893527482,1.00901860367338,1.0,0.0,0.9910620045650822
2.648829431438127,1.2944064124423844,0.008873937286104899,-6.220583128463408e-09,0.00887393106552177,1.0089134211160298,1.0,0.0,0.9911653260532802
2.658862876254181,1.2971524095912401,0.008717904837562504,-6.28928656723482e-09,0.008717898548275937,1.008756010096188,1.0,0.0,0.9913199921402668
2.668896321070234,1.2998908868845438,0.008509622544301293,-6.358557538138632e-09,0.008509616185743755,1.0085459258903635,1.0,0.0,0.9915264881142433
2.678929765886288,1.3026218853957756,0.008248635531662503,-6.428399160207654e-09,0.008248629103263343,1.0082827427768082,1.0,0.0,0.9917852974910613
2.688963210702341,1.305345445862816,0.007934499069337304,-6.4988145559441435e-09,0.007934492570522748,1.0079660540763196,1.0,0.0,0.9920969024263228
2.698996655518395,1.3080616086915937,0.007566778395839226,-6.569806861728145e-09,0.007566771826032364,1.0075954721879934,1.0,0.0,0.9924617841210622
2.709030100334448,1.3107704139596805,0.007145048546166641,-6.6413792191438725e-09,0.007145041904787422,1.00717062861978,1.0,0.0,0.9928804232212307
2.719063545150502,1.3134719014198413,0.0066688941825904305,-6.7135347784491595e-09,0.006668887469055652,1.006691174013701,1.0,0.0,0.9933533002112026
2.729096989966555,1.3161661105035327,0.006137909428505499,-6.786276699442817e-09,0.006137902642228799,1.0061567781655985,1.0,0.0,0.9938808958015236
2.739130434782609,1.318853080324358,0.005551697705284013,-6.859608151464636e-09,0.0055516908456758616,1.0055671300392857,1.0,0.0,0.9944636913111229
2.749163879598662,1.3215328496814736,0.004909871572071858,-6.933532309925938e-09,0.004909864638539548,1.004921937774992,1.0,0.0,0.9951021690442049
2.759197324414716,1.32420545706295,0.004212052568469078,-7.008052359779027e-09,0.0042120455604167184,1.004220928691991,1.0,0.0,0.9957968126620417
2.769230769230769,1.32687094064909,0.0034578710600376844,-7.083171495950863e-09,0.0034578639768661885,1.0034638492853132,1.0,0.0,0.9965481075498831
2.779264214046823,1.3295293383156999,0.0026469660865810624,-7.158892919873622e-09,0.0026469589276881425,1.0026504652164554,1.0,0.0,0.9973565411792001
2.789297658862876,1.33218068763732,0.0017789852132342825,-7.235219842520457e-09,0.00177897797801444,1.0017805612980955,1.0,0.0,0.9982226034653854
2.79933110367893,1.3348250258904102,0.000853969549041653,-7.312155482779199e-09,0.0008539622368861702,1.0008543269664516,1.0,0.0,0.9991464022850948
2.809364548494983,1.3374623900564957,-0.00012653174668587596,-7.389703068916027e-09,-0.00012653913638894487,0.9998734688693499,1.0,0.0,1.0001265471428031
2.819397993311037,1.340092816825269,-0.001160623175783485,-7.467865837220214e-09,-0.0011606306436493222,0.9988400426275978,1.0,0.0,1.0011613044360443
2.82943143812709,1.3427163425976536,-0.0022464363597903833,-7.546647032546233e-09,-0.002246443906437416,0.9977560774602853,1.0,0.0,1.0022489690520617
2.839464882943144,1.3453330034888253,-0.003382129640620303,-7.626049908313753e-09,-0.0033821372666702114,0.9966235757170618,1.0,0.0,1.0033878631463327
2.849498327759197,1.3479428353311962,-0.004565887687801893,-7.70607772645343e-09,-0.004565895393879619,0.9954445124600781,1.0,0.0,1.0045763349768875
2.859531772575251,1.3505458736773586,-0.005795921112167158,-7.78673375778638e-09,-0.005795928898900916,0.9942208350937262,1.0,0.0,1.0058127577921145
2.869565217391304,1.3531421538029902,-0.007070466085867435,-7.868021280506288e-09,-0.007070473953888715,0.9929544630403423,1.0,0.0,1.007095528769854
2.879598662207358,1.355731710709724,-0.008387783968602243,-7.949943583648866e-09,-0.008387791918545827,0.9916472874600616,1.0,0.0,1.0084230680056943
2.8896321070234112,1.358314579127978,-0.00974616093994407,-8.032503962321358e-09,-0.009746168972448033,0.9903011710130447,1.0,0.0,1.0097938175484875
2.899665551839465,1.3608907935197512,-0.011143907637648926,-8.115705720304622e-09,-0.011143915753354647,0.9889179476623259,1.0,0.0,1.0112062404811952
2.9096989966555187,1.363460388081382,-0.012579358801842279,-8.199552172655222e-09,-0.012579367001394452,0.9874994225155662,1.0,0.0,1.0126588200452713
2.919732441471572,1.3660233967462716,-0.014050872924971746,-8.28404663963389e-09,-0.014050881209018385,0.9860473717040308,1.0,0.0,1.0141500588068675
2.9297658862876257,1.368579853187573,-0.015556831907423676,-8.369192453644425e-09,-0.01555684027661613,0.9845635422971402,1.0,0.0,1.015678477863241
2.939799331103679,1.3711297908208455,-0.017095640718697937,-8.454992952294793e-09,-0.01709564917369089,0.9830496522509865,1.0,0.0,1.0172426160878045
2.9498327759197327,1.373673242806676,-0.018665727064042046,-8.541451480131856e-09,-0.018665735605493526,0.981507390389239,1.0,0.0,1.0188410294123484
2.959866220735786,1.3762102420532645,-0.020265541056442522,-8.628571395580265e-09,-0.020265549685013918,0.9799384164149049,1.0,0.0,1.0204722901450178
2.9698996655518397,1.3787408212189818,-0.02189355489388197,-8.716356064003561e-09,-0.021893563610238035,0.978344360951443,1.0,0.0,1.0221349863227063
2.979933110367893,1.3812650127148887,-0.02354826254175905,-8.804808857704183e-09,-0.02354827134656791,0.9767268256117775,1.0,0.0,1.0238277210965772
2.9899665551839467,1.3837828487072297,-0.02522817942038736,-8.893933159392908e-09,-0.02522818831432052,0.9750873830937836,1.0,0.0,1.0255491121494906
3.0,1.3862943611198906,-0.026931842097473346,-8.983732355249963e-09,-0.0269318510812057,0.973427577300873,1.0,0.0,1.027297791144162
3.0,1.3862943611198906,-0.026931842097473346,-8.983732355249963e-09,-0.0269318510812057,0.973427577300873,1.0,0.0,1.027297791144162
3.0896568471034915,1.4084610660711756,-0.04298258331835621,-9.8166727247051e-09,-0.04298259313502893,0.9579280644463757,1.0,0.0,1.043919723322794
3.1819931442844953,1.4307879616661443,-0.060372806388173196,-1.073371598547812e-08,-0.06037281712188918,0.9414134930823613,1.0,0.0,1.0622324911934453
3.2770889685583198,1.4532726306553367,-0.07823343308249052,-1.1743835695576799e-08,-0.07823344482632621,0.9247485235853217,1.0,0.0,1.0813750706223595
3.375026790091177,1.4759126432402414,-0.09565753311013396,-1.2857001449595451e-08,-0.09565754596713541,0.9087751765107545,1.0,0.0,1.1003821691515647
3.4758915437209743,1.4987055595307717,-0.11170064588227215,-1.4084292634941598e-08,-0.11170065996656478,0.8943119207974615,1.0,0.0,1.1181780950748101
3.5797707026155443,1.5216489319416993,-0.12538114414907278,-1.543802555237228e-08,-0.12538115958709833,0.8821605945271825,1.0,0.0,1.1335804457871717
3.6867543541321974,1.5447403075249124,-0.13568063745057482,-1.693189544127449e-08,-0.13568065438247026,0.8731214154698901,1.0,0.0,1.1453160835160907
3.796935277944385,1.5679772302346986,-0.1415444132691645,-1.8581135130535387e-08,-0.14154443185029963,0.8680166071441183,1.0,0.0,1.1520516909119094
3.9104090265032223,1.5913572431235852,-0.14188191372387493,-2.0402692202381445e-08,-0.14188193412656713,0.8677236989947331,1.0,0.0,1.1524405766011812
4.027274007903659,1.6148778904665995,-0.13568515817184937,-2.2415427208821725e-08,-0.13568518058727658,0.8731174635524865,1.0,0.0,1.1453212674629845
4.147631571227154,1.6385367198121217,-0.12318045980791568,-2.464033503624119e-08,-0.12318048444825072,0.8841040811229924,1.0,0.0,1.1310885464184217
4.271586094434863,1.6623312839578155,-0.10537795552460837,-2.7100792554524133e-08,-0.10537798262540092,0.8999842798664748,1.0,0.0,1.1111305190223588
4.399245074887578,1.6862591428504208,-0.08333851753602214,-2.982283535402086e-08,-0.0833385473588575,0.9200396175067682,1.0,0.0,1.0869097166814599
4.530719222570906,1.710317865408478,-0.05816278279657399,-3.2835467358993675e-08,-0.05816281563204135,0.9434963189810772,1.0,0.0,1.0598875479238155
4.666122556106536,1.7345050312673267,-0.03099051739515215,-3.617100713740329e-08,-0.030990553566159287,0.969484731206143,1.0,0.0,1.031475760072975
4.805572501632868,1.7588182324459876,-0.0029999513674136037,-3.9865475173154336e-08,-0.002999991232888777,0.9970045042442223,1.0,0.0,1.0030044957099251
4.949189994640748,1.7832550749357838,0.024592913530652433,-4.395902732101664e-08,0.02459286957162511,1.0248977685043088,1.0,0.0,0.9757070712129235
5.097099584852627,1.8078131802107955,0.05053502057517477,-4.849643974597084e-08,0.05053497207873502,1.0518336475209273,1.0,0.0,0.950720679412477
5.249429544236094,1.8324901866604586,0.07353699687937869,-5.352765165833606e-08,0.07353694335172703,1.0763082983734555,1.0,0.0,0.9291018210221229
5.406311978245469,1.8572837509448337,0.09227391182497333,-5.910837282130377e-08,0.0922738527166005,1.096665105680592,1.0,0.0,0.9118554012707447
5.5678829403879115,1.8821915492732604,0.10551010427307782,-6.530076364363868e-08,0.10551003897231417,1.1112772605485064,1.0,0.0,0.8998654390772092
5.734282550213411,1.9072112786072895,0.11332165943031344,-7.21741965359346e-08,0.1133215872561169,1.1199920502112215,1.0,0.0,0.8928634804250691
5.905655114830978,1.932340657788959,0.11661254123590402,-7.980610851332504e-08,0.1166124614297955,1.123683874456693,1.0,0.0,0.8899300085475599
6.0821492540564295,1.9575774285956251,0.11632546494893727,-8.82829560011622e-08,0.11632537666598126,1.1233613282382604,1.0,0.0,0.8901855305703598
6.26391802930028,1.9829193567226948,0.11342987233478403,-9.770128416020096e-08,0.11342977463349987,1.1201132257685382,1.0,0.0,0.8927668890918367
6.451119076307539,2.008364232695742,0.1089213038282535,-1.0816892477560902e-07,0.10892119565932873,1.115074474170245,1.0,0.0,0.8968010865320231
6.6439147418645135,2.0339098727135894,0.10382076358329055,-1.1980633823904796e-07,0.10382064377695231,1.109401459015007,1.0,0.0,0.9013869522831347
6.842472224591173,2.05955411942404,0.099174078986533,-1.3274811694330424e-07,0.09917394623841606,1.1042583644426498,1.0,0.0,0.9055851711883822
7.046963719941192,2.085294842634035,0.09605125614509101,-1.4714467014287358e-07,0.09605110900042087,1.1008153241271312,1.0,0.0,0.9084175865674193
7.257566569535398,2.111129939956083,0.09554583279027995,-1.6316411183270318e-07,0.09554566962616812,1.1002590693069227,1.0,0.0,0.908876852639735
7.474463414958147,2.137057337392861,0.0987688221754715,-1.809943768055211e-07,0.0987686411810947,1.1038108936301692,1.0,0.0,0.9059522838293795
7.6978423561499945,2.163074989861972,0.10589960431602426,-2.0084559233801702e-07,0.10589940347043192,1.1117100367096984,1.0,0.0,0.8995151316252177
7.9278971145340345,2.189180881662836,0.11507134768387864,-2.2295273692518602e-07,0.11507112473114171,1.1219532333562539,1.0,0.0,0.8913027479840329
8.164827201017363,2.2153730268877783,0.12411307140320314,-2.4757862099322736e-07,0.12411282382458215,1.132143596564337,1.0,0.0,0.8832801802126984
8.408838089013377,2.2416494697793605,0.1308104924238577,-2.750172287124819e-07,0.130810217406629,1.1397514557981514,1.0,0.0,0.8773842708537841
8.66014139263494,2.268008285036039,0.13290731485384003,-3.055974654442295e-07,0.13290700925637458,1.1421437845926672,1.0,0.0,0.875546506044017
8.91895505021297,2.294447578068234,0.12810651081142524,-3.396873598238148e-07,0.12810617112406542,1.1366736782129307,1.0,0.0,0.8797599690811807
9.185503513299588,2.3209654852068957,0.11407159087069774,-3.7769877676840924e-07,0.11407121317192097,1.1208319400398146,1.0,0.0,0.8921944176256055
9.46001794131975,2.3475601738666394,0.08842786231161939,-4.2009270316556435e-07,0.08842744221891623,1.0924549836251776,1.0,0.0,0.9153695255081568
9.742736402040148,2.374229842665526,0.048763673520420533,-4.673851770609083e-07,0.04876320613524347,1.0499716944456348,1.0,0.0,0.9524066270452949
10.033904078029257,2.4009727215035213,0.0,-5.201539387894929e-07,-5.201539387894929e-07,0.9999994798461965,1.0,0.0,1.000000520154074
10.333773479287581,2.427787071601666,0.0,-5.790458925423762e-07,-5.790458925423762e-07,0.9999994209542751,1.0,0.0,1.0000005790460602
10.642604662232447,2.454671185503943,0.0,-6.447854779906563e-07,-6.447854779906563e-07,0.9999993552147299,1.0,0.0,1.000000644785686
10.96066545522734,2.4816233870438102,0.0,-7.181840634181016e-07,-7.181840634181016e-07,0.9999992818161945,1.0,0.0,1.0000007181843213
11.288231690851287,2.508642031277309,0.0,-8.0015048587135e-07,-8.0015048587135e-07,0.9999991998498342,1.0,0.0,1.000000800150806
11.625587445109767,2.5357255043846467,0.0,-8.917028791788254e-07,-8.917028791788254e-07,0.9999991082975184,1.0,0.0,1.0000008917032768
11.973025283794593,2.562872223542082,0.0,-9.93981948091348e-07,-9.93981948091348e-07,0.9999990060185459,1.0,0.0,1.0000009939824421
12.330846516206389,2.5900806367659133,0.0,-1.1082658663176925e-06,-1.1082658663176925e-06,0.9999988917347478,1.0,0.0,1.0000011082664804
12.699361456459767,2.61734922273031,0.0,-1.2359869981657908e-06,-1.2359869981657908e-06,0.9999987640137656,1.0,0.0,1.000001235987762
13.078889692597695,2.644676490560692,0.0,-1.378750668151275e-06,-1.378750668151275e-06,0.9999986212502823,1.0,0.0,1.0000013787516187
13.469760363748582,2.6720609796042956,0.0,-1.5383562306352883e-06,-1.5383562306352883e-06,0.9999984616449527,1.0,0.0,1.000001538357414
13.872312445566342,2.6995012591795184,0.0,-1.7168207226802983e-06,-1.7168207226802983e-06,0.999998283180751,1.0,0.0,1.0000017168221964
14.286895044201009,2.7269959283055925,0.0,-1.9164054182901456e-06,-1.9164054182901456e-06,0.9999980835964181,1.0,0.0,1.0000019164072547
14.713867699054862,2.754543615414055,0.0,-2.1396456415045573e-06,-2.1396456415045573e-06,0.9999978603566475,1.0,0.0,1.0000021396479306
15.153600694586583,2.7821429780434643,0.0,-2.389384239984342e-06,-2.389384239984342e-06,0.9999976106186146,1.0,0.0,1.0000023893870946
15.606475381433887,2.8097927025187275,0.0,-2.668809170351547e-06,-2.668809170351547e-06,0.9999973311943909,1.0,0.0,1.0000026688127317
16.072884507133093,2.837491503616365,0.0,-2.9814957023143014e-06,-2.9814957023143014e-06,0.9999970185087423,1.0,0.0,1.000002981500147
16.553232556722463,2.8652381242169835,0.0,-3.331453811265832e-06,-3.331453811265832e-06,0.999996668551738,1.0,0.0,1.0000033314593606
17.047936103524663,2.8930313349461643,0.0,-3.7231813994519177e-06,-3.7231813994519177e-06,0.9999962768255316,1.0,0.0,1.0000037231883305
17.557424170412595,2.9208699338049398,0.0,-4.161724064905287e-06,-4.161724064905287e-06,0.999995838284595,1.0,0.0,1.0000041617327249
18.082138601871872,2.9487527457909533,0.0,-4.652742226219675e-06,-4.652742226219675e-06,0.9999953472685977,1.0,0.0,1.0000046527530502
18.622534447182595,2.9766786225113715,0.0,-5.202586511082944e-06,-5.202586511082944e-06,0.9999947974270224,1.0,0.0,1.0000052026000446
19.17908035505278,3.0046464417885486,0.0,-5.81838242865413e-06,-5.81838242865413e-06,0.999994181634498,1.0,0.0,1.0000058183993554
19.752258980045625,3.032655107259402,0.0,-6.508125471865455e-06,-6.508125471865455e-06,0.999993491895706,1.0,0.0,1.0000065081466498
20.342567401153133,3.060703547969407,0.0,-7.280787937249737e-06,-7.280787937249737e-06,0.9999927192385676,1.0,0.0,1.0000072808144422
20.950517552879017,3.0887907179620684,0.0,-8.146438908833436e-06,-8.146438908833436e-06,0.9999918535942733,1.0,0.0,1.0000081464720911
21.576636669204845,3.1169155958646932,0.0,-9.11637903112034e-06,-9.11637903112034e-06,0.999990883662523,1.0,0.0,1.0000091164205853
22.22146774082434,3.1450771844712184,0.0,-1.020329189659622e-05,-1.020329189659622e-05,0.9999897967601568,1.0,0.0,1.0000102033439504
22.885569986042423,3.173274510322835,0.0,-1.1421414098172163e-05,-1.1421414098172163e-05,0.9999885786511259,1.0,0.0,1.0000114214793228
23.569519335747376,3.201506623287084,0.0,-1.2786726249522256e-05,-1.2786726249522256e-05,0.9999872133555003,1.0,0.0,1.000012786808
24.273908932876672,3.22977259613607,0.0,-1.431716755968092e-05,-1.431716755968092e-05,0.9999856829349305,1.0,0.0,1.0000143172700509
24.999349646809673,3.258071524124394,0.0,-1.6032876866248582e-05,-1.6032876866248582e-05,0.9999839672516596,1.0,0.0,1.0000160330053935
25.74647060313325,3.286402524567374,0.0,-1.7956463388238766e-05,-1.7956463388238766e-05,0.9999820436978281,1.0,0.0,1.0000179566246066
26.5159197292398,3.314764736420081,0.0,-2.0113310859580954e-05,-2.0113310859580954e-05,0.9999798868914117,1.0,0.0,1.0000201135131335
27.308364316230772,3.3431573198576836,0.0,-2.2531919152679697e-05,-2.2531919152679697e-05,0.9999774683346891,1.0,0.0,1.0000225321729983
28.12449159761302,3.371579455857561,0.0,-2.524428800389492e-05,-2.524428800389492e-05,0.9999747560306305,1.0,0.0,1.0000252446066435
28.965009345289893,3.4000303457836156,0.0,-2.82863480156325e-05,-2.82863480156325e-05,0.9999717140520393,1.0,0.0,1.000028286748078
29.830646483363843,3.4285092109731736,0.0,-3.1698444739871274e-05,-3.1698444739871274e-05,0.9999683020576505,1.0,0.0,1.000031698947141
30.72215372028293,3.457015292326853,0.0,-3.5525882353067966e-05,-3.5525882353067966e-05,0.9999644747486837,1.0,0.0,1.0000355265134047
31.640304199879385,3.4855478499017227,0.0,-3.981953422090625e-05,-3.981953422090625e-05,0.9999601812585662,1.0,0.0,1.000039820327029
32.5858941718649,3.514106162508074,0.0,-4.4636528532547336e-05,-4.4636528532547336e-05,0.9999553644676624,1.0,0.0,1.0000446375247571
33.559743682364044,3.542689527310089,0.0,-5.004101816798884e-05,-5.004101816798884e-05,0.9999499602338628,1.0,0.0,1.0000500422702405
34.56269728508474,3.5712972594306627,0.0,-5.610504505983985e-05,-5.610504505983985e-05,0.9999438965287988,1.0,0.0,1.0000561066189773
35.595624773742436,3.5999286915606157,0.0,-6.290951053414827e-05,-6.290951053414827e-05,0.9999370924682276,1.0,0.0,1.0000629114893789
36.65942193637333,3.6285831735725216,0.0,-7.054526447664006e-05,-7.054526447664006e-05,0.999929457223782,1.0,0.0,1.0000705477528524
37.7550113321906,3.6572600721393305,0.0,-7.911432768444174e-05,-7.911432768444174e-05,0.9999208888017714,1.0,0.0,1.0000791174573054
38.88334309165753,3.6859587703579733,0.0,-8.87312634434243e-05,-8.87312634434243e-05,0.9999112726730587,1.0,0.0,1.0000887352001784
40.04539574047131,3.714678667378096,0.0,-9.952471623266314e-05,-9.952471623266314e-05,0.9999004802361876,1.0,0.0,1.0000995296689816
41.24217704817206,3.743419178036062,0.0,-0.00011163913751548882,-0.00011163913751548882,0.9998883670939012,1.0,0.0,1.000111645369396
42.47472490211308,3.7721797324943482,0.0,-0.00012523672084655669,-0.00012523672084655669,0.9998747711209443,1.0,0.0,1.000125244563292
43.74410820755029,3.80095977588643,0.0,-0.00014049957102119236,-0.00014049957102119236,0.9998595102985813,1.0,0.0,1.000140509441548
45.05142781463126,3.8297587679672547,0.0,-0.0001576321347308188,-0.0001576321347308188,0.9998423802885613,1.0,0.0,1.0001576445593285
46.397817473088054,3.858576182769373,0.0,-0.00017686392317836175,-0.00017686392317836175,0.9998231517163233,1.0,0.0,1.000176879564524
47.784444815461505,3.8874115082647904,0.0,-0.00019845256035888657,-0.00019845256035888657,0.9998015671300479,1.0,0.0,1.000198472253371
49.212512369709856,3.9162642460325916,0.0,-0.00022268719422737017,-0.00022268719422737017,0.9997773375987254,1.0,0.0,1.000222711990861
50.68325860207975,3.9451339109323773,0.0,-0.0002498923117547665,-0.0002498923117547665,0.9997501389087283,1.0,0.0,1.0002499235374396
52.19795899114421,3.9740200307835334,0.0,-0.00028043200290346924,-0.00028043200290346924,0.9997196073144753,1.0,0.0,1.0002804713276334
53.75792713393865,4.002922146050359,0.0,-0.00031471472280935806,-0.00031471472280935806,0.9996853347946743,1.0,0.0,1.0003147642506833
55.36451588515471,4.0318398095330545,0.0,-0.0003531986058984671,-0.0003531986058984671,0.9996468637613862,1.0,0.0,1.0003532609878703
57.01911853037942,4.060772586064569,0.0,-0.000396397390228463,-0.000396397390228463,0.999603681164837,1.0,0.0,1.000396475966056
58.72316999439745,4.089720052213308,0.0,-0.00044488701493620693,-0.00044488701493620693,0.9995552119326178,1.0,0.0,1.0004449859918416
60.478148085604126,4.118681795991665,0.0,-0.0004993129581632062,-0.0004993129581632062,0.9995008116778069,1.0,0.0,1.0004994376356284
62.285574777608566,4.147657416570373,0.0,-0.0005603983870438414,-0.0005603983870438414,0.9994397586068046,1.0,0.0,1.0005605554395558
64.14701752913828,4.176646523998631,0.0,-0.0006289531950397852,-0.0006289531950397852,0.9993712445545604,1.0,0.0,1.0006291510275742
66.06409064338992,4.205648738929983,0.0,-0.0007058840047756075,-0.0007058840047756075,0.9992943650727284,1.0,0.0,1.0007061331995204
68.03845666800513,4.234663692353894,0.0,-0.0007922052161687264,-0.0007922052161687264,0.9992081084955368,1.0,0.0,1.0007925190936007
70.0718278368854,4.263691025332977,0.0,-0.0008890511795292363,-0.0008890511795292363,0.9991113439093773,1.0,0.0,1.0008894465026745
72.16596755509669,4.292730388745841,0.0,-0.0009976895707676397,-0.0009976895707676397,0.9990028079559993,1.0,0.0,1.000998187428563
74.32269192815096,4.321781443035467,0.0,-0.0011195360400549712,-0.0011195360400549712,0.9988810904066192,1.0,0.0,1.0011201629544568
76.54387133699166,4.350843857963093,0.0,-0.0012561701951892307,-0.0012561701951892307,0.998744618456329,1.0,0.0,1.0012569595074379
78.83143206004833,4.379917312367512,0.0,-0.001409352965250132,-0.001409352965250132,0.998591639706244,1.0,0.0,1.0014103465698656
81.18735794376732,4.409001493929736,0.0,-0.0015810453673054258,-0.0015810453673054258,0.9984202038264905,1.0,0.0,1.0015822958784837
83.6136921230676,4.4380960989429505,0.0,-0.0017734286670793933,-0.0017734286670793933,0.9982281429283645,1.0,0.0,1.0017750021216971
86.11253879321302,4.4672008320876895,0.0,-0.0019889258813642957,-0.0019889258813642957,0.9980130507210607,1.0,0.0,1.0019909051064049
88.68606503463855,4.496315406212159,0.0,-0.002230224512922872,-0.002230224512922872,0.997772260589977,1.0,0.0,1.0022327133134625
91.33650269231217,4.525439542117629,0.0,-0.0025003003346779924,-0.0025003003346779924,0.9975028228127261,1.0,0.0,1.0025034286922943
94.06615031126292,4.554572968348825,0.0,-0.0028024419457295014,-0.0028024419457295014,0.9972014812290212,1.0,0.0,1.002806372456978
96.87737512995324,4.583715420989231,0.0,-0.003140275703492186,-0.003140275703492186,0.9968646498050875,1.0,0.0,1.0031452115345103
99.7726151332245,4.612866643461228,0.0,-0.0035177904901637393,-0.0035177904901637393,0.9964883896858239,1.0,0.0,1.0035239851768702
102.75438116659622,4.642026386330997,0.0,-0.003939361594027561,-0.003939361594027561,0.9960683875120069,1.0,0.0,1.0039471310778305
105.82525911375197,4.671194407118085,0.0,-0.00440977277342782,-0.00440977277342782,0.9955999359981271,1.0,0.0,1.0044195101292988
108.9879121391017,4.7003704701095765,0.0,-0.004934235321253877,-0.004934235321253877,0.995077918020483,1.0,0.0,1.0049464287071193
112.24508299736303,4.72955434617876,0.0,-0.005518402659797745,-0.005518402659797745,0.9944967957543187,1.0,0.0,1.005533657090878
115.59959641216751,4.758745812608236,0.0,-0.00616837867201766,-0.00616837867201766,0.9938506067192845,1.0,0.0,1.0061874422968002
119.05436152575113,4.787944652917358,0.0,-0.006890717621730782,-0.006890717621730782,0.9931329689359202,1.0,0.0,1.0069145132413009
122.61237442185721,4.817150656693943,0.0,-0.007692413143949369,-0.007692413143949369,0.9923370977475672,1.0,0.0,1.0077220757641998
126.27672072403598,4.846363619430154,0.0,-0.008580873416928064,-0.008580873416928064,0.9914558371992785,1.0,0.0,1.0086177946411183
130.05057827159777,4.875583342362487,0.0,-0.009563879288625452,-0.009563879288625452,0.9904817091550183,1.0,0.0,1.0096097593292275
133.9372198755368,4.904809632315756,0.0,-0.010649521862960868,-0.010649521862960868,0.989406983531963,1.0,0.0,1.0107064298558135
137.94001615681944,4.934042301551035,0.0,-0.01184611590945242,-0.01184611590945242,0.988223773078384,1.0,0.0,1.011916559024817
142.0624384694944,4.963281167617415,0.0,-0.013162085511315265,-0.013162085511315265,0.9869241559490467,1.0,0.0,1.0132490870469975
146.308061911164,4.992526053207572,0.0,-0.014605818692253863,-0.014605818692253863,0.9855003288585551,1.0,0.0,1.0147130048736148
150.68056842342307,5.021776786016983,0.0,-0.016185488450036877,-0.016185488450036877,0.9839447927329275,1.0,0.0,1.0163171830225137
155.1837499849585,5.051033198606788,0.0,-0.01790883876559089,-0.01790883876559089,0.9822505714515841,1.0,0.0,1.0180701636265637
159.82151190007434,5.080295128270156,0.0,-0.01978293582853515,-0.01978293582853515,0.9804114624132576,1.0,0.0,1.0199799149007558
164.59787618549905,5.109562416902126,0.0,-0.021813886973788225,-0.021813886973788225,0.9784223152449399,1.0,0.0,1.022053549289356
169.5169850584065,5.138834910872806,0.0,-0.024006532658064007,-0.024006532658064007,0.9762793320380264,1.0,0.0,1.0242970092508827
174.58310452868207,5.168112460903894,0.0,-0.026364120142793022,-0.026364120142793022,0.9739803791593216,1.0,0.0,1.0267147279323399
179.8006280985423,5.197394921948404,0.0,-0.028887971214436953,-0.028887971214436953,0.9715252971694789,1.0,0.0,1.029309275747612
185.17408057272328,5.226682153073561,0.0,-0.03157715997096927,-0.03157715997096927,0.9689161920241179,1.0,0.0,1.0320810078639995
190.70812198253594,5.255974017346768,0.0,-0.034428220022634015,-0.034428220022634015,0.9661576879745273,1.0,0.0,1.035027731442494
196.40755162719677,5.285270381724584,0.0,-0.037434902886969997,-0.037434902886969997,0.9632571209375791,1.0,0.0,1.0381444146778356
202.27731223593355,5.314571116944635,0.0,-0.040588010346875265,-0.040588010346875265,0.9602246510878193,1.0,0.0,1.0414229616653978
208.3224942544811,5.343876097420405,0.0,-0.04387532256537927,-0.04387532256537927,0.9570732754754913,1.0,0.0,1.0448520772907195
214.54834025967833,5.373185201138809,0.0,-0.04728164043091922,-0.04728164043091922,0.9538187258407688,1.0,0.0,1.0484172441870687
220.9602495060017,5.402498309560518,0.0,-0.05078895481373904,-0.05078895481373904,0.9504792434356777,1.0,0.0,1.0521008290358038
227.56378260797123,5.431815307522934,0.0,-0.05437674736485809,-0.05437674736485809,0.9470752311824311,1.0,0.0,1.0558823281139893
234.36466636249637,5.461136083145778,0.0,-0.05802241779236368,-0.05802241779236368,0.9436287931253302,1.0,0.0,1.0597387524473119
241.36879871533728,5.490460527739214,0.0,-0.06170182217640546,-0.06170182217640546,0.9401631808113597,1.0,0.0,1.0636451420454491
248.58225387599552,5.519788535714449,0.0,-0.06538989705387624,-0.06538989705387624,0.9367021747512565,1.0,0.0,1.0675751876689648
256.0112875854625,5.549120004496742,0.0,-0.0690613359971743,-0.0690613359971743,0.9332694353111903,1.0,0.0,1.0715019287721117
263.6623425414019,5.578454834440781,0.0,-0.07269128034387966,-0.07269128034387966,0.9298878603780436,1.0,0.0,1.0753984890107635
271.54205398546276,5.607792928748339,0.0,-0.07625598434057096,-0.07625598434057096,0.9265789864875229,1.0,0.0,1.0792388070344674
279.6572554575771,5.637134193388185,0.0,-0.07973341745078423,-0.07973341745078423,0.9233624658996044,1.0,0.0,1.082998320736083
288.0149847222243,5.666478537018166,0.0,-0.08310377257942408,-0.08310377257942408,0.9202556449629452,1.0,0.0,1.086654567644913
296.6224898718094,5.6958258709094185,0.0,-0.08634985762257064,-0.08634985762257064,0.9172732600343136,1.0,0.0,1.090187672060332
305.4872356124405,5.725176108872653,0.0,-0.08945735787666373,-0.08945735787666373,0.9144272574128344,1.0,0.0,1.0935806997150046
314.6169097375649,5.75452916718646,0.0,-0.0924149671478323,-0.0924149671478323,0.9117267343930189,1.0,0.0,1.0968198718728468
324.01942979506936,5.783884964527575,0.0,-0.09521439472382459,-0.09521439472382459,0.9091779906073069,1.0,0.0,1.0998946414574184
333.7029499536352,5.813243421903075,0.0,-0.09785026283023986,-0.09785026283023986,0.9067846729593297,1.0,0.0,1.1027976429469832
343.67586807429404,5.842604462584424,0.0,-0.10031991429162473,-0.10031991429162473,0.9045479939122583,1.0,0.0,1.1055245346075033
353.9468329933265,5.871968012043355,0.0,-0.10262315274408942,-0.10262315274408942,0.9024670016212676,1.0,0.0,1.1080737558309788
364.52475202280885,5.901333997889507,0.0,-0.10476193811067516,-0.10476193811067516,0.9005388810573969,1.0,0.0,1.1104462239607218
375.41879867532475,5.930702349809806,0.0,-0.10674005858673681,-0.10674005858673681,0.8987592673827088,1.0,0.0,1.1126449943733163
386.6384206195279,5.9600729995094985,0.0,-0.10856279763186728,-0.10856279763186728,0.8971225558760098,1.0,0.0,1.114674905284857
398.1933478734682,5.989445880654852,0.0,-0.11023661097810558,-0.11023661097810558,0.895622196180105,1.0,0.0,1.1165422253547022
410.0936012427743,6.018820928817419,0.0,-0.11176882492773595,-0.11176882492773595,0.8942509621377513,1.0,0.0,1.1182543182390885
422.34950101102237,6.0481980814198755,0.0,-0.11316736360804075,-0.11316736360804075,0.8930011917071495,1.0,0.0,1.1198193342702052
434.97167588981586,6.077577277683343,0.0,-0.11444050963473232,-0.11444050963473232,0.8918649942142305,1.0,0.0,1.121245935749548
447.9710722363503,6.106958458576206,0.0,-0.11559669995699633,-0.11559669995699633,0.8908344244213678,1.0,0.0,1.1225430591656127
461.35896354644393,6.136341566764336,0.0,-0.11664435656787772,-0.11664435656787772,0.8899016245597118,1.0,0.0,1.1237197150805973
475.14696023128045,6.165726546562721,0.0,-0.11759175024793923,-0.11759175024793923,0.8890589366263685,1.0,0.0,1.1247848244961234
489.3470196863284,6.195113343888439,0.0,-0.11844689450710162,-0.11844689450710162,0.8882989879598359,1.0,0.0,1.1257470891604964
503.9714566611841,6.22450190621496,0.0,-0.11921746631539197,-0.11921746631539197,0.8876147534621454,1.0,0.0,1.1266148924400992
519.0329539393157,6.253892182527714,0.0,-0.11991074997673304,-0.11991074997673304,0.8869995979192875,1.0,0.0,1.1273962269495807
534.5445733369862,6.283284123280926,0.0,-0.12053360051337986,-0.12053360051337986,0.8864473017605523,1.0,0.0,1.1280986450225787
550.5197670308777,6.312677680355639,0.0,-0.12109242311480807,-0.12109242311480807,0.885952073358653,1.0,0.0,1.1287292282177186
566.972389224257,6.342072807018948,0.0,-0.12159316549969833,-0.12159316549969833,0.8855085506591156,1.0,0.0,1.129294572317415
583.9167081617835,6.371469457884348,0.0,-0.12204132039288394,-0.12204132039288394,0.8851117945799096,1.0,0.0,1.1298007846281366
601.3674185033955,6.400867588873234,0.0,-0.12244193569338044,-0.12244193569338044,0.8847572762698221,1.0,0.0,1.1302534907834232
619.3396540679886,6.430267157177452,0.0,-0.12279963027869335,-0.12279963027869335,0.8844408599763554,1.0,0.0,1.130657848651106
637.8490009579566,6.45966812122294,0.0,-0.12311861373738875,-0.12311861373738875,0.884158782963171,1.0,0.0,1.1310185673308573
656.911511075957,6.489070440634368,0.0,-0.1234027086363434,-0.1234027086363434,0.8839076336398751,1.0,0.0,1.1313399295829858
676.5437160456443,6.5184740762008,0.0,-0.1236553742063217,-0.1236553742063217,0.8836843288257205,1.0,0.0,1.1316258163464832
696.7626415484212,6.547878989842308,0.0,-0.12387973056836621,-0.12387973056836621,0.8834860908633149,1.0,0.0,1.131879732280597
717.5858220886655,6.577285144577552,0.0,-0.12407858282519448,-0.12407858282519448,0.8833104251266133,1.0,0.0,1.1321048314998212
739.0313162002107,6.6066925044922575,0.0,-0.12425444450910067,-0.12425444450910067,0.8831550983262553,1.0,0.0,1.1323039428693642
761.1177221072958,6.636101034708604,0.0,-0.12440956001430953,-0.12440956001430953,0.8830181179011692,1.0,0.0,1.1324795943902974
783.8641938535393,6.66551070135547,0.0,-0.12454592575116244,-0.12454592575116244,0.8828977126946261,1.0,0.0,1.132634036334713
807.2904579129491,6.6949214715395335,0.0,-0.12466530984576644,-0.12466530984576644,0.882792315042095,1.0,0.0,1.132769262895448
831.4168302973517,6.7243333133171825,0.0,-0.12476927027542647,-0.12476927027542647,0.8827005443440659,1.0,0.0,1.1328870321962918
856.2642341750976,6.753746195667233,0.0,-0.1248591713805877,-0.1248591713805877,0.882621192156581,1.0,0.0,1.132988884570761
881.8542180163063,6.783160088464421,0.0,-0.12493619873105083,-0.12493619873105083,0.882553208803009,1.0,0.0,1.133076159063862
908.2089742803915,6.812574962453643,0.0,-0.12500137235039435,-0.12500137235039435,0.8824956914904541,1.0,0.0,1.1331500081446197
935.351358662084,6.841990789224938,0.0,-0.12505555831997925,-0.12505555831997925,0.8824478739012892,1.0,0.0,1.1332114106400581
963.3049099126199,6.871407541189179,0.0,-0.12509947879441333,-0.12509947879441333,0.8824091172231161,1.0,0.0,1.1332611829158505
992.0938702533132,6.9008251915544605,0.0,-0.12513372046539065,-0.12513372046539065,0.8823789025777597,1.0,0.0,1.1332999883367847
1021.7432063991835,6.930243714303148,0.0,-0.12515874151161457,-0.12515874151161457,0.8823568248106569,1.0,0.0,1.1333283450429341
1052.278631210905,6.959663084169604,0.0,-0.1251748770700526,-0.1251748770700526,0.88234258760541,1.0,0.0,1.1333466320762104
1083.72662599382,6.989083276618526,0.0,-0.12518234325885866,-0.12518234325885866,0.8823359998936517,1.0,0.0,1.133355093887737
1116.1144634633908,7.018504267823925,0.0,-0.12518123977560472,-0.12518123977560472,0.8823369735371892,1.0,0.0,1.13335384325006
1149.4702313969678,7.0479260346486825,0.0,-0.12517155108652753,-0.12517155108652753,0.8823455222672001,1.0,0.0,1.1333428625902526
1183.822856992426,7.077348554624717,0.0,-0.12515314621378887,-0.12515314621378887,0.8823617618736924,1.0,0.0,1.13332200375105
1219.2021319547548,7.106771805933694,0.0,-0.1251257771186883,-0.1251257771186883,0.8823859116471434,1.0,0.0,1.1332909861778133
1255.6387383323947,7.136195767388309,0.0,-0.12508907566973979,-0.12508907566973979,0.8824182970829252,1.0,0.0,1.1332493935198003
1293.1642751256902,7.165620418414086,0.0,-0.12504254917593632,-0.12504254917593632,0.8824593538674632,1.0,0.0,1.1331966686254766
1331.8112856905714,7.195045739031718,0.0,-0.12498557445779511,-0.12498557445779511,0.8825096331727319,1.0,0.0,1.1331321069038935
1371.613285961192,7.224471709839894,0.0,-0.1249173904223992,-0.1249173904223992,0.8825698082922653,1.0,0.0,1.1330548480181495
1412.6047935160393,7.2538983119986336,0.0,-0.12483708910420274,-0.12483708910420274,0.882640682656886,1.0,0.0,1.1329638658733068
1454.8213575126808,7.283325527213089,0.0,-0.12474360513154796,-0.12474360513154796,0.8827231992712579,1.0,0.0,1.1328579568607253
1498.299589517151,7.3127533377178215,0.0,-0.12463570358051795,-0.12463570358051795,0.8828184516124347,1.0,0.0,1.132735726324634
1543.0771952546713,7.342181726261518,0.0,-0.12451196618397337,-0.12451196618397337,0.8829276960279291,1.0,0.0,1.1325955732261543
1589.1930073092828,7.3716106760921525,0.0,-0.12437077587569564,-0.12437077587569564,0.8830523656623831,1.0,0.0,1.1324356729964635
1636.6870188007042,7.401040170942575,0.0,-0.12421029966906132,-0.12421029966906132,0.8831940859273453,1.0,0.0,1.1322539585962124
1685.6004180676662,7.430470195016513,0.0,-0.1240284698985102,-0.1240284698985102,0.8833546915063368,1.0,0.0,1.132048099834908
1735.9756243877566,7.459900732974969,0.0,-0.12382296389251309,-0.12382296389251309,0.88353624485538,1.0,0.0,1.1318154810544114
1787.856324764798,7.4893317699230195,0.0,-0.12359118220146081,-0.12359118220146081,0.8837410561151516,1.0,0.0,1.131553177348026
1841.2875118156128,7.5187632913969855,0.0,-0.12333022557595708,-0.12333022557595708,0.8839717042922507,1.0,0.0,1.131257929574394
1896.3155227890875,7.548195283351977,0.0,-0.12303687098386774,-0.12303687098386774,0.8842310594906411,1.0,0.0,1.1309261185374413
1952.9880797513126,7.577627732149787,0.0,-0.12270754707194298,-0.12270754707194298,0.8845223058767653,1.0,0.0,1.1305537388441207
2011.3543309717152,7.60706062454715,0.0,-0.12233830962386986,-0.12233830962386986,0.884848964939419,1.0,0.0,1.1301363731249487
2071.4648935460064,7.636493947684319,0.0,-0.12192481774516721,-0.12192481774516721,0.8852149184544891,1.0,0.0,1.1296691675123551
2133.3718972929755,7.665927689073987,0.0,-0.12146231171993357,-0.12146231171993357,0.8856244303814679,1.0,0.0,1.1291468095220305
2197.129029963135,7.695361836590517,0.0,-0.1209455937376843,-0.1209455937376843,0.8860821667002742,1.0,0.0,1.1285635097746636
2262.791583798485,7.724796378459492,0.0,-0.12036901298122486,-0.12036901298122486,0.8865932119415034,1.0,0.0,1.1279129893292923
2330.4165034837133,7.75423130324755,0.0,-0.11972645689680059,-0.11972645689680059,0.8871630808710125,1.0,0.0,1.1271884747708445
2400.0624355304785,7.783666599852535,0.0,-0.1190113508296258,-0.1190113508296258,0.8877977234640562,1.0,0.0,1.1263827035939529
2471.7897791375403,7.813102257493909,0.0,-0.11821666858952452,-0.11821666858952452,0.8885035209529163,1.0,0.0,1.1254879428361795
2545.660738570911,7.842538265703456,0.0,-0.11733495689325897,-0.11733495689325897,0.8892872703692524,1.0,0.0,1.1244960243103188
2621.7393771093803,7.871974614316244,0.0,-0.11635837698272529,-0.11635837698272529,0.8901561546506,1.0,0.0,1.123398400129599
2700.0916726022815,7.901411293461857,0.0,-0.11527876700010109,-0.11527876700010109,0.8911176950721799,1.0,0.0,1.1221862224596502
2780.7855746875844,7.930848293555869,0.0,-0.11408772885708635,-0.11408772885708635,0.892179682545178,1.0,0.0,1.120850451500124
2863.891063720039,7.960285605291576,0.0,-0.1127767432960577,-0.1127767432960577,0.8933500842490759,1.0,0.0,1.1193819955147493
2949.4802114603717,7.9897232196319505,0.0,-0.11133731652347575,-0.11133731652347575,0.8946369222099502,1.0,0.0,1.1177718861968942
3037.6272435782653,8.019161127801851,0.0,-0.1097611611080843,-0.1097611611080843,0.8960481208817656,1.0,0.0,1.1160114916774106
3128.408604023229,8.048599321280433,0.0,-0.1080404126846096,-0.1080404126846096,0.8975913216224696,1.0,0.0,1.1140927679563772
3221.903021319283,8.07803779179379,0.0,-0.10616788230513424,-0.10616788230513424,0.899273663266904,1.0,0.0,1.1120085473949886
3318.1915768408485,8.107476531307812,0.0,-0.10413734198157203,-0.10413734198157203,0.9011015298524503,1.0,0.0,1.1097528601063897
3417.3577751291546,8.13691553202124,0.0,-0.10194383806228842,-0.10194383806228842,0.9030802689824874,1.0,0.0,1.1073212806727728
3519.4876163100466,8.166354786358923,0.0,-0.09958402366067046,-0.09958402366067046,0.9052138872885248,1.0,0.0,1.1047112887269077
3624.6696706760954,8.195794286965278,0.0,-0.09705649758334832,-0.09705649758334832,0.9075047328605945,1.0,0.0,1.101922627827897
3732.9951554975833,8.22523402669793,0.0,-0.09436213339185293,-0.09436213339185293,0.909953178136838,1.0,0.0,1.0989576431257002
3844.5580141290925,8.254673998621536,0.0,-0.09150437879829867,-0.09150437879829867,0.9125573202388213,1.0,0.0,1.0958215750636842
3959.454997480182,8.284114196001797,0.0,-0.08848950306964828,-0.08848950306964828,0.9153127186594284,1.0,0.0,1.0925227844147134
4077.785747920929,8.31355461229963,0.0,-0.0853267690722967,-0.0853267690722967,0.9182121920275139,1.0,0.0,1.089072883896139
4199.652885694974,8.342995241165514,0.0,-0.08202850757021526,-0.08202850757021526,0.9212456958456455,1.0,0.0,1.0854867539783324
4325.16209791514,8.372436076434008,0.0,-0.07861007479228138,-0.07861007479228138,0.9244003011599831,1.0,0.0,1.0817824255846205
4454.42223021867,8.40187711211841,0.0,-0.07508968024241573,-0.07508968024241573,0.9276602897983975,1.0,0.0,1.077980820131175
4587.545381161708,8.431318342405586,0.0,-0.071488080014819,-0.071488080014819,0.9310073751228354,1.0,0.0,1.0741053473051831
4724.6469994347535,8.46075976165094,0.0,-0.06782814086422975,-0.06782814086422975,0.9344210485725316,1.0,0.0,1.070181372227916
4865.84598398352,8.490201364373531,0.0,-0.06413429095944435,-0.06413429095944435,0.9378790423970204,1.0,0.0,1.0662355749460097
5011.2647871219,8.519643145251337,0.0,-0.0604318833517862,-0.0604318833517862,0.9413578889787293,1.0,0.0,1.0622952351149795
5161.029520726602,8.549085099116644,0.0,-0.05674650639223226,-0.05674650639223226,0.9448335482769472,1.0,0.0,1.0583874819259513
5315.270065605396,8.578527220951578,0.0,-0.05310328048089254,-0.05310328048089254,0.9482820683964833,1.0,0.0,1.0545385527440903
5474.120184133982,8.60796950588377,0.0,-0.04952618187881689,-0.04952618187881689,0.9516802410335321,1.0,0.0,1.0507731030687284
5637.717636258991,8.637411949182125,0.0,-0.04603743165474144,-0.04603743165474144,0.9550062140587824,1.0,0.0,1.047113605418329
5806.204298967898,8.666854546252747,0.0,-0.042656981571556625,-0.042656981571556625,0.9582400276877973,1.0,0.0,1.0435798663232303
5979.7262893293,8.696297292634952,0.0,-0.039402119744178794,-0.039402119744178794,0.961364047944503,1.0,0.0,1.0401886799679108
6158.434091210339,8.725740183997404,0.0,-0.03628720845759802,-0.03628720845759802,0.9643632804144472,1.0,0.0,1.0369536255779435
6342.4826857812,8.75518321613438,0.0,-0.03332355595280492,-0.03332355595280492,0.9672255573681052,1.0,0.0,1.0338850047770414
6532.031685919739,8.784626384962118,0.0,-0.030519414468011964,-0.030519414468011964,0.9699416009842277,1.0,0.0,1.0309899059750312
6727.245474632965,8.814069686515289,0.0,-0.027880089255523443,-0.027880089255523443,0.972504973605295,1.0,0.0,1.0282723761224324
6928.293347615236,8.843513116943559,0.0,-0.025408138177022192,-0.025408138177022192,0.9749119320397438,1.0,0.0,1.0257336761770535
7135.349660066998,8.872956672508263,0.0,-0.023103638909404804,-0.023103638909404804,0.9771612066034749,1.0,0.0,1.0233725952710615
7348.593977901186,8.902400349579157,0.0,-0.02096450053577645,-0.02096450053577645,0.9792537269350784,1.0,0.0,1.0211857994453128
7568.211233468632,8.931844144631292,0.0,-0.018986797894233562,-0.018986797894233562,0.9811923159620302,1.0,0.0,1.019168193362307
7794.391885937302,8.961288054241946,0.0,-0.017165109946730896,-0.017165109946730896,0.982981371233658,1.0,0.0,1.0173132770003397
8027.332086464698,8.99073207508767,0.0,-0.015492847044098156,-0.015492847044098156,0.9846265497168338,1.0,0.0,1.0156134833938688
8267.2338483064,9.020176203941407,0.0,-0.013962555804225486,-0.013962555804225486,0.9861344685836585,1.0,0.0,1.0140604875481698
8514.305222008541,9.049620437669695,0.0,-0.012566194003812876,-0.012566194003812876,0.9875124309287505,1.0,0.0,1.0126454803809457
8768.760475835896,9.07906477322996,0.0,-0.011295371150108162,-0.011295371150108162,0.9887681820438979,1.0,0.0,1.0113594047220296
9030.820281592287,9.108509207667877,0.0,-0.010141553104383822,-0.010141553104383822,0.9899096990401917,1.0,0.0,1.0101931529407093
9300.711905994225,9.137953738114813,0.0,-0.00909623122557964,-0.00909623122557964,0.9909450143312276,1.0,0.0,1.0091377276617952
9578.669407764013,9.16739836178534,0.0,-0.008151058012038474,-0.008151058012038474,0.9918820717859083,1.0,0.0,1.0081843683286615
9864.933840612937,9.196843075974822,0.0,-0.007297952207100634,-0.007297952207100634,0.9927286131825104,1.0,0.0,1.0073246471602937
10159.753462290906,9.226287878057082,0.0,-0.0065291768885733514,-0.0065291768885733514,0.9934920918725052,1.0,0.0,1.0065505384297815
10463.383949883484,9.255732765482112,0.0,-0.005837394277115321,-0.005837394277115321,0.9941796102054791,1.0,0.0,1.0058544650632273
10776.088621543433,9.28517773577388,0.0,-0.005215700964084549,-0.005215700964084549,0.9947978771874061,1.0,0.0,1.00522932641081
11098.13866484857,9.314622786528174,0.0,-0.004657647054075247,-0.004657647054075247,0.9953531829633079,1.0,0.0,1.0046685107519904
11429.813371984466,9.344067915410518,0.0,-0.004157242405992364,-0.004157242405992364,0.9958513869639496,1.0,0.0,1.0041658957253634
11771.4003819556,9.373513120154161,0.0,-0.0037089527895693307,-0.0037089527895693307,0.9962979168801104,1.0,0.0,1.0037158394664545
12123.195930035265,9.402958398558106,0.0,-0.0033076883889817206,-0.0033076883889817206,0.9966977759857809,1.0,0.0,1.0033131648266727
12485.505104670217,9.432403748485202,0.0,-0.0029487867075757195,-0.0029487867075757195,0.9970555566936442,1.0,0.0,1.0029531386557033
12858.642112063317,9.461849167860295,0.0,-0.0026279915744637093,-0.0026279915744637093,0.9973754585724133,1.0,0.0,1.002631447771277
13242.930548663222,9.49129465466843,0.0,-0.002341429634506555,-0.002341429634506555,0.9976613093737114,1.0,0.0,1.0023441729215266
13638.70368179778,9.520740206953105,0.0,-0.002085585422476625,-0.002085585422476625,0.9979165878996551,1.0,0.0,1.002087761768476
14046.304738694043,9.550185822814576,0.0,-0.0018572758808171285,-0.0018572758808171285,0.9981444477887564,1.0,0.0,1.0018590016859326
14466.087204136098,9.579631500408208,0.0,-0.0016536249768365917,-0.0016536249768365917,0.9983477415076241,1.0,0.0,1.0016549929685632
14898.41512701841,9.609077237942882,0.0,-0.0014720389064207225,-0.0014720389064207225,0.9985290440114194,1.0,0.0,1.001473122887514
15343.663436060895,9.63852303367944,0.0,-0.0013101822336732218,-0.0013101822336732218,0.998690675680354,1.0,0.0,1.0013110408973769
15802.218264959018,9.667968885929179,0.0,-0.0011659552053116342,-0.0011659552053116342,0.9988347242563591,1.0,0.0,1.0011666351953357
16274.477287251502,9.697414793052381,0.0,-0.0010374723911917468,-0.0010374723911917468,0.998963065597224,1.0,0.0,1.001038010751835
16760.850061195593,9.726860753456906,0.0,-0.0009230427343062719,-0.0009230427343062719,0.9990773831385954,1.0,0.0,1.0009234688693545
17261.758384949324,9.7563067655968,0.0,-0.0008211510416463742,-0.0008211510416463742,0.999179186010607,1.0,0.0,1.000821488278464
17777.63666236827,9.78575282797096,0.0,-0.0007304409084730509,-0.0007304409084730509,0.9992698257985455,1.0,0.0,1.000730707745399
18308.932279734738,9.815198939121833,0.0,-0.0006496990402725428,-0.0006496990402725428,0.999350511968449,1.0,0.0,1.0006499101404087
18856.105993745492,9.844645097634151,0.0,-0.0005778409168068513,-0.0005778409168068513,0.9994223260011035,1.0,0.0,1.000578007899031
19419.632331094992,9.87409130213371,0.0,-0.0005138977294140334,-0.0005138977294140334,0.9994862342934078,1.0,0.0,1.0005140297974744
20000.000000000004,9.90353755128617,0.0,-0.00045700451457761365,-0.00045700451457761365,0.9995430998960796,1.0,0.0,1.0004571089570504
