z,u,Xi,ln_Xi,s
0.0,0.0,1.0,0.0,0.0
0.010033444816053512,0.009983443984183212,1.0,0.0,0.0
0.020066889632107024,0.019868203216725198,1.0,0.0,0.0
0.030100334448160536,0.029656209582888043,1.0,0.0,0.0
0.04013377926421405,0.03934933878854771,1.0,0.0,0.0
0.05016722408026756,0.04894941251756694,1.0,0.0,0.0
0.06020066889632107,0.05845820048659419,1.0,0.0,0.0
0.07023411371237459,0.06787742240308581,1.0,0.0,0.0
0.0802675585284281,0.07720874983197011,1.0,0.0,0.0
0.0903010033444816,0.08645380797602122,1.0,0.0,0.0
0.10033444816053512,0.09561417737468547,1.0,0.0,0.0
0.11036789297658864,0.10469139552580212,1.0,0.0,0.0
0.12040133779264214,0.11368695843438001,1.0,0.0,0.0
0.13043478260869565,0.12260232209233235,1.0,0.0,0.0
0.14046822742474918,0.1314389038928304,1.0,0.0,0.0
0.1505016722408027,0.14019808398271194,1.0,0.0,0.0
0.1605351170568562,0.14888120655617276,1.0,0.0,0.0
0.1705685618729097,0.15748958109277295,1.0,0.0,0.0
0.1806020066889632,0.16602448354261035,1.0,0.0,0.0
0.19063545150501673,0.17448715746134405,1.0,0.0,0.0
0.20066889632107024,0.18287881509759246,1.0,0.0,0.0
0.21070234113712374,0.1912006384350846,1.0,0.0,0.0
0.22073578595317728,0.1994537801918051,1.0,0.0,0.0
0.23076923076923078,0.20763936477824452,1.0,0.0,0.0
0.2408026755852843,0.21575848921674873,1.0,0.0,0.0
0.2508361204013378,0.2238122240238455,1.0,0.0,0.0
0.2608695652173913,0.23180161405732433,1.0,0.0,0.0
0.2709030100334448,0.239727679329745,1.0,0.0,0.0
0.28093645484949836,0.24759141578995958,1.0,0.0,0.0
0.29096989966555187,0.2553937960741445,1.0,0.0,0.0
0.3010033444816054,0.2631357702277599,1.0,0.0,0.0
0.3110367892976589,0.27081826639977613,1.0,0.0,0.0
0.3210702341137124,0.2784421915104355,1.0,0.0,0.0
0.3311036789297659,0.2860084318937513,1.0,0.0,0.0
0.3411371237458194,0.29351785391588275,1.0,0.0,0.0
0.3511705685618729,0.3009713045704636,1.0,0.0,0.0
0.3612040133779264,0.30836961205190855,1.0,0.0,0.0
0.37123745819397996,0.3157135863076671,1.0,0.0,0.0
0.38127090301003347,0.32300401957034636,1.0,0.0,0.0
0.391304347826087,0.33024168687057687,1.0,0.0,0.0
0.4013377926421405,0.33742734653145134,1.0,0.0,0.0
0.411371237458194,0.3445617406453254,1.0,0.0,0.0
0.4214046822742475,0.3516455955337304,1.0,0.0,0.0
0.431438127090301,0.3586796221911104,1.0,0.0,0.0
0.44147157190635455,0.3656645167130614,1.0,0.0,0.0
0.45150501672240806,0.37260096070971843,1.0,0.0,0.0
0.46153846153846156,0.37948962170490375,1.0,0.0,0.0
0.47157190635451507,0.38633115352162045,1.0,0.0,0.0
0.4816053511705686,0.3931261966544492,1.0,0.0,0.0
0.4916387959866221,0.39987537862937766,1.0,0.0,0.0
0.5016722408026756,0.40657931435156786,1.0,0.0,0.0
0.5117056856187291,0.41323860644154475,1.0,0.0,0.0
0.5217391304347826,0.41985384556026395,1.0,0.0,0.0
0.5317725752508361,0.4264256107234985,1.0,0.0,0.0
0.5418060200668896,0.43295446960596207,1.0,0.0,0.0
0.5518394648829431,0.4394409788355688,1.0,0.0,0.0
0.5618729096989967,0.44588568427821096,1.0,0.0,0.0
0.5719063545150502,0.4522891213134179,0.9999995937110174,-4.0628906513308615e-07,-0.00039268129075726476
0.5819397993311037,0.4586518151012466,0.9999890790304781,-1.0921029156116008e-05,-0.0033364272248229488
0.5919732441471572,0.4649742808407336,0.9999530814388766,-4.691966183345601e-05,-0.008318045095245963
0.6020066889632107,0.47125702402022884,0.9998819687731552,-0.00011803819307827576,-0.014453810110499017
0.6120401337792643,0.4775005406599139,0.9997713785897683,-0.00022864754809015357,-0.020997538084098395
0.6220735785953178,0.4837053175467968,0.9996212580335521,-0.00037881370730129385,-0.027332920368152956
0.6321070234113713,0.4898718324624608,0.9994349775159899,-0.0005651821693672608,-0.03296624444724656
0.6421404682274248,0.49600055440383417,0.9992185136938357,-0.000781791825770955,-0.037519480214006404
0.6521739130434783,0.5020919437972361,0.9989796978659867,-0.0010208229965571814,-0.04072371305168806
0.6622073578595318,0.5081464527059423,0.9987275262178998,-0.0012732840643114298,-0.042412905887385374
0.6722408026755853,0.5141645250315053,0.9984715284520917,-0.0015296408521954428,-0.042517973356260876
0.6822742474916388,0.5201465967090528,0.9982211913386172,-0.0017803926201614467,-0.04106115213641389
0.6923076923076923,0.5260930958967791,0.9979854336682284,-0.0020165983000059963,-0.03815065237931974
0.7023411371237458,0.5320044431598363,0.9977721290432003,-0.0022303563534144728,-0.03397557597558324
0.7123745819397993,0.5378810516488213,0.9975876729323875,-0.00241524141640478,-0.02880108816323519
0.7224080267558528,0.5437233272730497,0.9974365904722934,-0.0025667006875067285,-0.022963829708912916
0.7324414715719064,0.5495316688687967,0.9973211816300301,-0.002682412824595299,-0.016867557573777673
0.7424749163879599,0.5553064683626805,0.9972412005651358,-0.002762611935589406,-0.010979002618493461
0.7525083612040134,0.5610481109303558,0.9971935663380234,-0.0028103790803584608,-0.005823933507448312
0.7625418060200669,0.5667569751506759,0.9971721025120251,-0.0028319035443364086,-0.0019834165438673596
0.7725752508361204,0.5724334331554811,0.997167303679259,-0.002836715997774657,-9.026170665498593e-05
0.782608695652174,0.5780778507751582,0.997167259911325,-0.0028367598900430257,0.0
0.7926421404682275,0.5836905876801156,0.997167259911325,-0.0028367598900430257,0.0
0.802675585284281,0.5892719975183107,0.997167259911325,-0.0028367598900430257,0.0
0.8127090301003345,0.5948224280489598,0.997167259911325,-0.0028367598900430257,0.0
0.822742474916388,0.6003422212725577,0.997167259911325,-0.0028367598900430257,0.0
0.8327759197324415,0.6058317135573291,0.997167259911325,-0.0028367598900430257,0.0
0.842809364548495,0.6112912357622281,0.997167259911325,-0.0028367598900430257,0.0
0.8528428093645485,0.6167211133565974,0.997167259911325,-0.0028367598900430257,0.0
0.862876254180602,0.6221216665365976,0.997167259911325,-0.0028367598900430257,0.0
0.8729096989966555,0.6274932103385085,0.997167259911325,-0.0028367598900430257,0.0
0.8829431438127091,0.632836054749004,0.997167259911325,-0.0028367598900430257,0.0
0.8929765886287626,0.6381505048124966,0.997167259911325,-0.0028367598900430257,0.0
0.9030100334448161,0.6434368607356445,0.997167259911325,-0.0028367598900430257,0.0
0.9130434782608696,0.6486954179891115,0.997167259911325,-0.0028367598900430257,0.0
0.9230769230769231,0.653926467406664,0.997167259911325,-0.0028367598900430257,0.0
0.9331103678929766,0.6591302952816911,0.997167259911325,-0.0028367598900430257,0.0
0.9431438127090301,0.6643071834612249,0.997167259911325,-0.0028367598900430257,0.0
0.9531772575250836,0.6694574094375406,0.997167259911325,-0.0028367598900430257,0.0
0.9632107023411371,0.67458124643741,0.997167259911325,-0.0028367598900430257,0.0
0.9732441471571907,0.6796789635090787,0.997167259911325,-0.0028367598900430257,0.0
0.9832775919732442,0.684750825607039,0.997167259911325,-0.0028367598900430257,0.0
0.9933110367892977,0.6897970936746634,0.997167259911325,-0.0028367598900430257,0.0
1.0033444816053512,0.694818024724763,0.997167259911325,-0.0028367598900430257,0.0
1.0133779264214047,0.6998138719181346,0.997167259911325,-0.0028367598900430257,0.0
1.0234113712374582,0.704784884640155,0.997167259911325,-0.0028367598900430257,0.0
1.0334448160535117,0.7097313085754806,0.997167259911325,-0.0028367598900430257,0.0
1.0434782608695652,0.7146533857809089,0.997167259911325,-0.0028367598900430257,0.0
1.0535117056856187,0.719551354756456,0.997167259911325,-0.0028367598900430257,0.0
1.0635451505016722,0.7244254505147014,0.997167259911325,-0.0028367598900430257,0.0
1.0735785953177257,0.7292759046484508,0.997167259911325,-0.0028367598900430257,0.0
1.0836120401337792,0.7341029453967667,0.997167259911325,-0.0028367598900430257,0.0
1.0936454849498327,0.738906797709412,0.997167259911325,-0.0028367598900430257,0.0
1.1036789297658862,0.7436876833097541,0.997167259911325,-0.0028367598900430257,0.0
1.1137123745819397,0.7484458207561709,0.997167259911325,-0.0028367598900430257,0.0
1.1237458193979935,0.7531814255020053,0.997167259911325,-0.0028367598900430257,0.0
1.133779264214047,0.7578947099541036,0.997167259911325,-0.0028367598900430257,0.0
1.1438127090301005,0.7625858835299837,0.997167259911325,-0.0028367598900430257,0.0
1.153846153846154,0.7672551527136673,0.997167259911325,-0.0028367598900430257,0.0
1.1638795986622075,0.7719027211102142,0.997167259911325,-0.0028367598900430257,0.0
1.173913043478261,0.7765287894989964,0.997167259911325,-0.0028367598900430257,0.0
1.1839464882943145,0.7811335558857446,0.997167259911325,-0.0028367598900430257,0.0
1.193979933110368,0.7857172155534027,0.997167259911325,-0.0028367598900430257,0.0
1.2040133779264215,0.7902799611118209,0.997167259911325,-0.0028367598900430257,0.0
1.214046822742475,0.7948219825463219,0.997167259911325,-0.0028367598900430257,0.0
1.2240802675585285,0.7993434672651678,0.997167259911325,-0.0028367598900430257,0.0
1.234113712374582,0.8038446001459594,0.997167259911325,-0.0028367598900430257,0.0
1.2441471571906355,0.8083255635809954,0.997167259911325,-0.0028367598900430257,0.0
1.254180602006689,0.8127865375216207,0.997167259911325,-0.0028367598900430257,0.0
1.2642140468227425,0.8172276995215886,0.997167259911325,-0.0028367598900430257,0.0
1.274247491638796,0.821649224779466,0.997167259911325,-0.0028367598900430257,0.0
1.2842809364548495,0.8260512861801037,0.997167259911325,-0.0028367598900430257,0.0
1.294314381270903,0.8304340543351988,0.997167259911325,-0.0028367598900430257,0.0
1.3043478260869565,0.8347976976229722,0.997167259911325,-0.0028367598900430257,0.0
1.31438127090301,0.8391423822269831,0.997167259911325,-0.0028367598900430257,0.0
1.3244147157190636,0.8434682721741057,0.997167259911325,-0.0028367598900430257,0.0
1.334448160535117,0.847775529371686,0.997167259911325,-0.0028367598900430257,0.0
1.3444816053511706,0.8520643136439037,0.997167259911325,-0.0028367598900430257,0.0
1.354515050167224,0.856334782767356,0.997167259911325,-0.0028367598900430257,0.0
1.3645484949832776,0.8605870925058863,0.997167259911325,-0.0028367598900430257,0.0
1.374581939799331,0.8648213966446747,0.997167259911325,-0.0028367598900430257,0.0
1.3846153846153846,0.8690378470236095,0.997167259911325,-0.0028367598900430257,0.0
1.394648829431438,0.8732365935699592,0.997167259911325,-0.0028367598900430257,0.0
1.4046822742474916,0.8774177843303602,0.997167259911325,-0.0028367598900430257,0.0
1.414715719063545,0.8815815655021397,0.997167259911325,-0.0028367598900430257,0.0
1.4247491638795986,0.8857280814639883,0.997167259911325,-0.0028367598900430257,0.0
1.434782608695652,0.8898574748059995,0.997167259911325,-0.0028367598900430257,0.0
1.4448160535117056,0.893969886359092,0.997167259911325,-0.0028367598900430257,0.0
1.4548494983277593,0.8980654552238292,0.997167259911325,-0.0028367598900430257,0.0
1.4648829431438128,0.9021443187986502,0.997167259911325,-0.0028367598900430257,0.0
1.4749163879598663,0.906206612807529,0.997167259911325,-0.0028367598900430257,0.0
1.4849498327759199,0.9102524713270728,0.997167259911325,-0.0028367598900430257,0.0
1.4949832775919734,0.9142820268130745,0.997167259911325,-0.0028367598900430257,0.0
1.5050167224080269,0.918295410126533,0.997167259911325,-0.0028367598900430257,0.0
1.5150501672240804,0.9222927505591534,0.997167259911325,-0.0028367598900430257,0.0
1.5250836120401339,0.9262741758583384,0.997167259911325,-0.0028367598900430257,0.0
1.5351170568561874,0.9302398122516853,0.997167259911325,-0.0028367598900430257,0.0
1.5451505016722409,0.9341897844709994,0.9216894463904824,-0.08154693820486664,0.0
1.5551839464882944,0.938124215775834,0.9216894463904824,-0.08154693820486664,0.0
1.565217391304348,0.9420432279765698,0.9216894463904824,-0.08154693820486664,0.0
1.5752508361204014,0.9459469414570432,0.9216894463904824,-0.08154693820486664,0.0
1.585284280936455,0.9498354751967355,0.9216894463904824,-0.08154693820486664,0.0
1.5953177257525084,0.9537089467925324,0.9216894463904824,-0.08154693820486664,0.0
1.605351170568562,0.9575674724800618,0.9216894463904824,-0.08154693820486664,0.0
1.6153846153846154,0.9614111671546246,0.9216894463904824,-0.08154693820486664,0.0
1.625418060200669,0.965240144391722,0.9216894463904824,-0.08154693820486664,0.0
1.6354515050167224,0.9690545164671927,0.9216894463904824,-0.08154693820486664,0.0
1.645484949832776,0.9728543943769674,0.9216894463904824,-0.08154693820486664,0.0
1.6555183946488294,0.9766398878564493,0.9216894463904824,-0.08154693820486664,0.0
1.665551839464883,0.9804111053995286,0.9216894463904824,-0.08154693820486664,0.0
1.6755852842809364,0.9841681542772409,0.9216894463904824,-0.08154693820486664,0.0
1.68561872909699,0.9879111405560752,0.9216894463904824,-0.08154693820486664,0.0
1.6956521739130435,0.9916401691159419,0.9216894463904824,-0.08154693820486664,0.0
1.705685618729097,0.9953553436678053,0.9216894463904824,-0.08154693820486664,0.0
1.7157190635451505,0.9990567667709915,0.9216894463904824,-0.08154693820486664,0.0
1.725752508361204,1.0027445398501762,0.9216894463904824,-0.08154693820486664,0.0
1.7357859531772575,1.0064187632120607,0.9216894463904824,-0.08154693820486664,0.0
1.745819397993311,1.0100795360617418,0.9216894463904824,-0.08154693820486664,0.0
1.7558528428093645,1.0137269565187852,0.9216894463904824,-0.08154693820486664,0.0
1.7658862876254182,1.017361121633005,0.9216894463904824,-0.08154693820486664,0.0
1.7759197324414717,1.0209821273999573,0.9216894463904824,-0.08154693820486664,0.0
1.7859531772575252,1.0245900687761562,0.921690538852402,-0.08154575292355905,0.0019281395760229448
1.7959866220735787,1.0281850396940153,0.9217168478381211,-0.08151720905863717,0.016145525245122253
1.8060200668896322,1.03176713307652,0.9218105179680085,-0.08141558851130445,0.04245752065023681
1.8160535117056857,1.0353364408516403,0.9220076473232888,-0.08120176118305468,0.07891361649400987
1.8260869565217392,1.0388930539664876,0.922337821035141,-0.0808437222786913,0.12369173455162526
1.8361204013377928,1.0424370624012167,0.922824647890632,-0.08031604314475498,0.17509428823838788
1.8461538461538463,1.0459685551826876,0.923486271188876,-0.07959934551844784,0.23154435510311852
1.8561872909698998,1.0494876203978833,0.9243358509709592,-0.07867979830472066,0.29158195794189234
1.8662207357859533,1.0529943452070933,0.9253820163925436,-0.07754863603225426,0.3538604513314293
1.8762541806020068,1.056488815856867,0.9266292882769788,-0.0762016981708477,0.4171430104825615
1.8862876254180603,1.0599711176927415,0.9280784728379217,-0.07463898852327683,0.4802992194118311
1.8963210702341138,1.0634413351717487,0.9297270282466302,-0.07286425393405488,0.5423017555236478
1.9063545150501673,1.0668995518747058,0.9315694061865356,-0.07088458158576284,0.602223167786545
1.9163879598662208,1.0703458505182932,0.9335973708264786,-0.06871001418076707,0.659232745775109
1.9264214046822743,1.073780312966928,0.9358002977882448,-0.06635318233224234,0.7125934769343382
1.9364548494983278,1.0772030202444303,0.9381654557125315,-0.06382895351353095,0.7616590895051838
1.9464882943143813,1.080614052545493,0.9406782729643759,-0.061154096939002284,0.8058711786297333
1.9565217391304348,1.084013489246957,0.9433225918843696,-0.058346963772806903,0.8447564132310666
1.9665551839464883,1.087401408918893,0.9460809128024231,-0.055427182084250765,0.8779238213371696
1.9765886287625418,1.0907778893354991,0.9489346298002747,-0.052415365990001114,0.9050621515900203
1.9866220735785953,1.0941430074858127,0.9518642599490215,-0.0493328384440114,0.9259373087502697
1.9966555183946488,1.097496839584244,0.9548496674685625,-0.04620136715593253,0.9403898610751128
2.0066889632107023,1.1008394610809338,0.9578702839654386,-0.04304291313791702,0.9483326175117255
2.016722408026756,1.1041709466719372,0.9609053256115756,-0.03987939139813695,0.949748272711392
2.0267558528428093,1.1074913703092397,0.9639340078354832,-0.03673244331704743,0.9446871179301259
2.036789297658863,1.1108008052106069,0.9669357578155099,-0.03362322025948814,0.9332648159402388
2.0468227424749164,1.1140993238692718,0.9698904247973105,-0.03057217799212008,0.9156602381340762
2.05685618729097,1.1173869980634636,0.9727784880098133,-0.027598881491495447,0.8921133620560564
2.0668896321070234,1.1206638988657784,0.9755812617303742,-0.024721819743262693,0.8629232276522754
2.076923076923077,1.1239300966523995,0.9782810968547885,-0.021958230147642102,0.8284459505783135
2.0869565217391304,1.1271856611121658,0.9808615781652683,-0.019323932160406766,0.7890927909556709
2.096989966555184,1.130430661255493,0.9833077163628297,-0.016833169812162915,0.7453282760153662
2.1070234113712374,1.1336651654231522,0.9856061338426274,-0.014498462761789316,0.6976683751138092
2.117056856187291,1.1368892412949048,0.9877452431439244,-0.012330465552474246,0.6466787256511939
2.1270903010033444,1.1401029558980005,0.9897154170021865,-0.01033783475089814,0.5929729084662824
2.137123745819398,1.1433063756155382,0.9915091489701567,-0.00852710366177567,0.5372107713237267
2.1471571906354514,1.1464995661946933,0.9931212036577909,-0.006902564321203314,0.4800967991509764
2.157190635451505,1.1496825927548142,0.9945487557670025,-0.005466156483076523,0.42237852972146106
2.1672240802675584,1.1528555197953918,0.9957915172648283,-0.0042173633232634455,0.36484501351903625
2.177257525083612,1.1560184112039,0.9968518522457587,-0.003153113596257709,0.3083253165559744
2.1872909698996654,1.1591713302635156,0.9977348792777733,-0.0022676899887022345,0.25368706495256077
2.197324414715719,1.162314339660715,0.9984485613037241,-0.0015526434234915676,0.201835030121393
2.2073578595317724,1.1654475014927517,0.9990037834763593,-0.000996713077132269,0.1537097534331394
2.217391304347826,1.16857087727502,0.9994144196374553,-0.0005857518816873575,0.11028620927318124
2.2274247491638794,1.1716845279482995,0.9996973885051345,-0.0003026572909630987,0.07257250543042155
2.237458193979933,1.1747885138858907,0.999872701004588,-0.00012730709861681622,0.04160861978997423
2.247491638795987,1.1778828949006386,0.9999635005625139,-3.6500103606715295e-05,0.0184651723314505
2.25752508361204,1.1809677302518486,0.9999960985817605,-3.901425850008633e-06,0.004242231463194975
2.267558528428094,1.1840430786520963,1.0,0.0,0.0
2.277591973244147,1.1871089982739311,1.0,0.0,0.0
2.287625418060201,1.1901655467564802,1.0,0.0,0.0
2.297658862876254,1.193212781211949,1.0,0.0,0.0
2.307692307692308,1.1962507582320256,1.0,0.0,0.0
2.317725752508361,1.1992795338941864,1.0,0.0,0.0
2.327759197324415,1.2022991637679064,1.0,0.0,0.0
2.3377926421404682,1.2053097029207775,1.0,0.0,0.0
2.347826086956522,1.2083112059245342,1.0,0.0,0.0
2.3578595317725752,1.211303726860988,1.0,0.0,0.0
2.367892976588629,1.2142873193278758,1.0,0.0,0.0
2.3779264214046822,1.2172620364446187,1.0,0.0,0.0
2.387959866220736,1.220227930857997,1.0,0.0,0.0
2.3979933110367893,1.2231850547477408,1.0,0.0,0.0
2.408026755852843,1.2261334598320384,1.0,0.0,0.0
2.4180602006688963,1.2290731973729634,1.0,0.0,0.0
2.42809364548495,1.232004318181822,1.0,0.0,0.0
2.4381270903010033,1.234926872624424,1.0,0.0,0.0
2.448160535117057,1.2378409106262735,1.0,0.0,0.0
2.4581939799331103,1.240746481677688,1.0,0.0,0.0
2.468227424749164,1.2436436348388409,1.0,0.0,0.0
2.4782608695652173,1.246532418744732,1.0,0.0,0.0
2.488294314381271,1.249412881610086,1.0,0.0,0.0
2.4983277591973243,1.2522850712341818,1.0,0.0,0.0
2.508361204013378,1.2551490350056107,1.0,0.0,0.0
2.5183946488294313,1.2580048199069687,1.0,0.0,0.0
2.528428093645485,1.2608524725194805,1.0,0.0,0.0
2.5384615384615383,1.2636920390275583,1.0,0.0,0.0
2.548494983277592,1.2665235652232967,1.0,0.0,0.0
2.5585284280936453,1.2693470965109033,1.0,0.0,0.0
2.568561872909699,1.272162677911067,1.0,0.0,0.0
2.578595317725753,1.2749703540652655,1.0,0.0,0.0
2.588628762541806,1.277770169240012,1.0,0.0,0.0
2.59866220735786,1.2805621673310434,1.0,0.0,0.0
2.608695652173913,1.2833463918674481,1.0,0.0,0.0
2.618729096989967,1.2861228860157405,1.0,0.0,0.0
2.62876254180602,1.2888916925838736,1.0,0.0,0.0
2.638795986622074,1.2916528540252017,1.0,0.0,0.0
2.648829431438127,1.2944064124423844,1.0,0.0,0.0
2.658862876254181,1.2971524095912401,1.0,0.0,0.0
2.668896321070234,1.2998908868845438,1.0,0.0,0.0
2.678929765886288,1.3026218853957756,1.0,0.0,0.0
2.688963210702341,1.305345445862816,1.0,0.0,0.0
2.698996655518395,1.3080616086915937,1.0,0.0,0.0
2.709030100334448,1.3107704139596805,1.0,0.0,0.0
2.719063545150502,1.3134719014198413,1.0,0.0,0.0
2.729096989966555,1.3161661105035327,1.0,0.0,0.0
2.739130434782609,1.318853080324358,1.0,0.0,0.0
2.749163879598662,1.3215328496814736,1.0,0.0,0.0
2.759197324414716,1.32420545706295,1.0,0.0,0.0
2.769230769230769,1.32687094064909,1.0,0.0,0.0
2.779264214046823,1.3295293383156999,1.0,0.0,0.0
2.789297658862876,1.33218068763732,1.0,0.0,0.0
2.79933110367893,1.3348250258904102,1.0,0.0,0.0
2.809364548494983,1.3374623900564957,1.0,0.0,0.0
2.819397993311037,1.340092816825269,1.0,0.0,0.0
2.82943143812709,1.3427163425976536,1.0,0.0,0.0
2.839464882943144,1.3453330034888253,1.0,0.0,0.0
2.849498327759197,1.3479428353311962,1.0,0.0,0.0
2.859531772575251,1.3505458736773586,1.0,0.0,0.0
2.869565217391304,1.3531421538029902,1.0,0.0,0.0
2.879598662207358,1.355731710709724,1.0,0.0,0.0
2.8896321070234112,1.358314579127978,1.0,0.0,0.0
2.899665551839465,1.3608907935197512,1.0,0.0,0.0
2.9096989966555187,1.363460388081382,1.0,0.0,0.0
2.919732441471572,1.3660233967462716,1.0,0.0,0.0
2.9297658862876257,1.368579853187573,1.0,0.0,0.0
2.939799331103679,1.3711297908208455,1.0,0.0,0.0
2.9498327759197327,1.373673242806676,1.0,0.0,0.0
2.959866220735786,1.3762102420532645,1.0,0.0,0.0
2.9698996655518397,1.3787408212189818,1.0,0.0,0.0
2.979933110367893,1.3812650127148887,1.0,0.0,0.0
2.9899665551839467,1.3837828487072297,1.0,0.0,0.0
3.0,1.3862943611198906,1.0,0.0,0.0
3.0,1.3862943611198906,1.0,0.0,0.0
3.0896568471034915,1.4084610660711756,1.0,0.0,0.0
3.1819931442844953,1.4307879616661443,1.0,0.0,0.0
3.2770889685583198,1.4532726306553367,1.0,0.0,0.0
3.375026790091177,1.4759126432402414,1.0,0.0,0.0
3.4758915437209743,1.4987055595307717,1.0,0.0,0.0
3.5797707026155443,1.5216489319416993,1.0,0.0,0.0
3.6867543541321974,1.5447403075249124,1.0,0.0,0.0
3.796935277944385,1.5679772302346986,1.0,0.0,0.0
3.9104090265032223,1.5913572431235852,1.0,0.0,0.0
4.027274007903659,1.6148778904665995,1.0,0.0,0.0
4.147631571227154,1.6385367198121217,1.0,0.0,0.0
4.271586094434863,1.6623312839578155,1.0,0.0,0.0
4.399245074887578,1.6862591428504208,1.0,0.0,0.0
4.530719222570906,1.710317865408478,1.0,0.0,0.0
4.666122556106536,1.7345050312673267,1.0,0.0,0.0
4.805572501632868,1.7588182324459876,1.0,0.0,0.0
4.949189994640748,1.7832550749357838,1.0,0.0,0.0
5.097099584852627,1.8078131802107955,1.0,0.0,0.0
5.249429544236094,1.8324901866604586,1.0,0.0,0.0
5.406311978245469,1.8572837509448337,1.0,0.0,0.0
5.5678829403879115,1.8821915492732604,1.0,0.0,0.0
5.734282550213411,1.9072112786072895,1.0,0.0,0.0
5.905655114830978,1.932340657788959,1.0,0.0,0.0
6.0821492540564295,1.9575774285956251,1.0,0.0,0.0
6.26391802930028,1.9829193567226948,1.0,0.0,0.0
6.451119076307539,2.008364232695742,1.0,0.0,0.0
6.6439147418645135,2.0339098727135894,1.0,0.0,0.0
6.842472224591173,2.05955411942404,1.0,0.0,0.0
7.046963719941192,2.085294842634035,1.0,0.0,0.0
7.257566569535398,2.111129939956083,1.0,0.0,0.0
7.474463414958147,2.137057337392861,1.0,0.0,0.0
7.6978423561499945,2.163074989861972,1.0,0.0,0.0
7.9278971145340345,2.189180881662836,1.0,0.0,0.0
8.164827201017363,2.2153730268877783,1.0,0.0,0.0
8.408838089013377,2.2416494697793605,1.0,0.0,0.0
8.66014139263494,2.268008285036039,1.0,0.0,0.0
8.91895505021297,2.294447578068234,1.0,0.0,0.0
9.185503513299588,2.3209654852068957,1.0,0.0,0.0
9.46001794131975,2.3475601738666394,1.0,0.0,0.0
9.742736402040148,2.374229842665526,1.0,0.0,0.0
10.033904078029257,2.4009727215035213,1.0,0.0,0.0
10.333773479287581,2.427787071601666,1.0,0.0,0.0
10.642604662232447,2.454671185503943,1.0,0.0,0.0
10.96066545522734,2.4816233870438102,1.0,0.0,0.0
11.288231690851287,2.508642031277309,1.0,0.0,0.0
11.625587445109767,2.5357255043846467,1.0,0.0,0.0
11.973025283794593,2.562872223542082,1.0,0.0,0.0
12.330846516206389,2.5900806367659133,1.0,0.0,0.0
12.699361456459767,2.61734922273031,1.0,0.0,0.0
13.078889692597695,2.644676490560692,1.0,0.0,0.0
13.469760363748582,2.6720609796042956,1.0,0.0,0.0
13.872312445566342,2.6995012591795184,1.0,0.0,0.0
14.286895044201009,2.7269959283055925,1.0,0.0,0.0
14.713867699054862,2.754543615414055,1.0,0.0,0.0
15.153600694586583,2.7821429780434643,1.0,0.0,0.0
15.606475381433887,2.8097927025187275,1.0,0.0,0.0
16.072884507133093,2.837491503616365,1.0,0.0,0.0
16.553232556722463,2.8652381242169835,1.0,0.0,0.0
17.047936103524663,2.8930313349461643,1.0,0.0,0.0
17.557424170412595,2.9208699338049398,1.0,0.0,0.0
18.082138601871872,2.9487527457909533,1.0,0.0,0.0
18.622534447182595,2.9766786225113715,1.0,0.0,0.0
19.17908035505278,3.0046464417885486,1.0,0.0,0.0
19.752258980045625,3.032655107259402,1.0,0.0,0.0
20.342567401153133,3.060703547969407,1.0,0.0,0.0
20.950517552879017,3.0887907179620684,1.0,0.0,0.0
21.576636669204845,3.1169155958646932,1.0,0.0,0.0
22.22146774082434,3.1450771844712184,1.0,0.0,0.0
22.885569986042423,3.173274510322835,1.0,0.0,0.0
23.569519335747376,3.201506623287084,1.0,0.0,0.0
24.273908932876672,3.22977259613607,1.0,0.0,0.0
24.999349646809673,3.258071524124394,1.0,0.0,0.0
25.74647060313325,3.286402524567374,1.0,0.0,0.0
26.5159197292398,3.314764736420081,1.0,0.0,0.0
27.308364316230772,3.3431573198576836,1.0,0.0,0.0
28.12449159761302,3.371579455857561,1.0,0.0,0.0
28.965009345289893,3.4000303457836156,1.0,0.0,0.0
29.830646483363843,3.4285092109731736,1.0,0.0,0.0
30.72215372028293,3.457015292326853,1.0,0.0,0.0
31.640304199879385,3.4855478499017227,1.0,0.0,0.0
32.5858941718649,3.514106162508074,1.0,0.0,0.0
33.559743682364044,3.542689527310089,1.0,0.0,0.0
34.56269728508474,3.5712972594306627,1.0,0.0,0.0
35.595624773742436,3.5999286915606157,1.0,0.0,0.0
36.65942193637333,3.6285831735725216,1.0,0.0,0.0
37.7550113321906,3.6572600721393305,1.0,0.0,0.0
38.88334309165753,3.6859587703579733,1.0,0.0,0.0
40.04539574047131,3.714678667378096,1.0,0.0,0.0
41.24217704817206,3.743419178036062,1.0,0.0,0.0
42.47472490211308,3.7721797324943482,1.0,0.0,0.0
43.74410820755029,3.80095977588643,1.0,0.0,0.0
45.05142781463126,3.8297587679672547,1.0,0.0,0.0
46.397817473088054,3.858576182769373,1.0,0.0,0.0
47.784444815461505,3.8874115082647904,1.0,0.0,0.0
49.212512369709856,3.9162642460325916,1.0,0.0,0.0
50.68325860207975,3.9451339109323773,1.0,0.0,0.0
52.19795899114421,3.9740200307835334,1.0,0.0,0.0
53.75792713393865,4.002922146050359,1.0,0.0,0.0
55.36451588515471,4.0318398095330545,1.0,0.0,0.0
57.01911853037942,4.060772586064569,1.0,0.0,0.0
58.72316999439745,4.089720052213308,1.0,0.0,0.0
60.478148085604126,4.118681795991665,1.0,0.0,0.0
62.285574777608566,4.147657416570373,1.0,0.0,0.0
64.14701752913828,4.176646523998631,1.0,0.0,0.0
66.06409064338992,4.205648738929983,1.0,0.0,0.0
68.03845666800513,4.234663692353894,1.0,0.0,0.0
70.0718278368854,4.263691025332977,1.0,0.0,0.0
72.16596755509669,4.292730388745841,1.0,0.0,0.0
74.32269192815096,4.321781443035467,1.0,0.0,0.0
76.54387133699166,4.350843857963093,1.0,0.0,0.0
78.83143206004833,4.379917312367512,1.0,0.0,0.0
81.18735794376732,4.409001493929736,1.0,0.0,0.0
83.6136921230676,4.4380960989429505,1.0,0.0,0.0
86.11253879321302,4.4672008320876895,1.0,0.0,0.0
88.68606503463855,4.496315406212159,1.0,0.0,0.0
91.33650269231217,4.525439542117629,1.0,0.0,0.0
94.06615031126292,4.554572968348825,1.0,0.0,0.0
96.87737512995324,4.583715420989231,1.0,0.0,0.0
99.7726151332245,4.612866643461228,1.0,0.0,0.0
102.75438116659622,4.642026386330997,1.0,0.0,0.0
105.82525911375197,4.671194407118085,1.0,0.0,0.0
108.9879121391017,4.7003704701095765,1.0,0.0,0.0
112.24508299736303,4.72955434617876,1.0,0.0,0.0
115.59959641216751,4.758745812608236,1.0,0.0,0.0
119.05436152575113,4.787944652917358,1.0,0.0,0.0
122.61237442185721,4.817150656693943,1.0,0.0,0.0
126.27672072403598,4.846363619430154,1.0,0.0,0.0
130.05057827159777,4.875583342362487,1.0,0.0,0.0
133.9372198755368,4.904809632315756,1.0,0.0,0.0
137.94001615681944,4.934042301551035,1.0,0.0,0.0
142.0624384694944,4.963281167617415,1.0,0.0,0.0
146.308061911164,4.992526053207572,1.0,0.0,0.0
150.68056842342307,5.021776786016983,1.0,0.0,0.0
155.1837499849585,5.051033198606788,1.0,0.0,0.0
159.82151190007434,5.080295128270156,1.0,0.0,0.0
164.59787618549905,5.109562416902126,1.0,0.0,0.0
169.5169850584065,5.138834910872806,1.0,0.0,0.0
174.58310452868207,5.168112460903894,1.0,0.0,0.0
179.8006280985423,5.197394921948404,1.0,0.0,0.0
185.17408057272328,5.226682153073561,1.0,0.0,0.0
190.70812198253594,5.255974017346768,1.0,0.0,0.0
196.40755162719677,5.285270381724584,1.0,0.0,0.0
202.27731223593355,5.314571116944635,1.0,0.0,0.0
208.3224942544811,5.343876097420405,1.0,0.0,0.0
214.54834025967833,5.373185201138809,1.0,0.0,0.0
220.9602495060017,5.402498309560518,1.0,0.0,0.0
227.56378260797123,5.431815307522934,1.0,0.0,0.0
234.36466636249637,5.461136083145778,1.0,0.0,0.0
241.36879871533728,5.490460527739214,1.0,0.0,0.0
248.58225387599552,5.519788535714449,1.0,0.0,0.0
256.0112875854625,5.549120004496742,1.0,0.0,0.0
263.6623425414019,5.578454834440781,1.0,0.0,0.0
271.54205398546276,5.607792928748339,1.0,0.0,0.0
279.6572554575771,5.637134193388185,1.0,0.0,0.0
288.0149847222243,5.666478537018166,1.0,0.0,0.0
296.6224898718094,5.6958258709094185,1.0,0.0,0.0
305.4872356124405,5.725176108872653,1.0,0.0,0.0
314.6169097375649,5.75452916718646,1.0,0.0,0.0
324.01942979506936,5.783884964527575,1.0,0.0,0.0
333.7029499536352,5.813243421903075,1.0,0.0,0.0
343.67586807429404,5.842604462584424,1.0,0.0,0.0
353.9468329933265,5.871968012043355,1.0,0.0,0.0
364.52475202280885,5.901333997889507,1.0,0.0,0.0
375.41879867532475,5.930702349809806,1.0,0.0,0.0
386.6384206195279,5.9600729995094985,1.0,0.0,0.0
398.1933478734682,5.989445880654852,1.0,0.0,0.0
410.0936012427743,6.018820928817419,1.0,0.0,0.0
422.34950101102237,6.0481980814198755,1.0,0.0,0.0
434.97167588981586,6.077577277683343,1.0,0.0,0.0
447.9710722363503,6.106958458576206,1.0,0.0,0.0
461.35896354644393,6.136341566764336,1.0,0.0,0.0
475.14696023128045,6.165726546562721,1.0,0.0,0.0
489.3470196863284,6.195113343888439,1.0,0.0,0.0
503.9714566611841,6.22450190621496,1.0,0.0,0.0
519.0329539393157,6.253892182527714,1.0,0.0,0.0
534.5445733369862,6.283284123280926,1.0,0.0,0.0
550.5197670308777,6.312677680355639,1.0,0.0,0.0
566.972389224257,6.342072807018948,1.0,0.0,0.0
583.9167081617835,6.371469457884348,1.0,0.0,0.0
601.3674185033955,6.400867588873234,1.0,0.0,0.0
619.3396540679886,6.430267157177452,1.0,0.0,0.0
637.8490009579566,6.45966812122294,1.0,0.0,0.0
656.911511075957,6.489070440634368,1.0,0.0,0.0
676.5437160456443,6.5184740762008,1.0,0.0,0.0
696.7626415484212,6.547878989842308,1.0,0.0,0.0
717.5858220886655,6.577285144577552,1.0,0.0,0.0
739.0313162002107,6.6066925044922575,1.0,0.0,0.0
761.1177221072958,6.636101034708604,1.0,0.0,0.0
783.8641938535393,6.66551070135547,1.0,0.0,0.0
807.2904579129491,6.6949214715395335,1.0,0.0,0.0
831.4168302973517,6.7243333133171825,1.0,0.0,0.0
856.2642341750976,6.753746195667233,1.0,0.0,0.0
881.8542180163063,6.783160088464421,1.0,0.0,0.0
908.2089742803915,6.812574962453643,1.0,0.0,0.0
935.351358662084,6.841990789224938,1.0,0.0,0.0
963.3049099126199,6.871407541189179,1.0,0.0,0.0
992.0938702533132,6.9008251915544605,1.0,0.0,0.0
1021.7432063991835,6.930243714303148,1.0,0.0,0.0
1052.278631210905,6.959663084169604,1.0,0.0,0.0
1083.72662599382,6.989083276618526,1.0,0.0,0.0
1116.1144634633908,7.018504267823925,1.0,0.0,0.0
1149.4702313969678,7.0479260346486825,1.0,0.0,0.0
1183.822856992426,7.077348554624717,1.0,0.0,0.0
1219.2021319547548,7.106771805933694,1.0,0.0,0.0
1255.6387383323947,7.136195767388309,1.0,0.0,0.0
1293.1642751256902,7.165620418414086,1.0,0.0,0.0
1331.8112856905714,7.195045739031718,1.0,0.0,0.0
1371.613285961192,7.224471709839894,1.0,0.0,0.0
1412.6047935160393,7.2538983119986336,1.0,0.0,0.0
1454.8213575126808,7.283325527213089,1.0,0.0,0.0
1498.299589517151,7.3127533377178215,1.0,0.0,0.0
1543.0771952546713,7.342181726261518,1.0,0.0,0.0
1589.1930073092828,7.3716106760921525,1.0,0.0,0.0
1636.6870188007042,7.401040170942575,1.0,0.0,0.0
1685.6004180676662,7.430470195016513,1.0,0.0,0.0
1735.9756243877566,7.459900732974969,1.0,0.0,0.0
1787.856324764798,7.4893317699230195,1.0,0.0,0.0
1841.2875118156128,7.5187632913969855,1.0,0.0,0.0
1896.3155227890875,7.548195283351977,1.0,0.0,0.0
1952.9880797513126,7.577627732149787,1.0,0.0,0.0
2011.3543309717152,7.60706062454715,1.0,0.0,0.0
2071.4648935460064,7.636493947684319,1.0,0.0,0.0
2133.3718972929755,7.665927689073987,1.0,0.0,0.0
2197.129029963135,7.695361836590517,1.0,0.0,0.0
2262.791583798485,7.724796378459492,1.0,0.0,0.0
2330.4165034837133,7.75423130324755,1.0,0.0,0.0
2400.0624355304785,7.783666599852535,1.0,0.0,0.0
2471.7897791375403,7.813102257493909,1.0,0.0,0.0
2545.660738570911,7.842538265703456,1.0,0.0,0.0
2621.7393771093803,7.871974614316244,1.0,0.0,0.0
2700.0916726022815,7.901411293461857,1.0,0.0,0.0
2780.7855746875844,7.930848293555869,1.0,0.0,0.0
2863.891063720039,7.960285605291576,1.0,0.0,0.0
2949.4802114603717,7.9897232196319505,1.0,0.0,0.0
3037.6272435782653,8.019161127801851,1.0,0.0,0.0
3128.408604023229,8.048599321280433,1.0,0.0,0.0
3221.903021319283,8.07803779179379,1.0,0.0,0.0
3318.1915768408485,8.107476531307812,1.0,0.0,0.0
3417.3577751291546,8.13691553202124,1.0,0.0,0.0
3519.4876163100466,8.166354786358923,1.0,0.0,0.0
3624.6696706760954,8.195794286965278,1.0,0.0,0.0
3732.9951554975833,8.22523402669793,1.0,0.0,0.0
3844.5580141290925,8.254673998621536,1.0,0.0,0.0
3959.454997480182,8.284114196001797,1.0,0.0,0.0
4077.785747920929,8.31355461229963,1.0,0.0,0.0
4199.652885694974,8.342995241165514,1.0,0.0,0.0
4325.16209791514,8.372436076434008,1.0,0.0,0.0
4454.42223021867,8.40187711211841,1.0,0.0,0.0
4587.545381161708,8.431318342405586,1.0,0.0,0.0
4724.6469994347535,8.46075976165094,1.0,0.0,0.0
4865.84598398352,8.490201364373531,1.0,0.0,0.0
5011.2647871219,8.519643145251337,1.0,0.0,0.0
5161.029520726602,8.549085099116644,1.0,0.0,0.0
5315.270065605396,8.578527220951578,1.0,0.0,0.0
5474.120184133982,8.60796950588377,1.0,0.0,0.0
5637.717636258991,8.637411949182125,1.0,0.0,0.0
5806.204298967898,8.666854546252747,1.0,0.0,0.0
5979.7262893293,8.696297292634952,1.0,0.0,0.0
6158.434091210339,8.725740183997404,1.0,0.0,0.0
6342.4826857812,8.75518321613438,1.0,0.0,0.0
6532.031685919739,8.784626384962118,1.0,0.0,0.0
6727.245474632965,8.814069686515289,1.0,0.0,0.0
6928.293347615236,8.843513116943559,1.0,0.0,0.0
7135.349660066998,8.872956672508263,1.0,0.0,0.0
7348.593977901186,8.902400349579157,1.0,0.0,0.0
7568.211233468632,8.931844144631292,1.0,0.0,0.0
7794.391885937302,8.961288054241946,1.0,0.0,0.0
8027.332086464698,8.99073207508767,1.0,0.0,0.0
8267.2338483064,9.020176203941407,1.0,0.0,0.0
8514.305222008541,9.049620437669695,1.0,0.0,0.0
8768.760475835896,9.07906477322996,1.0,0.0,0.0
9030.820281592287,9.108509207667877,1.0,0.0,0.0
9300.711905994225,9.137953738114813,1.0,0.0,0.0
9578.669407764013,9.16739836178534,1.0,0.0,0.0
9864.933840612937,9.196843075974822,1.0,0.0,0.0
10159.753462290906,9.226287878057082,1.0,0.0,0.0
10463.383949883484,9.255732765482112,1.0,0.0,0.0
10776.088621543433,9.28517773577388,1.0,0.0,0.0
11098.13866484857,9.314622786528174,1.0,0.0,0.0
11429.813371984466,9.344067915410518,1.0,0.0,0.0
11771.4003819556,9.373513120154161,1.0,0.0,0.0
12123.195930035265,9.402958398558106,1.0,0.0,0.0
12485.505104670217,9.432403748485202,1.0,0.0,0.0
12858.642112063317,9.461849167860295,1.0,0.0,0.0
13242.930548663222,9.49129465466843,1.0,0.0,0.0
13638.70368179778,9.520740206953105,1.0,0.0,0.0
14046.304738694043,9.550185822814576,1.0,0.0,0.0
14466.087204136098,9.579631500408208,1.0,0.0,0.0
14898.41512701841,9.609077237942882,1.0,0.0,0.0
15343.663436060895,9.63852303367944,1.0,0.0,0.0
15802.218264959018,9.667968885929179,1.0,0.0,0.0
16274.477287251502,9.697414793052381,1.0,0.0,0.0
16760.850061195593,9.726860753456906,1.0,0.0,0.0
17261.758384949324,9.7563067655968,1.0,0.0,0.0
17777.63666236827,9.78575282797096,1.0,0.0,0.0
18308.932279734738,9.815198939121833,1.0,0.0,0.0
18856.105993745492,9.844645097634151,1.0,0.0,0.0
19419.632331094992,9.87409130213371,1.0,0.0,0.0
20000.000000000004,9.90353755128617,1.0,0.0,0.0
