z,H_bare,H_control
0.0,67.98718829988229,72.7990663485722
0.004031423154533633,68.11405285117127,73.13099059507996
0.008079098681718177,68.24220508363163,73.45073946990306
0.01214309210174505,68.37166605487914,73.75862863313336
0.01622346919894529,68.50246264056543,74.05491635691064
0.020320296022854418,68.63458061992284,74.34000629931367
0.024433638889281562,68.76805186327326,74.61427028092567
0.02856356438138296,68.90288324584343,74.87802587540935
0.032710139350739714,69.03907031182895,75.13167886081608
0.036873430918439934,69.17665630754418,75.37564854287777
0.041053506476165263,69.31562700143498,75.6103034136903
0.04525043368728171,69.45599328542869,75.8360521935925
0.049464280487934935,69.5977952360026,76.0533530318089
0.053695115088149975,69.74101150128138,76.26261702659008
0.05794300597293533,69.88567004488033,76.46425774075051
0.06220802190339154,70.03178974311176,76.65876377493274
0.06649023191782423,70.1793595783557,76.84658079897368
0.07078970533286169,70.32841954082431,77.02813015426568
0.07510651174457683,70.47896614748596,77.20392293358144
0.07944072102961382,70.63099928195001,77.37442850334722
0.08379240334631907,70.7845715668407,77.54008979264603
0.08816162913587708,70.9396559678455,77.70142313403784
0.09254846912345051,71.09627495544899,77.85891701397058
0.09695299431932505,71.25446109962697,78.01304348294245
0.10137527602005897,71.41419589723111,78.16431480435241
0.1058153858096371,71.57551531825492,78.31323708596045
0.11027339556062962,71.73842827223001,78.46030561228446
0.11474937743535543,71.90292777580314,78.60603443025751
0.11924340388705026,72.06906313256027,78.75094182193853
0.12375554766103956,72.23681834609143,78.89554118751467
0.1282858817959159,72.40620363018765,79.04035524694623
0.13283447962472136,72.5772670683032,79.18590983091336
0.13740141477613452,72.7499816822667,79.33273217010996
0.14198676117566236,72.92437859360864,79.48136158665353
0.14659059304683678,73.1004808755995,79.63232770230852
0.15121298491241625,73.27827371219551,79.78616816921432
0.15585401159559192,73.45780228424755,79.94337776219136
0.160513748221199,73.63906335543182,80.10408803505184
0.16519227021693256,73.82205490841821,80.26835151719683
0.16988965331456868,74.00683685970547,80.43623877774465
0.17460597355119037,74.19337833055698,80.60779029374292
0.17934130727041817,74.38170282485515,80.78305701195228
0.18409573112364608,74.5718494803136,80.96210826898891
0.1888693220712824,74.76379461704897,81.14499391666983
0.19366215738399528,74.95757842557211,81.33176298454144
0.19847431464396367,75.15321228133867,81.52248344925441
0.20330587174613318,75.35068599690672,81.71721532034702
0.2081569068994768,75.55005527667596,81.91600556237819
0.2130274986282611,75.75130234654392,82.1189206589971
0.21791772577331708,75.95443609363792,82.32603160658118
0.22282766749331656,76.15951375274885,82.53738314934726
0.22775740326605348,76.36650168354716,82.7530401378565
0.23270701288973034,76.57543415469506,82.97308543602642
0.23767657648425,76.7863391370461,83.19756140322063
0.24266617449251252,76.99919720142185,83.4265330143752
0.24767588768171733,77.21405893443153,83.6600902205352
0.25270579714467073,77.43092160084348,83.89827853940886
0.2577559843010983,77.64978069098765,84.14116399406797
0.26282653089896296,77.87070385848317,84.38883565759402
0.2679175190157884,78.09365618577208,84.64135098503615
0.27302903105998755,78.31866174246993,84.89877428559494
0.27816114977219625,78.54576721297774,85.16119363229018
0.2833139582266132,78.77494278958505,85.42867940954729
0.2884875398323442,79.00623297209556,85.70129405677918
0.2936819783347524,79.23965213283688,85.97912451460512
0.298897357816814,79.4751861557939,86.26225516047022
0.30413376270047926,79.71289746680986,86.5507463951409
0.30939127774803904,79.95276659423571,86.84468388238525
0.31466998806349683,80.19480036547125,87.14416713558857
0.31996997909394653,80.43906643415187,87.4492543330578
0.3252913366309551,80.68552341164235,87.76002970312736
0.33063414681195197,80.93420867852342,88.07658900853039
0.33599849612162275,81.18515592077436,88.39885504536893
0.34138447139330963,81.43834023984732,88.72674150433907
0.34679215981041644,81.6938178288975,89.06018509872445
0.3522216489078205,81.95158681802549,89.3990759880049
0.35767302657328914,82.21163958137724,89.74331943847051
0.36314638104890246,82.47405194950832,90.0928415061825
0.3686418009324817,82.73878487316851,90.44753954745045
0.3741593751790236,83.00586245445048,90.80730995803596
0.37969919310213973,83.27534004003739,91.17206830362369
0.3852613443755031,83.54718070660428,91.54171675260433
0.3908459190342989,83.82143334662142,91.91614307443938
0.39645300747668233,84.09811598835574,92.29525257043062
0.40208270046524197,84.37720983543954,92.67894978044777
0.4077350891284686,84.65878436264536,93.0671141624943
0.4134102649622306,84.94281859850922,93.45964104988828
0.41910831983125485,85.22931651404859,93.85643484281539
0.4248293459706139,85.51835760903298,94.25736708446875
0.43057343598721887,85.80989162557105,94.66232454062191
0.43634068286131844,86.1039590235307,95.07120581031869
0.44213117994800416,86.40060017059096,95.48387807860254
0.4479450209787215,86.69978381764042,95.90022016600619
0.4537823000627868,87.0015719814858,96.32011866132794
0.45964311168891103,87.30596415733476,96.74344050597486
0.4655275507267293,87.61294896524004,97.17005488760327
0.471435712428336,87.92261088409738,97.59983686163154
0.47736769242982724,88.23490675895343,98.03265056711675
0.4833235867528488,88.54986014742275,98.46835617597387
0.4893034918061501,88.86753634792758,98.90681779747247
0.49530750438714516,89.18789030703348,99.34789411659958
0.5013357216834795,89.51097541688199,99.79143702703858
0.5073882412746027,89.83681417742267,100.23730040094736
0.5134651611333488,90.16538234521919,100.68533471980683
0.5195665796275217,90.49675681220225,101.1353844678999
0.5256925955214877,90.83091544045767,101.5872941220395
0.5318433079777735,91.16785849830438,102.04090123981376
0.5380188165586725,91.50767896275799,102.49602944992664
0.5442192212278556,91.85031655205033,102.95249424010741
0.5504446223519894,92.19581480025374,103.41010228727446
0.5566951207023614,92.54422190558846,103.86866391029281
0.5629708174565105,92.89549936634545,104.32798491857558
0.569271814199865,93.24971528668686,104.78785983153864
0.5755982129273873,93.60687118294685,105.24808780984738
0.5819501160452246,93.9669512769423,105.70846639971303
0.5883276263723665,94.3300492351173,106.16877931059804
0.5947308471423094,94.69611794822623,106.62881140594183
0.601159882004728,95.06517982203906,107.08835353744263
0.6076148350271522,95.43731160962594,107.54718015448076
0.6140958106966524,95.812459080289,108.00505861293213
0.6206029139215308,96.19068028091675,108.46177484549376
0.6271362500330186,96.57200318080483,108.91709580159281
0.6336959247869827,96.95639730620074,109.37076806262975
0.6402820443656362,97.34394740592347,109.8225746306946
0.6468947153792577,97.73463065409194,110.27227537338484
0.6535340448679168,98.12844272049743,110.71959746684547
0.6602001403032068,98.52549194171152,111.16431851376154
0.6668931095899852,98.92570680645755,111.60619012885643
0.6736130610681188,99.32913396223651,112.04493153572136
0.6803601035142386,99.73583080037129,112.480302588534
0.6871343461435004,100.1457506313796,112.91205210059678
0.6939358986113523,100.55896798052672,113.33989369543583
0.70076487101531,100.97548721189706,113.76356645857217
0.7076213738967385,101.39528749202397,114.18281896864556
0.7145055182426423,101.81847231247322,114.59736183283422
0.7214174154874613,102.2449908827909,115.00691037192229
0.7283571775148749,102.67486381828543,115.41121571828529
0.7353249166596127,103.108181082082,115.80998827213146
0.7423207457092736,103.54487816269031,116.20291665022934
0.7493447779061503,103.98501797967558,116.58975753991089
0.7563971269490636,104.42863517217425,116.97022415965505
0.7634779069952023,104.8756922188875,117.34404137406524
0.7705872326619713,105.32628225893342,117.71157248162662
0.7777252190288464,105.78038240409636,118.07339256638652
0.7848919816392376,106.23798321859495,118.43005130567745
0.7920876365023596,106.69920921484885,118.782181550793
0.7993123000951087,107.16397772507142,119.13039207611163
0.8065660893639492,107.63233814407765,119.47527377152433
0.8138491217268062,108.10435866137456,119.81746294554303
0.8211615150749662,108.5799834030267,120.1575959741341
0.8285033877749849,109.05929373218486,120.49629863321572
0.8358748586706044,109.54229786734992,120.83421879382641
0.8432760470846752,110.02896922872141,121.1720144010348
0.8507070728210895,110.51942188979162,121.51034048581472
0.8581680561667195,111.01360176340401,121.84986584566775
0.8656591178933648,111.51152698809298,122.19126471796909
0.8731803792597069,112.0133027826007,122.5352165312492
0.8807319620132728,112.51885315585118,122.88242166672589
0.8883139883924045,113.0282461844006,123.23356619490535
0.8959265811282393,113.54152459863784,123.58935108952316
0.9035698634466955,114.05864294738876,123.95051681805143
0.9112439590704668,114.57970339875426,124.31776120634149
0.9189489922210261,115.10468377338529,124.691809577681
0.9266850876206348,115.63357036440286,125.07343460047791
0.9344523704943635,116.16650070250893,125.46336453696237
0.9422509665721169,116.70338522139433,125.8623452223456
0.950081002090671,117.24427430102136,126.27118005267391
0.9579426037957155,117.78924880426813,126.69064254962655
0.9658358989439054,118.3382425741822,127.12149801392594
0.9737610153049213,118.89134431412432,127.56458012377398
0.9817180811635375,119.44856729187252,128.0207242428435
0.9897072253216982,120.00987842422148,128.4907151094677
0.9977285771006029,120.57540325338384,128.9754173059645
1.0057822663427998,121.14508488035429,129.4757466365077
1.013868423414287,121.71893820311168,129.99250830348024
1.0219871792066235,122.29708606932633,130.52659952321213
1.0301386651390474,122.8794396656711,131.07895365453422
1.038323013160603,123.46607257037886,131.6494896633624
1.0465403557522772,124.05703726597571,132.23775862193497
1.0547908259291445,124.65227938403937,132.84338895820477
1.0630745572425184,125.25191086794074,133.46583306635839
1.0713916837821151,125.85591116383034,134.10460626570816
1.0797423401782227,126.46426167669269,134.75929212716775
1.0881266616038814,127.0771141199905,135.42936361749707
1.0965447837770703,127.69437216815373,136.11429761982947
1.1049968429629058,128.31608676371442,136.81363039889172
1.1134829759758467,128.94235361752956,137.52684090919848
1.1220033201819084,129.5730950424169,138.25336581544974
1.1305580135008868,130.2084076645163,138.9926922961823
1.1391471944085918,130.84831119516892,139.74429075716475
1.147771001939086,131.49276518674242,140.50755665181444
1.1564295756869392,132.1419076699752,141.2819270874861
1.1651230558094847,132.79567951283514,142.06684931526206
1.1738515830290897,133.4540914926695,142.86167750372942
1.1826152986354326,134.11728682733073,143.66579985070675
1.1914143444877907,134.78516234224676,144.47862204949686
1.2002488630173362,135.45779751038413,145.29946161862597
1.2091189972294405,136.13525648952267,146.1276602218031
1.2180248907059914,136.8174748580369,146.96255932724284
1.2269666876077154,137.5045751848032,147.80344972182843
1.2359445326765122,138.19653960935608,148.6496205687431
1.244958571237797,138.8933439334099,149.50035084847144
1.254008949202854,139.5951553798217,150.35489130223658
1.2630958130711964,140.30187103813117,151.21248167744224
1.27221930993294,141.01354190904664,152.07234156209822
1.2813795874711817,141.73028105970246,152.9336683464369
1.2905767939643935,142.45199782864543,153.79565691311245
1.299811078288819,143.1787974182003,154.65747206098598
1.3090825899208856,143.91070759495474,155.51824461459108
1.3183914789396232,144.64767954248703,156.37713074795786
1.327737896029094,145.38986493169847,157.2332467192006
1.3371219924808309,146.1372030724571,158.08570477708716
1.3465439201962879,146.88969958145165,158.9344294500512
1.3560038316892973,147.64752120160824,159.7798009389853
1.3655018800885395,148.41054860976337,160.62218284400825
1.3750382191400214,149.1788676007359,161.46202388406516
1.3846130032095647,149.9525562228842,162.29975071490279
1.3942263872853058,150.73153867354313,163.13577242359693
1.4038785269802032,151.51594909519358,163.97054990434532
1.4135695785345572,152.3057735545523,164.8045462940676
1.4232996988185393,153.10098140212153,165.63821266245031
1.433069045334731,153.90175686098343,166.47202840768014
1.4428777762206724,154.70799064497533,167.3064893852914
1.452726050251424,155.51973318993524,168.1420851757899
1.4626140268421355,156.3371178030938,168.97932094294538
1.4725418660506262,157.16003916118186,169.81872156971417
1.4825097285799764,157.98861175666207,170.66081176168777
1.4925177757811285,158.8228732673863,171.50613067787208
1.5025661696554997,159.66276532225578,172.3552286567193
1.5126550728576014,160.50845451365646,173.20866249539392
1.5227846486976757,161.35987937670225,174.06701393824073
1.5329550611443374,162.21703912175354,174.9308560259254
1.543166474827228,163.08012763893663,175.80077841946235
1.55341905503968,163.94900737104564,176.67740356890909
1.5637129677413948,164.82377088195736,177.56133621600202
1.5740483795611255,165.70451265716477,178.45319650317575
1.584425457799378,166.5911439518686,179.35364540924405
1.5948443704311164,167.4838115223024,180.26333007370908
1.6053052861084836,168.3825067866929,181.18289881497034
1.6158083741635303,169.28719163049277,182.1130492486076
1.6263538046109562,170.1980689343713,183.05448286063472
1.6369417481508624,171.11502329077646,184.00787413036392
1.6475723761715142,172.0381037906019,184.9739557351432
1.6582458607521153,172.967467291563,185.95349683530122
1.6689623746655946,173.9029918330053,186.9471963734494
1.6797220913814006,174.84480196287535,187.95582085823406
1.690525185068311,175.79294740737998,188.98017649050882
1.7013718305972514,176.74735883701564,190.0202532937951
1.712262203544126,177.70821917572135,191.07557302317824
1.72319648019266,178.67546709803975,192.14569282139513
1.7341748375372537,179.6490939099407,193.23003262520723
1.745197453285844,180.6293248013064,194.32805456353617
1.7562645058627877,181.61600154949113,195.4392559859991
1.7673761744117418,182.60922394234524,196.56304812290375
1.7785326387985703,183.60910582915136,197.69884239722177
1.78973407961425,184.61554368891834,198.84607653038316
1.8009806781777986,185.62869801976052,200.00414010784172
1.812272616539206,186.64856724068792,201.17239494123046
1.823610077482383,187.67510456082724,202.3502201030182
1.83499324452812,188.7085333466597,203.53697023523446
1.8464223019370567,189.74873238846385,204.73195954408737
1.857897434712667,190.79574845563852,205.93451036218568
1.8694188286042497,191.84976575454579,207.14392871221946
1.8809866701099398,192.91064338010247,208.35948422543663
1.892601146479724,193.97851674522258,209.5804454274096
1.9042624457184725,195.0534500891523,210.80605574153134
1.9159707565889847,196.1353614671282,212.03554432843927
1.9277262686150403,197.22445167476212,213.26812647007614
1.9395291720844714,198.32066060258964,214.50297931999958
1.9513796580522402,199.42396985339514,215.7392862809906
1.9632779183435312,200.53464067376845,216.97621184643114
1.9752241455568598,201.65249135056195,218.21287170863985
1.987218533067185,202.77762934756194,219.44839083561428
1.9992612750290442,203.91019124354355,220.68188913477027
2.011352566379692,205.05005659478408,221.9124270338567
2.0234926028422597,206.197400855467,223.13905828352821
2.0356815809289195,207.35223136314934,224.36086584886874
2.0479196979440673,208.51449121073549,225.5768625675553
2.0602071519875182,209.6844262566475,226.78601820630846
2.0725441419577098,210.86190990080624,227.98738794650043
2.0849308675549247,212.04698537685564,229.17994625790675
2.0973675292845213,213.23986859767862,230.36274036541548
2.1098543284601794,214.44039703086708,231.53831591994572
2.122391467207161,215.6487178024332,232.71224310305917
2.1349791484655776,216.86491251295695,233.89036191506767
2.1476175759936824,218.08888465651398,235.07864707285427
2.1603069543711597,219.3208545742887,236.28314326393428
2.1730474890024456,220.56076465131005,237.51014017900226
2.1858393861200445,221.80858683833503,238.76593861879385
2.1986828527878743,223.06461727946254,240.05693751034858
2.2115780969046135,224.32865410859134,241.3898782760538
2.2245253272070675,225.60081070282627,242.77154033662146
2.2375247532735503,226.88125024437966,244.20870339917812
2.2505765855272726,228.1698328664203,245.70860606731353
2.2636810352397525,229.46675027941922,247.27871569336298
2.276838314534231,230.77202097779147,248.92626527323594
2.2900486363891064,232.08557623723593,250.6590845348762
2.303312214641388,233.40768660194544,252.48560486036092
2.316629263990146,234.73822062014182,254.41363678661384
2.33,236.07721649334405,256.4517501181927
