epsilon,delta_chi2
-0.06,41.37388529797772
-0.055,34.36469673445845
-0.049999999999999996,28.006708411777936
-0.045,22.299391278176017
-0.039999999999999994,17.242211641158292
-0.034999999999999996,12.834631169069553
-0.03,9.076106892546022
-0.024999999999999994,5.966091205146313
-0.019999999999999997,3.5040318650237623
-0.015,1.689371995778174
-0.009999999999999995,0.5215500878869079
-0.0049999999999999975,0.0
0.0,0.12415095933215525
0.0050000000000000044,0.8934275635765516
0.010000000000000009,2.307249781709288
0.015,4.36503295496891
0.020000000000000004,7.066187798111969
0.02500000000000001,10.41012040029068
0.03,14.396232226455822
0.035,19.023920117829448
0.04,24.292576293336197
