z,H_control,H_m3
0.0,72.7990663485722,73.32822409446909
0.004031423154533633,73.13099059507996,73.50014467109798
0.008079098681718177,73.45073946990306,73.67303845319302
0.01214309210174505,73.75862863313336,73.84692960626761
0.01622346919894529,74.05491635691064,74.02184538398524
0.020320296022854418,74.34000629931367,74.19777438977101
0.024433638889281562,74.61427028092567,74.37475320225788
0.02856356438138296,74.87802587540935,74.5527881995449
0.032710139350739714,75.13167886081608,74.73187705955758
0.036873430918439934,75.37564854287777,74.91206939453477
0.041053506476165263,75.6103034136903,75.09334943397701
0.04525043368728171,75.8360521935925,75.2757300375978
0.049464280487934935,76.0533530318089,75.45925809646187
0.053695115088149975,76.26261702659008,75.64391077557602
0.05794300597293533,76.46425774075051,75.82971806299706
0.06220802190339154,76.65876377493274,76.01670453535458
0.06649023191782423,76.84658079897368,76.20485919764306
0.07078970533286169,77.02813015426568,76.39422376417805
0.07510651174457683,77.20392293358144,76.58479916603251
0.07944072102961382,77.37442850334722,76.77658655718845
0.08379240334631907,77.54008979264603,76.96964103939887
0.08816162913587708,77.70142313403784,77.16393758583273
0.09254846912345051,77.85891701397058,77.35950219442496
0.09695299431932505,78.01304348294245,77.55636887388485
0.10137527602005897,78.16431480435241,77.75452045170373
0.1058153858096371,78.31323708596045,77.95399827196117
0.11027339556062962,78.46030561228446,78.1548112586631
0.11474937743535543,78.60603443025751,78.356953400024
0.11924340388705026,78.75094182193853,78.56048121261668
0.12375554766103956,78.89554118751467,78.76537711256414
0.1282858817959159,79.04035524694623,78.97165249693575
0.13283447962472136,79.18590983091336,79.17936318502424
0.13740141477613452,79.33273217010996,79.38848020807282
0.14198676117566236,79.48136158665353,79.599036491002
0.14659059304683678,79.63232770230852,79.81106116451689
0.15121298491241625,79.78616816921432,80.02453910172743
0.15585401159559192,79.94337776219136,80.23951734874893
0.160513748221199,80.10408803505184,80.45599686695573
0.16519227021693256,80.26835151719683,80.67397649071289
0.16988965331456868,80.43623877774465,80.8935199181381
0.17460597355119037,80.60779029374292,81.11459668830663
0.17934130727041817,80.78305701195228,81.33723407086703
0.18409573112364608,80.96210826898891,81.56147369049117
0.1888693220712824,81.14499391666983,81.7872916507001
0.19366215738399528,81.33176298454144,82.01473405021996
0.19847431464396367,81.52248344925441,82.24381275128457
0.20330587174613318,81.71721532034702,82.474517355717
0.2081569068994768,81.91600556237819,82.70691150872737
0.2130274986282611,82.1189206589971,82.94097573866722
0.21791772577331708,82.32603160658118,83.17671931318694
0.22282766749331656,82.53738314934726,83.41420810681078
0.22775740326605348,82.7530401378565,83.65340581044833
0.23270701288973034,82.97308543602642,83.89434832875611
0.23767657648425,83.19756140322063,84.13707000762093
0.24266617449251252,83.4265330143752,84.38155038750091
0.24767588768171733,83.6600902205352,84.62784284138134
0.25270579714467073,83.89827853940886,84.87594785979945
0.2577559843010983,84.14116399406797,85.12586151951459
0.26282653089896296,84.38883565759402,85.37765649120617
0.2679175190157884,84.64135098503615,85.63129679068331
0.27302903105998755,84.89877428559494,85.88681034382228
0.27816114977219625,85.16119363229018,86.14424739868919
0.2833139582266132,85.42867940954729,86.4035764106756
0.2884875398323442,85.70129405677918,86.66484822046199
0.2936819783347524,85.97912451460512,86.92807817681746
0.298897357816814,86.26225516047022,87.1932508294908
0.30413376270047926,86.5507463951409,87.46043717860603
0.30939127774803904,86.84468388238525,87.72961595565799
0.31466998806349683,87.14416713558857,88.00079362064544
0.31996997909394653,87.4492543330578,88.27404738586542
0.3252913366309551,87.76002970312736,88.54933241992403
0.33063414681195197,88.07658900853039,88.82668769480864
0.33599849612162275,88.39885504536893,89.10615359712848
0.34138447139330963,88.72674150433907,89.38770341847808
0.34679215981041644,89.06018509872445,89.6713971375963
0.3522216489078205,89.3990759880049,89.95723521526907
0.35767302657328914,89.74331943847051,90.24521031654096
0.36314638104890246,90.0928415061825,90.53540449712874
0.3686418009324817,90.44753954745045,90.8277763665583
0.3741593751790236,90.80730995803596,91.12235387868105
0.37969919310213973,91.17206830362369,91.41919710367497
0.3852613443755031,91.54171675260433,91.71826599136254
0.3908459190342989,91.91614307443938,92.01961615340764
0.39645300747668233,92.29525257043062,92.32326717085732
0.40208270046524197,92.67894978044777,92.62919795067796
0.4077350891284686,93.0671141624943,92.93748712259158
0.4134102649622306,93.45964104988828,93.24811191304242
0.41910831983125485,93.85643484281539,93.56107533183362
0.4248293459706139,94.25736708446875,93.87646741422346
0.43057343598721887,94.66232454062191,94.19423352401786
0.43634068286131844,95.07120581031869,94.51441635200626
0.44213117994800416,95.48387807860254,94.83706289007306
0.4479450209787215,95.90022016600619,95.16213952568019
0.4537823000627868,96.32011866132794,95.48971309250688
0.45964311168891103,96.74344050597486,95.81978480858892
0.4655275507267293,97.17005488760327,96.15234330127252
0.471435712428336,97.59983686163154,96.48748051466035
0.47736769242982724,98.03265056711675,96.82515000563525
0.4833235867528488,98.46835617597387,97.16537915279847
0.4893034918061501,98.90681779747247,97.50823928785708
0.49530750438714516,99.34789411659958,97.85368109343467
0.5013357216834795,99.79143702703858,98.20176506639709
0.5073882412746027,100.23730040094736,98.55251600083173
0.5134651611333488,100.68533471980683,98.90590667805094
0.5195665796275217,101.1353844678999,99.26202372921227
0.5256925955214877,101.5872941220395,99.62084339168531
0.5318433079777735,102.04090123981376,99.9823646563884
0.5380188165586725,102.49602944992664,100.34669212295293
0.5442192212278556,102.95249424010741,100.71376030043189
0.5504446223519894,103.41010228727446,101.0836158893463
0.5566951207023614,103.86866391029281,101.45631380460281
0.5629708174565105,104.32798491857558,101.83181278813511
0.569271814199865,104.78785983153864,102.2101869052501
0.5755982129273873,105.24808780984738,102.59143918771544
0.5819501160452246,105.70846639971303,102.97555367935584
0.5883276263723665,106.16877931059804,103.36263286086827
0.5947308471423094,106.62881140594183,103.75262584332458
0.601159882004728,107.08835353744263,104.14555887589907
0.6076148350271522,107.54718015448076,104.54151628216343
0.6140958106966524,108.00505861293213,104.94043882064123
0.6206029139215308,108.46177484549376,105.342392108065
0.6271362500330186,108.91709580159281,105.74740739827644
0.6336959247869827,109.37076806262975,106.15545098768504
0.6402820443656362,109.8225746306946,106.5666180207107
0.6468947153792577,110.27227537338484,106.98088441219828
0.6535340448679168,110.71959746684547,107.3982449112637
0.6602001403032068,111.16431851376154,107.81882048590325
0.6668931095899852,111.60619012885643,108.24253394484307
0.6736130610681188,112.04493153572136,108.66943625068843
0.6803601035142386,112.480302588534,109.09959206791582
0.6871343461435004,112.91205210059678,109.5329517512891
0.6939358986113523,113.33989369543583,109.96959713934312
0.70076487101531,113.76356645857217,110.40953443115937
0.7076213738967385,114.18281896864556,110.85274261645252
0.7145055182426423,114.59736183283422,111.2993355520056
0.7214174154874613,115.00691037192229,111.74925876848802
0.7283571775148749,115.41121571828529,112.20253688540626
0.7353249166596127,115.80998827213146,112.65926928897758
0.7423207457092736,116.20291665022934,113.11938624995204
0.7493447779061503,116.58975753991089,113.58295888262458
0.7563971269490636,116.97022415965505,114.05002643852147
0.7634779069952023,117.34404137406524,114.52054849206765
0.7705872326619713,117.71157248162662,114.99462938495216
0.7777252190288464,118.07339256638652,115.47224572308252
0.7848919816392376,118.43005130567745,115.95338804767442
0.7920876365023596,118.782181550793,116.4381947196236
0.7993123000951087,119.13039207611163,116.92657740292434
0.8065660893639492,119.47527377152433,117.41859123535248
0.8138491217268062,119.81746294554303,117.91431283602249
0.8211615150749662,120.1575959741341,118.41368345841663
0.8285033877749849,120.49629863321572,118.91679344656373
0.8358748586706044,120.83421879382641,119.4236538439076
0.8432760470846752,121.1720144010348,119.9342381678853
0.8507070728210895,121.51034048581472,120.4486727186687
0.8581680561667195,121.84986584566775,120.96690057251065
0.8656591178933648,122.19126471796909,121.48894425917425
0.8731803792597069,122.5352165312492,122.01492068971055
0.8807319620132728,122.88242166672589,122.54474915061975
0.8883139883924045,123.23356619490535,123.07850678508039
0.8959265811282393,123.58935108952316,123.61624267789398
0.9035698634466955,123.95051681805143,124.1579096077831
0.9112439590704668,124.31776120634149,124.70362193746405
0.9189489922210261,124.691809577681,125.25335831797082
0.9266850876206348,125.07343460047791,125.80710649678876
0.9344523704943635,125.46336453696237,126.36501927155909
0.9422509665721169,125.8623452223456,126.92700228624426
0.950081002090671,126.27118005267391,127.49311336742937
0.9579426037957155,126.69064254962655,128.0634437299035
0.9658358989439054,127.12149801392594,128.63792479364923
0.9737610153049213,127.56458012377398,129.21665634824336
0.9817180811635375,128.0207242428435,129.79965631525735
0.9897072253216982,128.4907151094677,130.38689234021214
0.9977285771006029,128.9754173059645,130.9785044911535
1.0057822663427998,129.4757466365077,131.5744347855283
1.013868423414287,129.99250830348024,132.17470321632246
1.0219871792066235,130.52659952321213,132.77944713082925
1.0301386651390474,131.07895365453422,133.38857437099728
1.038323013160603,131.6494896633624,134.002168797462
1.0465403557522772,132.23775862193497,134.6202916106663
1.0547908259291445,132.84338895820477,135.24288851417754
1.0630745572425184,133.46583306635839,135.8700852248408
1.0713916837821151,134.10460626570816,136.50186396273514
1.0797423401782227,134.75929212716775,137.1382096326812
1.0881266616038814,135.42936361749707,137.77929143749975
1.0965447837770703,136.11429761982947,138.4250096909043
1.1049968429629058,136.81363039889172,139.07542502639564
1.1134829759758467,137.52684090919848,139.7306464040741
1.1220033201819084,138.25336581544974,140.3905946101957
1.1305580135008868,138.9926922961823,141.0553800426611
1.1391471944085918,139.74429075716475,141.7250299410832
1.147771001939086,140.50755665181444,142.39950566133467
1.1564295756869392,141.2819270874861,143.07896264948207
1.1651230558094847,142.06684931526206,143.7633435558092
1.1738515830290897,142.86167750372942,144.45266536947298
1.1826152986354326,143.66579985070675,145.14708934257413
1.1914143444877907,144.47862204949686,145.846511314348
1.2002488630173362,145.29946161862597,146.5510228203073
1.2091189972294405,146.1276602218031,147.26069989920066
1.2180248907059914,146.96255932724284,147.97548073546955
1.2269666876077154,147.80344972182843,148.69550420980022
1.2359445326765122,148.6496205687431,149.4207578525025
1.244958571237797,149.50035084847144,150.15122371098133
1.254008949202854,150.35489130223658,150.88708979037375
1.2630958130711964,151.21248167744224,151.6282518827995
1.27221930993294,152.07234156209822,152.3747736186886
1.2813795874711817,152.9336683464369,153.12678545814998
1.2905767939643935,153.79565691311245,153.88419663890042
1.299811078288819,154.65747206098598,154.6471295729062
1.3090825899208856,155.51824461459108,155.41562373820946
1.3183914789396232,156.37713074795786,156.18963373299204
1.327737896029094,157.2332467192006,156.96933231229684
1.3371219924808309,158.08570477708716,157.75466479909167
1.3465439201962879,158.9344294500512,158.54564465943002
1.3560038316892973,159.7798009389853,159.34246128425576
1.3655018800885395,160.62218284400825,160.14499749749308
1.3750382191400214,161.46202388406516,160.95335408946826
1.3846130032095647,162.29975071490279,161.7676250193532
1.3942263872853058,163.13577242359693,162.5877404541853
1.4038785269802032,163.97054990434532,163.41385464565144
1.4135695785345572,164.8045462940676,164.24596248294796
1.4232996988185393,165.63821266245031,165.08404316224392
1.433069045334731,166.47202840768014,165.92830639591085
1.4428777762206724,167.3064893852914,166.77864439973348
1.452726050251424,168.1420851757899,167.63512405536233
1.4626140268421355,168.97932094294538,168.4979018115483
1.4725418660506262,169.81872156971417,169.366874289385
1.4825097285799764,170.66081176168777,170.24217759599665
1.4925177757811285,171.50613067787208,171.12386695552027
1.5025661696554997,172.3552286567193,172.01188966682722
1.5126550728576014,173.20866249539392,172.90643816447428
1.5227846486976757,174.06701393824073,173.80746270717543
1.5329550611443374,174.9308560259254,174.71497284891217
1.543166474827228,175.80077841946235,175.62919106371425
1.55341905503968,176.67740356890909,176.5499860248461
1.5637129677413948,177.56133621600202,177.47746967517074
1.5740483795611255,178.45319650317575,178.41175755623058
1.584425457799378,179.35364540924405,179.35277124777605
1.5948443704311164,180.26333007370908,180.30068305921048
1.6053052861084836,181.18289881497034,181.25549766582864
1.6158083741635303,182.1130492486076,182.21719143894208
1.6263538046109562,183.05448286063472,183.18599931560647
1.6369417481508624,184.00787413036392,184.16181105953706
1.6475723761715142,184.9739557351432,185.14469712464776
1.6582458607521153,185.95349683530122,186.13484534092683
1.6689623746655946,186.9471963734494,187.13213846230317
1.6797220913814006,187.95582085823406,188.13672829763817
1.690525185068311,188.98017649050882,189.14869005855527
1.7013718305972514,190.0202532937951,190.1679631171526
1.712262203544126,191.07557302317824,191.1947626971546
1.72319648019266,192.14569282139513,192.22904591021293
1.7341748375372537,193.23003262520723,193.27081881151898
1.745197453285844,194.32805456353617,194.32034257144358
1.7562645058627877,195.4392559859991,195.377470396118
1.7673761744117418,196.56304812290375,196.4423277185519
1.7785326387985703,197.69884239722177,197.5150560264086
1.78973407961425,198.84607653038316,198.59556766580639
1.8009806781777986,200.00414010784172,199.68405628225526
1.812272616539206,201.17239494123046,200.78053924527538
1.823610077482383,202.3502201030182,201.8849901617394
1.83499324452812,203.53697023523446,202.9976734623939
1.8464223019370567,204.73195954408737,204.11847783124207
1.857897434712667,205.93451036218568,205.24747769770244
1.8694188286042497,207.14392871221946,206.38489879072623
1.8809866701099398,208.35948422543663,207.53060854408798
1.892601146479724,209.5804454274096,208.68477694019393
1.9042624457184725,210.80605574153134,209.84750414666365
1.9159707565889847,212.03554432843927,211.01872109572997
1.9277262686150403,213.26812647007614,212.19866932325846
1.9395291720844714,214.50297931999958,213.38731559353909
1.9513796580522402,215.7392862809906,214.5846626054183
1.9632779183435312,216.97621184643114,215.79101709073103
1.9752241455568598,218.21287170863985,217.00621527807095
1.987218533067185,219.44839083561428,218.2303989872158
1.9992612750290442,220.68188913477027,219.46374089387322
2.011352566379692,221.9124270338567,220.70614339572214
2.0234926028422597,223.13905828352821,221.95782549455043
2.0356815809289195,224.36086584886874,223.21882078195637
2.0479196979440673,225.5768625675553,224.48910022477878
2.0602071519875182,226.78601820630846,225.7689629509309
2.0725441419577098,227.98738794650043,227.05829828382033
2.0849308675549247,229.17994625790675,228.3571851444964
2.0973675292845213,230.36274036541548,229.66589508874478
2.1098543284601794,231.53831591994572,230.98427856314345
2.122391467207161,232.71224310305917,232.31252729956483
2.1349791484655776,233.89036191506767,233.65077075545193
2.1476175759936824,235.07864707285427,234.99893265059302
2.1603069543711597,236.28314326393428,236.35728450986946
2.1730474890024456,237.51014017900226,237.7258061988552
2.1858393861200445,238.76593861879385,239.10449975617442
2.1986828527878743,240.05693751034858,240.4937186132549
2.2115780969046135,241.3898782760538,241.89328743486047
2.2245253272070675,242.77154033662146,243.30336566910614
2.2375247532735503,244.20870339917812,244.72416352869544
2.2505765855272726,245.70860606731353,246.15557270128926
2.2636810352397525,247.27871569336298,247.59784250494704
2.276838314534231,248.92626527323594,249.05102708383325
2.2900486363891064,250.6590845348762,250.51509500146716
2.303312214641388,252.48560486036092,251.99038645965027
2.316629263990146,254.41363678661384,253.47679362061174
2.33,256.4517501181927,254.9744005747345
