z_obs,H_M28_minus_H_same_domain_null_over_H_same_domain_null,H_M28_minus_H_bg_over_H_bg
0.01,0.05943913950653427,0.18909197291262658
0.014974874371859296,0.06072411441496493,0.18997321300340442
0.019949748743718593,0.06192699518860049,0.19068601075201208
0.024924623115577887,0.063050882882735,0.19123748898616788
0.029899497487437185,0.06409882511815555,0.1916346641278872
0.03487437185929648,0.06507381565064346,0.19188444131424043
0.03984924623115578,0.06597879405301575,0.19199361010315052
0.04482412060301508,0.06681664550243419,0.19196884073225906
0.049798994974874375,0.06759020066603001,0.19181668089966641
0.05477386934673367,0.06830223567820705,0.19154355303619375
0.05974874371859297,0.06895547220326546,0.19115575203969315
0.06472361809045227,0.06955257757730803,0.19065944344286923
0.06969849246231155,0.07009616502365344,0.19006066198703198
0.07467336683417085,0.07058879393627261,0.18936531057519312
0.07943559520016252,0.07101494270061631,0.18861454472520855
0.07964824120603015,0.07103297022603212,0.18857915957890303
0.08462311557788944,0.07143114672478837,0.18770784647426209
0.08959798994974874,0.0717857236426286,0.1867568757835274
0.09457286432160804,0.07209904907379908,0.18573161929977555
0.09591907597955812,0.07217704393488623,0.18544209682119517
0.09954773869346734,0.07237341954710926,0.18463731657306703
0.10452261306532663,0.07261108061680517,0.1834790756375737
0.10949748743718593,0.07281422749015108,0.18226187396010496
0.11265426713409132,0.07292621349035312,0.18146114166319904
0.11447236180904523,0.07298500568814373,0.18099055959143429
0.11944723618090453,0.07312551173601198,0.1796698525027831
0.12442211055276382,0.07323779388032566,0.17830434609073698
0.12939698492462312,0.07332385282974002,0.17689850883477165
0.12964501239760692,0.07332749224160147,0.17682744210494916
0.1343718592964824,0.07338564251657562,0.17545668609245335
0.13934673366834172,0.07342507087659494,0.17398310201820633
0.14432160804020103,0.07344400064451789,0.17248186159238998
0.14689521419954327,0.0734463488751559,0.17169570224788577
0.1474873984931891,0.07344620786289148,0.17151396855604295
0.1492964824120603,0.07344425016296782,0.17095695274819778
0.15427135678391962,0.07342759420266633,0.1694122485846774
0.1592462311557789,0.07339576479187945,0.1678515096548825
0.16212699344408094,0.07337106245559463,0.16694185287194974
0.16422110552763822,0.07335045205321283,0.16627838631890302
0.16440883456124109,0.0733485002192216,0.16621882880157268
0.1691959798994975,0.07329330504600583,0.16469642115217553
0.17417085427135678,0.07322593261267962,0.16310905140013277
0.17695335971865583,0.07318437686873876,0.16222010472943715
0.1770969361085799,0.07318216417137023,0.16217422845652485
0.1791457286432161,0.07314990422753373,0.16151961147087412
0.18218989600593946,0.07309977189223732,0.16054739162559395
0.18412060301507538,0.07306675084656739,0.15993133545812976
0.1890954773869347,0.07297796575701825,0.1583473596873457
0.1910699583062728,0.07294149042856887,0.1577205632949299
0.1919688801374404,0.07292469085627676,0.15743563568724794
0.19407035175879397,0.07288500542543153,0.15677072527826863
0.19904522613065329,0.07278929034311586,0.15520438071790932
0.20024248248266774,0.07276599944025536,0.15482928001835572
0.20402010050251257,0.07269220586798719,0.15365118443825043
0.20520885074230197,0.07266895471649051,0.15328230111778174
0.20717596792088316,0.07263052577909575,0.15267397776447322
0.20899497487437188,0.07259510306183997,0.15211390739351693
0.21396984924623116,0.07249929952219798,0.15059523563227906
0.21857074030424578,0.07241296994722081,0.1492095497410959
0.21894472361809048,0.0724060802079429,0.14909777286004045
0.21951558242062205,0.07239560553352319,0.14892741247516916
0.22257706707719555,0.07234037103480687,0.14801926857856107
0.22391959798994976,0.07231669825801113,0.1476240429883806
0.22889447236180907,0.07223237580250735,0.14617649266706123
0.23386934673366835,0.07215430476564064,0.14475749379587088
0.23399214571873933,0.0721524667142807,0.14472284831254711
0.23717887909960783,0.07210640398879045,0.1438304548814715
0.23817465279514077,0.07209268427836607,0.1435542986657119
0.23884422110552767,0.07208364765995472,0.14336934601328477
0.24381909547738695,0.07202153837137772,0.14201427915934284
0.24864055666517315,0.07197054562349824,0.14073460850964326
0.24879396984924623,0.07196908293466711,0.1406944557104124
0.2537688442211055,0.07192736029886901,0.13941197318378706
0.253971231841834,0.07192590538402525,0.13936061924980603
0.25607117278066904,0.07191197775853411,0.1388316584444873
0.2587437185929648,0.07189742308247518,0.13816886651031224
0.26346285522021134,0.07188085026978396,0.1370278489082697
0.26371859296482414,0.07188029831797178,0.13696711037346243
0.2686934673366834,0.07187698818554841,0.13580862151352102
0.2699693429656176,0.07187848411252096,0.13551870888395356
0.2736683417085427,0.07188847073574876,0.1346952609957055
0.2752519605239561,0.07189538522439003,0.1343506159798764
0.2784611055599981,0.07191441532898342,0.133667025994892
0.27864321608040205,0.07191570060088777,0.13362883644127854
0.28361809045226133,0.07195960969509371,0.13261110422085864
0.2861715573040762,0.07198892147468576,0.13210819766713344
0.2885929648241206,0.07202110790286238,0.13164377160930218
0.2935678391959799,0.0721010837560351,0.1307284989016897
0.29363739636399444,0.07210233708802354,0.1307160786091799
0.29472564776722826,0.0721224402720831,0.13052312758536222
0.29854271356783924,0.07220040509914337,0.12986690149007796
0.3025804787972574,0.0722958248238436,0.12920814813334247
0.3035175879396985,0.07231991974308541,0.12906055190081966
0.3084924623115578,0.07246037878184983,0.12831083096910456
0.3089938411058507,0.07247569763898301,0.12823841283971182
0.3134673366834171,0.07262153634841295,0.12761717455783694
0.31449670722131656,0.07265738282441385,0.12748047714082
0.3184422110552764,0.07280247975704365,0.12697772420155884
0.31919874460616404,0.07283167197340068,0.12688511465899532
0.3234170854271357,0.07300230269147133,0.1263906417809204
0.3245325783477325,0.07304960866264502,0.12626600725705295
0.328391959798995,0.07322011818247967,0.12585413426792358
0.3333668341708543,0.07345505807799228,0.12536645213596542
0.33456967989741543,0.07351433784795432,0.125255675662163
0.33602902553658587,0.07358751889247897,0.12512494050011091
0.33834170854271356,0.07370627253348637,0.12492588784000946
0.34025577203813984,0.07380708490294123,0.12476857977541012
0.3433165829145729,0.07397292952184227,0.12453077436354554
0.3482914572864322,0.07425421436181105,0.12417948382917854
0.3530740264683381,0.07453767408601612,0.12388160715745267
0.35326633165829147,0.07454932926428312,0.1238704261698389
0.35494917615006033,0.07465214949232146,0.12377516580302594
0.3561656118132623,0.07472738535112998,0.12370917206742793
0.35824120603015075,0.07485749289560714,0.12360204785777218
0.3632160804020101,0.07517793995723897,0.12337283068861238
0.36819095477386937,0.07550992078101276,0.12318129061797456
0.37033648678997655,0.07565647084229565,0.12310994884147952
0.3722643133019105,0.07578981582850342,0.12305149839150609
0.37316582914572866,0.07585270093939132,0.12302597664813919
0.37563987673603266,0.07602696558856603,0.12296178409268599
0.37814070351758794,0.07620556087004786,0.12290546976252115
0.3831155778894473,0.07656779551419311,0.12281838190573247
0.38781918083905853,0.07691827594858858,0.12276555142162282
0.38809045226130656,0.07693871396806023,0.12276335500715718
0.3885541184340688,0.07697370236713423,0.12275981225827493
0.39306532663316585,0.07731763914700436,0.12273906004606117
0.3966465338894349,0.07759499522649414,0.12273986386998792
0.39804020100502513,0.0777039074616935,0.12274419615635712
0.40301507537688447,0.07809686850588318,0.1227774897692373
0.4050372957531094,0.07825836851096528,0.12279878541139633
0.4055249183480208,0.07829745634054655,0.12280457655226185
0.40798994974874375,0.0784958847553034,0.12283769379197351
0.41296482412060304,0.07890033127719365,0.12292358682126703
0.4179396984924623,0.07930959545005051,0.12303397238960967
0.4179739724131821,0.07931243034574843,0.12303481509753933
0.4217161407317134,0.07962311649955113,0.12313339864210437
0.4229145728643216,0.07972307669317079,0.12316767824319053
0.42345654489574575,0.07976835172585257,0.12318360407268081
0.42788944723618094,0.08014018620558827,0.1233235556499539
0.4328643216080402,0.08056034671401686,0.1235004787364744
0.4378391959798995,0.08098299222944323,0.12369734385239517
0.4385929760915414,0.08104721230756694,0.1237288440596005
0.43962709078716145,0.08113538472342692,0.12377275694653544
0.4416169423648893,0.08130525313625311,0.12385949204303559
0.4428140703517588,0.0814075678120072,0.12391306896120469
0.44778894472361813,0.0818335293438431,0.12414659305621978
0.4527638190954774,0.0822603433095546,0.12439687560066415
0.4556701521267001,0.08250987452209257,0.12455043853095571
0.4577386934673367,0.08268748658401702,0.12466289599080538
0.460009029405042,0.08288238737803064,0.12478925394165574
0.4616108622933133,0.0830198502204708,0.12488020115510468
0.462713567839196,0.08311444622721643,0.12494365304114496
0.4676884422110553,0.08354071928583393,0.125238164490715
0.4726633165829146,0.08396581260131752,0.12554546652956833
0.47295004703104737,0.08399026704665731,0.12556354808517955
0.4776381909547739,0.08438924262416898,0.1258646133445931
0.47863576190180107,0.08447390736323591,0.1259299526921751
0.4826130653266332,0.08481053523420715,0.1261946766838269
0.48393033615789355,0.08492167020788657,0.12628378480231506
0.48758793969849246,0.08522922556656817,0.12653474543847398
0.4904350672293831,0.08546749562613129,0.12673352314703434
0.4925628140703518,0.08564485784320876,0.12688392524186898
0.4975001334518248,0.08605388831271832,0.12723861131302794
0.4975376884422111,0.08605698520970223,0.12724133808466642
0.5025125628140703,0.08646516957711121,0.1276061219455622
0.5065906387111783,0.08679653013468462,0.12791005168170932
0.5074874371859296,0.08686898146874136,0.12797743043688348
0.508127647712572,0.08692060818977089,0.12802564452736487
0.512462311557789,0.08726799987157474,0.12835443246441924
0.5166051758439496,0.08759632982711195,0.12867214008735028
0.5174371859296483,0.08766181209221367,0.1287363119008813
0.5224120603015076,0.08805001361713642,0.12912226727241993
0.5260302523766438,0.08832859901108601,0.12940508014839391
0.5273869346733668,0.08843220797711508,0.12951151145763706
0.5295969745648779,0.08859996522245865,0.12968528190699047
0.5323618090452261,0.08880800661561884,0.12990327139856905
0.5359539595464429,0.08907516382352006,0.13018728023880044
0.5373366834170854,0.08917702876105194,0.13029678782312648
0.5423115577889448,0.08953890130267617,0.1306913149785096
0.5441453743659197,0.08967041668271,0.13083685252471144
0.5472864321608041,0.08989325867006724,0.13108612037512768
0.5522613065326634,0.09023974271597766,0.13148048454058014
0.5529546278075306,0.0902873852768694,0.13153536974090563
0.5555495942004751,0.09046426833369461,0.13174056416841018
0.5572361809045226,0.09057800260246218,0.131873700783266
0.5622110552763819,0.09090769469014738,0.13226507496521656
0.5624755364202108,0.09092497590209152,0.13228581705365206
0.5671859296482412,0.09122677821189287,0.13265409026109798
0.5721608040201005,0.09174173659863485,0.1335176516217651
0.5753952291198849,0.0922812879514569,0.13450293335225316
0.5766689632181506,0.09252979138004964,0.13496647511152648
0.5771356783919598,0.09262536128061138,0.13514587090744934
0.5810232912261394,0.09350247891275157,0.1368135726496884
0.5821105527638191,0.0937698163971978,0.13732777464459045
0.5870854271356785,0.09507906503602662,0.13987401460999838
0.5920603015075377,0.09646923925237771,0.14261668773300107
0.5954940537973217,0.09743793727614777,0.14454661032671834
0.597035175879397,0.09786854528810425,0.1454088216359608
0.5997912217726296,0.09862517629558178,0.1469296611884523
0.6007454274984088,0.09888181643369516,0.14744708103992554
0.6020100502512563,0.09921681272365332,0.14812358299917627
0.6069849246231156,0.10046478899266247,0.15065326887614172
0.6119597989949749,0.10157326895508498,0.15290813964270877
0.615849298416845,0.10232299862304493,0.15443190848691257
0.6169346733668342,0.10251213442644123,0.15481514753050507
0.6187819417106188,0.10281290305223102,0.15542262549718466
0.6219095477386934,0.10325936344283373,0.15631660811911074
0.6251895505236298,0.10363970466404854,0.157062993765112
0.6268844221105528,0.10380005431119445,0.1573688546561256
0.6318592964824121,0.10412549704601066,0.15794090777069925
0.636464234373064,0.10423189396328668,0.15802527565409807
0.6368341708542714,0.10423231435220728,0.15801318607046166
0.6379980957170382,0.10422578939273133,0.15795674887703415
0.6418090452261307,0.10412168445115348,0.15757627659597362
0.64678391959799,0.1037986526675094,0.15662977892040164
0.650006946612892,0.1034797920037708,0.15574781855137787
0.6517587939698493,0.10327153312666132,0.15518123165744613
0.6567336683417085,0.10255139757159283,0.15324512695046044
0.6573421747968995,0.102450693614851,0.15297578406279366
0.657442359863115,0.10243385760398169,0.15293077168793068
0.6617085427135678,0.10165164790276503,0.1508420144739666
0.6666834170854271,0.10058766482635849,0.14799769566778043
0.6716582914572865,0.09937652698839983,0.14474250503969754
0.6752033158185224,0.09843388163847536,0.1421909458998789
0.6766331658291458,0.0980367923608944,0.14111067633833452
0.677117441987046,0.09790023999942933,0.14073839947812594
0.678486475088055,0.09750879826581203,0.13966890909633367
0.6816080402010051,0.09658833484233283,0.13713978807811023
0.6865829145728644,0.09505222873830439,0.13287028403389045
0.6915577889447236,0.09345067405542815,0.1283450625877829
0.6965326633165829,0.09180695544774456,0.12360912840742433
0.6970260820710954,0.09164254931526346,0.12312969394899786
0.6999005334542789,0.09068255629319161,0.12030705499753003
0.7007844452352842,0.0903870709188593,0.11942982269293023
0.7015075376884422,0.09014542829843816,0.11870930076802777
0.7064824120603015,0.08849152457814657,0.11369396971218837
0.7114572864321609,0.08687181104072864,0.108612947184622
0.7164321608040202,0.08531435797181251,0.10351767936741485
0.7171710526231689,0.08509012961019534,0.10276289818711515
0.7214070351758795,0.083848576210969,0.09846087316455132
0.7215877914575077,0.08379743163362907,0.09827854677552295
0.7263819095477387,0.08250502511173394,0.09349614894746971
0.7267562103295527,0.08240976249015869,0.09312785429113624
0.731356783919598,0.08131539928277734,0.08867791383673707
0.7363316582914573,0.08031248309606326,0.08406122865665311
0.7375551590629172,0.08009829080099594,0.0829630634384102
0.7413065326633166,0.07953005843780521,0.07970165319336897
0.743551734566978,0.07925839341749683,0.0778332870756473
0.7462814070351759,0.0790027515866503,0.07565505556620589
0.7512562814070352,0.07876580381963846,0.07197737002888194
0.7531245762887941,0.0787590829774283,0.07070292178180071
0.7562311557788945,0.07885474956866073,0.0687242864783848
0.7581812401124244,0.07898624142828033,0.06757696763278309
0.7612060301507538,0.07930498594110913,0.06595085489657615
0.7657958927193925,0.08007081620164422,0.06386407885221113
0.7661809045226131,0.08015121837052269,0.06371098828248978
0.7711557788944724,0.08142676962601517,0.062056849207923204
0.7761306532663317,0.0831627437944641,0.061038108327581275
0.7790521681915302,0.08440816702652838,0.06075476239436295
0.7798955993916441,0.08479978222439852,0.060717960027326656
0.781105527638191,0.0853744106581008,0.060688720018482245
0.7860804020100502,0.08759000803923277,0.060566947035333385
0.7883238408862359,0.08850505232267598,0.060508510254067005
0.7910552763819095,0.08954490532524244,0.06043446355281712
0.7960301507537689,0.0912195584818564,0.060291581382585946
0.8001708498178504,0.0923866673871616,0.06016494938874839
0.8010050251256282,0.09259591926373056,0.060138607956679246
0.8059798994974875,0.0936577019658668,0.05997584637058817
0.8070754283989158,0.0938477956885337,0.05993871897989589
0.8109547738693468,0.0943906620283245,0.059803595426565215
0.8111391996483244,0.0944113495689756,0.05979703128058467
0.8159296482412061,0.09478288284251188,0.05962214967714763
0.8209045226130653,0.09482506610519363,0.05943179946886401
0.8215402260115408,0.09480487319483966,0.0594068490409807
0.8258793969849246,0.09457553684980509,0.05923283098609655
0.8308542713567839,0.0942933295666422,0.059025526295068076
0.8342456357776894,0.09409816894213305,0.05887957123995147
0.8346703059658429,0.09407357901896579,0.05886103513202534
0.8358291457286432,0.09400631077766224,0.058810163387931214
0.8358872868431042,0.09400292941404947,0.05880759990378581
0.836505153313368,0.09396695825365393,0.05878029215064684
0.8408040201005026,0.09371484620290776,0.058587016226934185
0.8431632727048693,0.09357517379736208,0.05847854922216933
0.8457788944723619,0.09341929576350821,0.05835635478863321
0.8507537688442212,0.0931200136568387,0.05811844510813646
0.8557286432160804,0.09281734843164618,0.05787354932334976
0.8576468628268821,0.09269981562569515,0.0577773108448123
0.8596534872418926,0.09257640356973977,0.057675582543322834
0.8607035175879397,0.09251164306311702,0.0576219257192101
0.8626865700758921,0.09238901269903509,0.057519806574925836
0.865043001156649,0.09224276384513579,0.057397144743393635
0.865678391959799,0.0922032350278314,0.05736382877187607
0.8674411954833867,0.09209336750704557,0.05727086840904616
0.8687700292469911,0.09201035949270268,0.05720028343721939
0.8706532663316583,0.09189245637858333,0.05709950919286899
0.8756281407035176,0.0915796338190196,0.05682921397313412
0.880603015075377,0.09126508877807529,0.05655318642701146
0.8813466417257976,0.09121794325068396,0.05651144914154527
0.8855778894472363,0.09094913748416975,0.05627166623609581
0.8871824583715897,0.0908469838547852,0.05617973384761443
0.8903417180778637,0.09064555905710926,0.05599715890272661
0.8905527638190955,0.0906320910391271,0.05598488949297131
0.8911306554964686,0.09059520531908286,0.05595124681314445
0.8955276381909548,0.09031425549181143,0.05569308874480461
0.8995374299830043,0.0900577080786206,0.055454394239209615
0.9005025125628141,0.08999593191142757,0.055396493036780514
0.901601754784675,0.08992555935708332,0.055330333406396814
0.9053487813861136,0.08968565039981877,0.05510316906481405
0.9054773869346734,0.08967741646048027,0.05509532795537164
0.9095847275246293,0.08941450704647856,0.054843395149565044
0.9104522613065327,0.0893590004673585,0.05478981567141883
0.915427135678392,0.08904097049852398,0.054480174983021046
0.9200090952568524,0.08874864285813643,0.054191523129377694
0.9204020100502512,0.08872360843028579,0.05416662135821415
0.9215363698779031,0.08865136666469538,0.05409459985270004
0.9253768844221106,0.08840719152013653,0.053849366977431146
0.9296571393134393,0.08813591912208245,0.053573607174603355
0.9303517587939699,0.08809199247763681,0.05352862077573328
0.9321853114482912,0.08797618259346801,0.053409566145949716
0.9322529283903019,0.08797191584081479,0.053405167300975886
0.9350102886962692,0.08779817871235604,0.05322528711680574
0.9353266331658292,0.08777827953482202,0.05320458848480025
0.9403015075376885,0.08746631651612552,0.05287747267467191
0.9452763819095478,0.08715636290779352,0.05254747279522887
0.9493285221487017,0.08690556114386881,0.05227668588719281
0.950251256281407,0.08684867392678161,0.05221478521740841
0.9532457996631182,0.08666466260980815,0.052013314582017856
0.9542756222272742,0.08660160158841101,0.051943827588416536
0.955190217777201,0.0865456939853384,0.05188203138599601
0.9552261306532663,0.08654350058911739,0.051879603274144204
0.9602010050251256,0.08624108977772081,0.051542117301023316
0.9651758793969849,0.08594168430966453,0.05120251467665349
0.9653943211900455,0.08592861033466288,0.05118755744326409
0.9690057647135454,0.08571338607613456,0.05093974723075134
0.9701507537688443,0.085645523002867,0.050860979862733524
0.9751256281407036,0.08535284074220921,0.050517694443822814
0.9783997899676027,0.08516222512268197,0.05029089604321246
0.9790956702494714,0.08512192553120411,0.0502426100753004
0.9792081866888781,0.08511541665154976,0.0502348001057622
0.9801005025125629,0.08506386854506215,0.05017283716680088
0.9850753768844221,0.08477883362622089,0.049826583980014494
0.985478502363208,0.08475591585859729,0.049798470431450026
0.9900502512562814,0.08449795946223243,0.04947910807210465
0.9950251256281407,0.08422146585512079,0.04913057991051395
0.9991741034770072,0.08399438029739917,0.048839228716299976
1.0,0.08394956899548779,0.048781167279662974
1.0018848771623063,0.08384779778506905,0.04864858530344818
1.0035984946040402,0.08375588229236129,0.04852796759775857
1.0040133779264213,0.08373371685237138,0.048498753907915804
1.004458839737149,0.08370995628600975,0.04846738250882221
1.0080267558528428,0.08352110477227509,0.048215957901088125
1.0093173764690935,0.08345343944622007,0.0481249490599478
1.0120401337792642,0.0833118412856391,0.04793286363190252
1.0160535117056857,0.08310603348764688,0.04764955439392993
1.018243113092247,0.08299524459027433,0.047494926589912057
1.020066889632107,0.08290378705881987,0.04736611241411626
1.0240802675585283,0.08270520628542902,0.04708261886521092
1.0256487499307547,0.08262861679904633,0.0469718291264809
1.0280936454849499,0.08251039407973382,0.04679915387810363
1.0300316395326146,0.08241770188166878,0.046662307012256043
1.0321070234113712,0.08231945200004043,0.04651579655406346
1.0335344683366627,0.08225249135773888,0.04641505514342703
1.0361204013377927,0.08213248027059203,0.0462326249768823
1.0387989712988974,0.0820099515872875,0.046043774864221954
1.0400005821202767,0.08195558170612337,0.045959100462597435
1.040133779264214,0.08194957780126275,0.04594971622492028
1.0441471571906356,0.08177084220709539,0.04566714638305691
1.0481605351170569,0.08159636982764153,0.04538499055454248
1.0496947176664997,0.08153082108784464,0.04527725661503146
1.0515484094620258,0.08145247830878374,0.04514718700719089
1.0521739130434782,0.08142625574614148,0.04510332287275465
1.0559306960096422,0.08127105037051283,0.04484017082649516
1.0561872909698997,0.08126059380850602,0.04482221651285356
1.060200668896321,0.0810994766421367,0.04454174370334463
1.0642140468227426,0.08094299567456219,0.044261975737539094
1.0682274247491639,0.08079124115188986,0.04398298298491765
1.068485394404187,0.08078165052854888,0.04396507820077389
1.0711523345127851,0.08068367254394333,0.04378018404220163
1.0722408026755852,0.08064430215709541,0.04370483490239896
1.0740261290480733,0.08058050786665921,0.0435813918807515
1.0746178720756667,0.08055957879578479,0.04354051783013069
1.0762541806020067,0.08050226662811842,0.043427600045504944
1.080267558528428,0.08036522137579248,0.04315134607943305
1.0821601715369633,0.08030235018028899,0.04302143079253651
1.0842809364548496,0.08023325210159148,0.04287613979002991
1.0854033139335657,0.08019726549554858,0.04279937230812836
1.0882943143812709,0.08010644341520885,0.04260204709466375
1.0923076923076924,0.07998487885195102,0.04232913305300223
1.0963210702341137,0.07986864088996434,0.04205746187769388
1.09864637250533,0.07980376323846239,0.041900652534518024
1.100334448160535,0.07975781096728195,0.041787096944947644
1.1027797885720625,0.0796929683260183,0.04162303143490176
1.1040370318203494,0.07966042921796411,0.041538881437465536
1.1043478260869566,0.07965246949870276,0.04151810080502161
1.108361204013378,0.07955269589249281,0.041250535192606685
1.1087242815866316,0.0795439470315428,0.04122640204218686
1.1110660617970143,0.07948863268473871,0.04107104418161911
1.1123745819397994,0.0794585685669185,0.040984461037123276
1.1163879598662207,0.07937016496660411,0.040719938472912665
1.119816896207438,0.07929922682345218,0.04049521044860138
1.120401337792642,0.07928756157872283,0.04045702684933805
1.123558876691323,0.07922669921471091,0.04025135077210784
1.1244147157190636,0.0792108339490208,0.04019578474078633
1.128428093645485,0.07914005669766325,0.039936269956578396
1.1324414715719064,0.07907530353492354,0.03967853955077949
1.1348902084825732,0.07903878505184048,0.0395221875888041
1.1356272954115125,0.07902823962570203,0.0394752606358606
1.1364548494983278,0.0790166472766982,0.03942264983191657
1.140199705179231,0.07896747762921139,0.03918558996132915
1.140468227424749,0.07896415985985944,0.03916865637260525
1.1444816053511706,0.07891791235744557,0.03891661401907576
1.1481545962063375,0.07888111558501797,0.03868770417540457
1.148494983277592,0.07887797499368174,0.03866657690061026
1.1487671109597863,0.07887549720658803,0.03864969702620202
1.1525083612040135,0.07884441715884363,0.03841859843888584
1.15479837565353,0.07882815416300835,0.0382780458315064
1.1565217391304348,0.07881730742395589,0.03817273135722421
1.160535117056856,0.07879671355533506,0.03792902768974904
1.1628735367314151,0.07878774531167988,0.03778805013039532
1.1645484949832776,0.07878270252896809,0.03768753879045428
1.1674909693562379,0.07877665086981822,0.03751192372730339
1.168561872909699,0.07877534054473703,0.037448315342174965
1.1725752508361205,0.07877469304048489,0.037211407365475235
1.174274585848281,0.0787764580582608,0.03711180615674592
1.1765886287625418,0.07878082470592807,0.03697686422743951
1.1769839165266005,0.07878179778590715,0.03695389325830867
1.1806020066889633,0.07879379949640923,0.03674473465037664
1.1846153846153846,0.07881368064650636,0.03651506672043703
1.1858947252812777,0.07882147997667839,0.03644238083717122
1.1886287625418062,0.07884053068347853,0.03628790789613512
1.1903571237809063,0.07885425590798645,0.036190866600765315
1.1904673844279823,0.0788551758670566,0.036184692031842935
1.1926421404682275,0.0788744114405732,0.03606330501678934
1.1966555183946488,0.07891538407017287,0.035841304310872735
1.2000848535670776,0.07895605872415808,0.0356537061538138
1.2005895589263473,0.07896248802988823,0.03562626168114935
1.2006688963210703,0.07896350905680183,0.0356219514042746
1.2046822742474916,0.07901884622998402,0.03540529132847947
1.2086956521739132,0.07908145477695243,0.03519136852865623
1.2127090301003345,0.07915139325521625,0.03498022687166369
1.214400348409826,0.07918307613662699,0.03489209098355994
1.2167224080267558,0.07922871960499067,0.034771909653973365
1.2184132732484385,0.07926352358749612,0.0346850000928256
1.2207357859531773,0.07931349116147499,0.034566459609505884
1.224297896646148,0.07939501325725783,0.03438654625985316
1.2247491638795986,0.07940576466699571,0.03436391891738233
1.2262015084938431,0.07944101572764005,0.034291349330417775
1.2265026667484276,0.07944844953171179,0.034276349852684795
1.2287625418060202,0.07950559628301622,0.03416432920959722
1.2327759197324415,0.07961302899339194,0.03396772598119302
1.234193579267343,0.07965278339651113,0.03389898772027866
1.2367892976588628,0.07972798348650748,0.033774066250233714
1.2408026755852843,0.07985030660998584,0.03358325027839171
1.2448160535117057,0.0799798453982476,0.03339517809207382
1.2467156945183242,0.0800436320338896,0.03330708665084936
1.2488294314381272,0.08011644846600868,0.03320975080402233
1.252459866980208,0.0802459777216864,0.03304421312127315
1.2526281876741994,0.08025211860708645,0.03303658753674754
1.2528428093645485,0.08025996598382604,0.03302687059976139
1.2568561872909698,0.08041024965415837,0.032846440724296544
1.2608695652173914,0.08056715268794361,0.032668365469064264
1.263244687916801,0.08066306675565646,0.032564050776238807
1.2633757590443162,0.08066842519107738,0.03255831682617649
1.2648829431438127,0.08073052978167466,0.03249255015913133
1.268310748540859,0.08087508699644425,0.032344106028117325
1.2688963210702342,0.08090023709496333,0.03231890114063085
1.2729096989966555,0.08107613222859285,0.032147325768435486
1.2753791968633177,0.08118737741236338,0.032042743385710226
1.2769230769230768,0.08125807420301911,0.03197773239406021
1.2793685713282241,0.08137184320127148,0.03187532619192113
1.2809364548494984,0.08144592343734756,0.03181003035379093
1.28494983277592,0.08163954172874545,0.03164412995703203
1.2889632107023412,0.08183879223229573,0.03147994247487085
1.2911735251486307,0.08195088262912731,0.0313902179522505
1.2929765886287625,0.08204353944127547,0.03131738012885421
1.296989966555184,0.08225364916785713,0.031156356079968806
1.300593030442745,0.08244673679653539,0.031013034300613196
1.3010033444816054,0.08246898852421118,0.030996784417826717
1.302948902768427,0.08257522099620511,0.030919926460695857
1.3031401658715882,0.08258572856565259,0.03091238772575644
1.304408386940268,0.08265569005666164,0.03086247568299516
1.305016722408027,0.08268942590401572,0.030838580150046146
1.3064263833629628,0.08276803795187603,0.030783321224506555
1.3090301003344482,0.08291483096434617,0.030681659191828636
1.3130434782608695,0.08314507460796222,0.030525938355723037
1.317056856187291,0.08338002896595462,0.03037133534157821
1.3210702341137124,0.08361956738076295,0.030217768726672922
1.325083612040134,0.08386356438954967,0.03006515795602871
1.3290969899665552,0.08411189570792746,0.02991342333289282
1.3305525657954502,0.08420300780422159,0.029858593204629136
1.3331103678929765,0.08436443821402159,0.029762486009392797
1.3338053918910273,0.08440859151458442,0.029736422404247342
1.333807930177556,0.0844087529901592,0.029736327256790762
1.337123745819398,0.08462106993287372,0.02961226797735894
1.3381159976312513,0.08468513504953093,0.029575230630060068
1.3385576999159619,0.08471373127188667,0.029558755722759233
1.3411371237458194,0.08488167002116734,0.029462692059307516
1.3436031787716725,0.0850437145630674,0.029371069288085527
1.345150501672241,0.08514611875227414,0.029313681899586053
1.3491638795986622,0.08541429750161943,0.02916516195567409
1.3531772575250836,0.08568608873234476,0.029017057489636677
1.357190635451505,0.08596137598127405,0.02886929455972842
1.3612040133779264,0.0862400438451763,0.028721800012144083
1.3615094097553473,0.08626138412796315,0.028710585406493516
1.363582551524896,0.08640674580778583,0.02863448412214309
1.365217391304348,0.08652197796730984,0.028574501472913738
1.3692307692307693,0.08680706502424937,0.02842732733993536
1.3706084250355552,0.08690563234243631,0.028376823380848792
1.3732441471571906,0.08709519271298544,0.02828020677514953
1.3738201102974688,0.08713678510838307,0.028259093660182755
1.377148867039627,0.08737833204805485,0.02813705410027656
1.377257525083612,0.0873862497382985,0.028133069696846702
1.3812709030100334,0.08768012580038556,0.027985846772105694
1.3847770712948098,0.08793908330749127,0.027857105793718473
1.385284280936455,0.08797671158275663,0.027838469409362743
1.3892976588628763,0.08827589874036915,0.027690869751107128
1.3933110367892976,0.0885775798880204,0.027542980666700023
1.3937370362127082,0.08860974380637332,0.027527263266425184
1.397324414715719,0.08888164858897189,0.02739473574531437
1.4013377926421406,0.08918799934381694,0.02724606928899509
1.405351170568562,0.08949652757957213,0.027096916305833663
1.4093645484949833,0.089807129639,0.02694721250325771
1.4100694412773085,0.08986188887377981,0.02692085751827933
1.4113527355395414,0.08996173522703702,0.02687282710014194
1.4133779264214048,0.09011970277014617,0.026796894281431394
1.4163768703551127,0.09035449472824009,0.026684132236606928
1.4173913043478261,0.090434145116103,0.026645898726766593
1.4214046822742477,0.09075035570497242,0.026494163605538024
1.4242762305211767,0.09097763207164197,0.026385109915428195
1.425418060200669,0.09106823444004257,0.026341627357606034
1.4266743326206788,0.09116806428780999,0.026293705977476378
1.4294314381270903,0.09138768209017056,0.026188229090239545
1.4334448160535118,0.09170860028035485,0.02603390857204202
1.4374581939799331,0.09203089148250475,0.025878606226970913
1.4414715719063547,0.09235445900640668,0.025722263128460154
1.445484949832776,0.09267920699086228,0.02556482099362989
1.4468723163065842,0.09279172491069468,0.025510129404392234
1.4494983277591973,0.09300504039502469,0.025406222177593474
1.4527973299119699,0.09327362230802654,0.025274947379990698
1.4535117056856188,0.09333186498989868,0.02524640966785352
1.4562522190116733,0.09355555685288909,0.025136556225284323
1.4575250836120401,0.0936595873500237,0.02508532707878275
1.4615384615384617,0.09398811484532366,0.02492291864619811
1.465551839464883,0.09431735563312467,0.024759129222014398
1.4693076713467115,0.09462603378703147,0.02460455121899119
1.4695652173913043,0.09464721865033487,0.024593904268982447
1.4735785953177258,0.09497761360578694,0.02442718985550907
1.4775919732441471,0.09530845097273408,0.02425893265055712
1.4816053511705687,0.0956396419814977,0.02408907991862108
1.4842371882589451,0.0958569754671435,0.023976804966283405
1.48561872909699,0.09597109861227196,0.023917579514783016
1.4896321070234113,0.09630273358806431,0.023744379879838018
1.4936454849498328,0.09663446036779018,0.02356943003549783
1.4949542441276873,0.09674264163563615,0.023511992141695526
1.4967855955818385,0.096894015508321,0.023431294353050136
1.4976588628762542,0.09696619313949918,0.023392679579663955
1.5016722408026757,0.09729784681374662,0.023214078681769834
1.505685618729097,0.09762933701709009,0.023033578078193395
1.5096989966555183,0.09796058008572778,0.022851129067737563
1.5126900193429602,0.09820723322009398,0.022713860743771797
1.5137123745819399,0.09829149305925747,0.022666683507173158
1.5177257525083614,0.09862199367456609,0.022480193806850624
1.5178138953970413,0.0986292469723708,0.02247607477297353
1.5178733320924216,0.09863413789623844,0.022473296647844032
1.5186675363094952,0.09869948077056008,0.022436130714472036
1.5187269931563232,0.09870437176133269,0.02243334503780492
1.5195214666408012,0.09876971515921926,0.022396077960447958
1.519580943645909,0.09877460616146296,0.022393284693916327
1.5197627540030554,0.09878955633845075,0.022384743309801447
1.520375686489084,0.09883994934222794,0.022355915960595496
1.5204351836593062,0.09884484030049553,0.022353115065882445
1.5206170556575291,0.09885979031911722,0.022344550348381897
1.5212301959525019,0.09891018252326635,0.022315644164734305
1.5212897132946748,0.09891507338209453,0.022312835603530257
1.5214716469548732,0.09893002307281511,0.022304247435549485
1.5217391304347827,0.09895200035984011,0.02229161292637305
1.5220849951292454,0.09898041390581032,0.022275262022807496
1.5221445326502088,0.09898530460972364,0.022272445756811976
1.522172639087332,0.09898761336572337,0.02227111609183896
1.5223265279932885,0.09900025380296469,0.022263834021282847
1.5229400841175398,0.09905064269313248,0.022234768984881415
1.5229996418241347,0.09905553318664147,0.022231944975803275
1.5231816988710087,0.09907048171278125,0.022223309555684745
1.5237954630156425,0.09912086808830539,0.022194164501149638
1.5238550409147127,0.09912575831590437,0.022191332710705503
1.5240371596863014,0.09914070600527965,0.022182673488983173
1.524651131921845,0.09919108929419829,0.022153448021930533
1.5247107300202367,0.09919597920036952,0.02215060841184613
1.5248929105374667,0.09921092588327296,0.022141925271532248
1.5255070909344717,0.09926130551347759,0.02211261899766881
1.5255667092390333,0.09926619504268895,0.02210977152967919
1.5257489515228388,0.09928114054936832,0.02210106435381287
1.525752508361204,0.09928143222869797,0.022100894370328472
1.5263633401518806,0.09933151594860702,0.022071676878936186
1.5264229786694625,0.09933640504531197,0.022068821514784842
1.5266052827407854,0.09935134920597509,0.02206009018643207
1.5272198796724623,0.09940171980184946,0.022030621116432503
1.5272795384099176,0.0994066084104866,0.022027757817871585
1.5274619042897064,0.0994215510552971,0.022019002220126316
1.5280767095946417,0.09947191627526449,0.021989451160985274
1.528136388558826,0.09947680434025953,0.02198657988977648
1.5283188162680361,0.09949174529933713,0.021977799905759543
1.5289338300168767,0.09954210457070947,0.021948166463551244
1.5289935292146475,0.09954699203647391,0.021945287181464712
1.5291760187742418,0.09956193113989563,0.021936482694324688
1.5297658862876253,0.09961020907444021,0.02190799218408812
1.5297912410376586,0.09961228388983955,0.021906766475216388
1.529850960475876,0.09961717070077039,0.02190387914403158
1.530033511906824,0.0996321077785711,0.02189505003694503
1.530648942755512,0.09968245343410727,0.02186525064719702
1.5307086824410385,0.09968733953458783,0.0218623552287025
1.530891295764317,0.09970227441675812,0.021853501384873075
1.5315069352689952,0.0997526124047646,0.021823618430839797
1.5315666952086953,0.09975749773916383,0.02182071488683346
1.5317493704452882,0.09977243025565143,0.021811836189493228
1.5323652186766994,0.09982276000285921,0.02178186927762349
1.53242499887744,0.0998276445155317,0.021778957569911883
1.5326077360483388,0.0998425744962429,0.021770053902320674
1.5332237930772497,0.09989289542923867,0.021740002639158318
1.5332835935459002,0.0998977790645252,0.021737082729557322
1.533466392672103,0.0999127063393212,0.021728153975003606
1.5337792642140469,0.09993825136441443,0.021712860949658852
1.5340826585693044,0.09996301788454645,0.021698017967187067
1.5341424793127363,0.09996790058677396,0.02169508981752233
1.5343253404152486,0.09998282498547469,0.02168613585932211
1.5349418152515555,0.10003312656922679,0.02165591471358619
1.5350016562766429,0.10003800828270772,0.021652978285692237
1.535184579376477,0.10005292963508916,0.021643999007190606
1.5358012632227278,0.10010322068352033,0.02161369233036603
1.5358611245363472,0.10010810135255394,0.0216107475860865
1.5360441096545228,0.10012301948834877,0.021601742870657192
1.5366610025815808,0.10017329942746567,0.02157135026967061
1.5367208841906104,0.10017817899633587,0.021568397170859344
1.5369039313481538,0.10019309374523483,0.02155936690190452
1.537521033426906,0.10024336200090096,0.021528887983781164
1.537580935338227,0.10024824041387878,0.02152592649230045
1.5377640445561727,0.10026315160552983,0.021516870553251133
1.5377926421404684,0.1002654802344924,0.02151545578159686
1.5378357210272102,0.10026898795381355,0.02151332437280029
1.5379878589232654,0.10028137503255441,0.021505794926595545
1.5383813558575294,0.10031340760346223,0.02148630492511261
1.5384412780780252,0.10031828480480413,0.02148333500283517
1.538624449377414,0.10033319226881078,0.02147425327715169
1.5392419699723106,0.10038343543458408,0.021443600546217745
1.5393019125088665,0.10038831136853243,0.021440622155024736
1.5394851459107461,0.10040321493445702,0.021431514526196516
1.5401028758701414,0.10045344469349947,0.02140077429978615
1.5401628387296458,0.10045831930428277,0.021397787401569168
1.5403461342550722,0.10047321880164407,0.021388653753114717
1.540964073649949,0.10052343457924068,0.021357825638644634
1.5410240568392921,0.100528307811074,0.021354830195305263
1.541207414509327,0.10054320306934758,0.02134567041077262
1.5418060200668897,0.10059181748366369,0.02131573232297712
1.541825563410693,0.10059340429063884,0.021314754015760107
1.541885566936767,0.10059827608772186,0.021311749989208595
1.5420689867724806,0.10061316693634108,0.021302563952175335
1.5426873452513665,0.10066335302632384,0.02127155888423715
1.542747369121067,0.10066822333284306,0.02126854623639418
1.5429308511435353,0.10068310960119875,0.02125933383046741
1.5435494192709969,0.10073327998472432,0.021228239697321127
1.5436094634912207,0.10073814874485242,0.021225218390116485
1.5437930077215278,0.10075303026229207,0.021215979498933946
1.5444117855686441,0.1008031843640686,0.02118479590839706
1.544471850146291,0.10080805152196454,0.021181765903770522
1.544655456605528,0.10082292811779266,0.021172500410999495
1.5452744442434023,0.10087306536238488,0.021141226970991855
1.5453345291853746,0.10087793086219252,0.02113818823089364
1.5455181978946397,0.1008928023656723,0.02112889602023138
1.545819397993311,0.10091718556872686,0.021113646741417913
1.5461373953943995,0.1009429221774997,0.021097532338774094
1.5461975007076014,0.10094778596335056,0.02109448482516396
1.5463812316879997,0.10096265220370107,0.021085165780338144
1.5470006391207969,0.10101275400704125,0.021053711465555125
1.5470607648121348,0.10101761602305105,0.021050655140402608
1.547244558084779,0.10103247682945003,0.021041309145171105
1.5478641755217892,0.10108256004843584,0.021009763805289072
1.5479243215981724,0.10108742023870786,0.021006698630573917
1.5481081771841816,0.10110218850601885,0.02099732556872569
1.5487280046966054,0.10115406118903399,0.02096568940934307
1.548788171164945,0.1011614924129557,0.0209623209993266
1.5489720890854461,-0.08151126669739558,0.020950663188618268
1.549592126744507,-0.2268821803947361,2.427686650720502
1.549652313611717,-0.2112295218716524,2.7154485144405798
1.5498327759197323,-0.1630067043815024,3.652464291980465
1.5498362938878443,-0.16205507491847743,3.671776593291571
1.5504565417647904,0.006388929261823775,7.594674203914993
1.5505167490377867,0.022620575171971594,8.021561518685232
1.550700791690681,0.07205135347990645,9.366066715390339
1.5513212498567852,0.23701215724659655,14.235906753891348
1.551381477542486,0.25291325822104743,14.728780564785902
1.5515655825932955,0.3014068296413536,16.250270613054983
1.552186251119854,0.463313151761842,21.477942736890796
1.55224649922518,0.47885015122555824,21.98860654009424
1.5524306666950605,0.5260639599670616,23.548515415334723
1.553051545653394,0.6807438255676445,28.753513512830125
1.553111814185269,0.6952530980836886,29.25134454499577
1.5532960440953825,0.7388726100506211,30.762193588526497
1.5538461538461539,0.8607905440422433,35.15731651392629
1.553917133556836,0.8754003003307651,35.7099869037845
1.5539774225221845,0.8875737509890917,36.17660184709316
1.5541617148937013,0.9233463929324786,37.586434378959034
1.5547830149296438,1.0249406631468945,42.143444805457584
1.554843324335394,1.0329910575276078,42.56888235843251
1.5550276791894908,1.0553427089270606,43.85014126350674
1.5556491898713158,1.1092879852431414,47.95172656096227
1.555709519724398,1.113473632847013,48.331744584780274
1.5558939370822586,1.1253331579710975,49.473409260669655
1.5565156584813833,1.1558571763868963,53.1013420740995
1.55657600878873,1.158115249683471,53.43552529315203
1.556760488671546,1.1643180896158642,54.43761586447088
1.556834535674693,1.1665220712313176,54.831651433427474
1.5573824208594125,1.1782042285078795,57.60443162621946
1.5574427916279578,1.179032688652148,57.8948835315515
1.557627334056928,1.1810540797892413,58.764669104124806
1.5578595317725754,1.1825678712156775,59.82105661261851
1.558249477105002,1.1827876233212784,61.502937618035034
1.5583098683416838,1.1825845080840884,61.75338947114993
1.5584944733380135,1.1816031904715079,62.5028112582419
1.559116827317785,1.1747681796248484,64.85790114565556
1.5591772390295426,1.1738519164253411,65.07311545344018
1.5593619066144448,1.1708115868937332,65.71706606935953
1.5599844715974283,1.1582873228206385,67.74235563446877
1.5600449037912039,1.1569147206978534,67.92773463106914
1.5602296339858985,1.1525777019588983,68.48293211139995
1.5606873817950748,1.1410647996815948,69.78863647222755
1.560852410043633,1.136704275347527,70.23670642738963
1.56091286272637,1.1350853075249017,70.39804078488804
1.5610976555520844,1.130076334646094,70.88230825912562
1.5617206427561323,1.1127871084012886,72.42579508278992
1.561781115934778,1.1110965750037214,72.56910640200005
1.5618729096989967,1.108532326817143,72.78468323533085
1.561965971412747,1.105937191657056,73.00092205401549
1.5625891698346952,1.0888615677397566,74.39707668802481
1.5626496635161984,1.0872480500198214,74.52852083782646
1.5628345816676634,1.0823829282209285,74.92674234054269
1.5634579913791238,1.0669241446047097,76.23950666540661
1.5635185055704357,1.0655167180784215,76.36531483674146
1.5637034864166452,1.0613333210471871,76.74901096790106
1.5643271074892535,1.048725852435847,78.04285348278005
1.5643876421973277,1.0476389780111515,78.1692946188099
1.5645726857595381,1.0444818145648178,78.55763641398029
1.5651965182649543,1.0358321774645112,79.89723422998578
1.565257073496747,1.0351691034826058,80.03058680811367
1.5654421797962215,1.0333495499834975,80.44276278704491
1.565886287625418,1.0303224209887796,81.46394184665292
1.5660662238061298,1.0296633278741956,81.89271711353096
1.5661267995685995,1.0295182365812383,82.0392403977804
1.5663119686266085,1.029320595723501,82.4943660830751
1.5669362242127174,1.0315174426309186,84.11885257163264
1.5669968205128244,1.0319764704574361,84.2847476665843
1.5671820523506457,1.033660617077844,84.80173948898462
1.5678065195846882,1.0415710778269136,86.62078381377603
1.567867136429396,1.0423665682370888,86.79720706105991
1.5680524310683142,1.0447858725078534,87.33463844408392
1.5686771100220476,1.0527771249505478,89.12574672875223
1.5687377474183215,1.0535370688685497,89.29790458762332
1.568923104879629,1.0558403944421055,89.82228726281286
1.5697940738846388,1.0662065712353288,92.24847768264286
1.5698996655518396,1.0674053241738437,92.53837725195248
1.570665338183426,1.0756593478331224,94.61311497845864
1.5739130434782609,1.0994781806377056,102.88268908989815
1.5779264214046824,1.1062414376305296,111.95528899119182
1.5798700470878173,1.1071512487231487,115.91989003346121
1.5814542138721808,1.1070837492949683,118.95695494606237
1.5819397993311037,1.1069311400411026,119.85427749783177
1.585953177257525,1.1036104233107384,126.70463231302611
1.5899665551839466,1.0972455404074564,132.64094365540865
1.5939799331103681,1.0885351093513536,137.79660261980965
1.5979933110367894,1.078001188281834,142.2973388921864
1.599790262437095,1.0728048026928243,144.1309650729534
1.6017546105938998,1.0668384105428694,146.0227581030031
1.6020066889632107,1.0660530837801976,146.2575855082566
1.606020066889632,1.0530349571499484,149.77856839397572
1.6100334448160536,1.0394023641476255,152.94732228013808
1.6140468227424751,1.0275212656898263,155.8360536429183
1.6180602006688964,1.0181414016344568,158.50142814599945
1.6220735785953178,1.011151017467974,160.98347158445785
1.6224433802786473,1.0106195700163998,161.20386566603065
1.6258223899619346,1.0065616578296248,163.15573214763774
1.626086956521739,1.006300609579559,163.3038531334281
1.6301003344481606,1.003180552017788,165.46337973106023
1.6341137123745821,1.0010635182511487,167.42825520007756
1.6381270903010035,0.9975996443547358,169.01824611124283
1.6394902621516638,0.9960314945610541,169.467351464106
1.6421404682274248,0.9925199178095542,170.21872609691212
1.646153846153846,0.9862771191282032,171.0729157228742
1.6474638696009283,0.984055440099232,171.28293507633805
1.6501672240802676,0.979267135149638,171.6162418523751
1.6541806020066891,0.9718561201836766,171.876503427334
1.6581939799331105,0.9645052838190388,171.87407579268753
1.6622073578595318,0.9572772236579171,171.62211382423754
1.6657192638560852,0.9509935247720648,171.20189420674757
1.666220735785953,0.9500952852378836,171.12672591763925
1.6702341137123746,0.9428517321091857,170.387101050212
1.6709531343122266,0.941537272793078,170.22831483256545
1.6742474916387962,0.9354063219467774,169.39558024524607
1.6782608695652175,0.927583623781122,168.1376724489582
1.6822742474916388,0.9191690126798061,166.59202368750138
1.6862876254180603,0.9099032414004661,164.7303580573961
1.6903010033444816,0.8994754492214293,162.51742032711027
1.693976177577473,0.8885919025453523,160.14695631597735
1.6943143812709032,0.8875144244898244,159.91096348923833
1.6983277591973245,0.8735778880964719,156.8618413997555
1.7023411371237458,0.8568254048354711,153.31428769900705
1.7063545150501673,0.8356701175300428,149.2064886856438
1.7097092913931182,0.813875941885696,145.29452762523314
1.7103678929765889,0.8091022878667603,144.4715909804195
1.7143812709030102,0.7765710742797985,139.07775877824747
1.7168595533971838,0.7588966784674657,135.84327809819445
1.7183946488294315,0.7500329000223181,133.9604336390247
1.7224080267558528,0.7328243352651458,129.31608068938291
1.7264214046822743,0.7205072787642474,124.73311808272173
1.7304347826086959,0.706978564748573,119.70772139107045
1.7344481605351172,0.6842548314915488,113.66163227909702
1.7384615384615385,0.6418504159349393,105.9478913865712
1.7413056429921783,0.5915536109654801,99.0897047208634
1.7424749163879598,0.5636226004923907,95.86586408586463
1.7464882943143814,0.42821243259769004,82.72455421073491
1.7505016722408029,0.21867512687471705,66.02702554041412
1.7544252477813052,-0.0708119534913934,46.3874867002903
1.7545150501672242,-0.07844441120839762,45.9076273301552
1.7585284280936455,-0.6416752254963792,15.530193364739429
1.7625418060200668,-0.9725161630502898,0.11240798118188278
1.7635549789555718,-0.9713972383632015,0.11235503202309194
1.7665551839464884,-0.9671800217583187,0.11219736821190418
1.77056856187291,-0.9595117307866718,0.11198440432106804
1.7745819397993312,-0.9351380210443868,0.11176905390105096
1.7785953177257525,0.0838867745984754,0.11155128174342943
1.7826086956521738,0.08415564907167217,0.11133105303700574
1.7866220735785954,0.08443775783983797,0.11110833336517478
1.7894666221801256,0.08463692877156694,0.11094895003543881
1.790635451505017,0.08471857581597105,0.11088308870331698
1.7946488294314382,0.08499804729509576,0.11065528541622327
1.7986622073578595,0.0852761170101927,0.11042489025555047
1.7998791123879343,0.08536014584987746,0.11035451455466894
1.802675585284281,0.08555273012936397,0.11019187035730771
1.8066889632107024,0.08582783225303184,0.10995619323936978
1.810702341137124,0.08610136941119852,0.10971782679902042
1.811052971862483,0.08612519101156328,0.1096968730066179
1.8147157190635452,0.08637328806075009,0.1094767393105236
1.8187290969899665,0.08664353508280916,0.1092328994227223
1.822742474916388,0.08691205778013543,0.10898627615666223
1.8267558528428096,0.08717880387457307,0.10873683890324592
1.830769230769231,0.08744372150454266,0.10848455742090879
1.8347826086956522,0.08770675922257444,0.10822940183332297
1.838473723697508,0.08794697235450916,0.1079921719598913
1.8387959866220736,0.08796786599288914,0.10797134262712516
1.842809364548495,0.08822699118901957,0.10771035064966816
1.8460830622652908,0.08843685633582739,0.10749526862198144
1.8468227424749166,0.0884840845914743,0.1074463971067996
1.850836120401338,0.08873909638543981,0.10717945356065739
1.8548494983277592,0.08899197715852522,0.10690949192749755
1.8588628762541806,0.08924267789854287,0.10663648447553564
1.8593673260675647,0.08927403232731321,0.10660195274771245
1.862876254180602,0.08949114999133144,0.10636040382281453
1.8668896321070236,0.08973734521861286,0.10608122293509625
1.870903010033445,0.08998121575588536,0.10579891512376749
1.8749163879598663,0.09022271417035695,0.10551345404377588
1.8789297658862876,0.09046179341890716,0.10522481369157743
1.882943143812709,0.09069840684608736,0.10493296840310884
1.8869565217391306,0.09093250818215494,0.10463789285178016
1.8883418127528075,0.09101272102000697,0.10453528764605546
1.890969899665552,0.09116405154113853,0.10433956204648265
1.8930494754128735,0.09128300711263813,0.10418369014132578
1.8949832775919733,0.09139299141893607,0.10403795132962013
1.8989966555183948,0.09161928269144126,0.1037330363751543
1.9030100334448161,0.09184288061270654,0.10342479318667186
1.9070234113712377,0.09206374081313214,0.10311319809546737
1.9085120726009372,0.09214495839790235,0.10299676282348247
1.911036789297659,0.09228181929768317,0.10279822775864389
1.9150501672240803,0.09249707244414085,0.10247985915723046
1.9190635451505018,0.09270945700137419,0.10215806959431717
1.9230769230769231,0.09291893008764773,0.10183283669320531
1.9270903010033447,0.09312544918894504,0.10150413839557437
1.931103678929766,0.09332897215733447,0.10117195295966508
1.9351170568561873,0.09352945720934015,0.10083625895847614
1.9390860157158272,0.0937246950884644,0.10050080911352532
1.9391304347826088,0.09372686292435713,0.10049703527797882
1.9407909340934533,0.09380762751657033,0.10035564730597435
1.9431438127090304,0.09392114824307896,0.1001542611153432
1.9471571906354517,0.0941122724659511,0.09980791597718186
1.951170568561873,0.09430019525165377,0.09945797967780479
1.9551839464882943,0.09448487661559918,0.09910443233749122
1.9585014836479626,0.09463506252099176,0.09880944302476502
1.9591973244147158,0.0946662769284572,0.09874725438077325
1.9632107023411374,0.09484435691469768,0.09838642653473295
1.9672240802675587,0.09501907765116042,0.09802192982731284
1.97123745819398,0.09519040056563807,0.09765374558563944
1.9752508361204013,0.09535828743548734,0.09728185543435974
1.9792642140468228,0.09552270038625123,0.09690624129398784
1.9832775919732444,0.0956836018903085,0.09652688537926712
1.9872909698996657,0.0958409547655374,0.09614377019754072
1.9893202282038527,0.09591915360888624,0.09594862174299879
1.9907217247059321,0.09597262359380646,0.0958132786829442
1.991304347826087,0.09599472217399724,0.09575687854713655
1.9953177257525083,0.09614486762063074,0.09536619351576081
1.9993311036789299,0.0962913549519824,0.09497169847890619
2.0033444816053514,0.09643414835493243,0.09457337709826752
2.0073578595317727,0.09657321235544623,0.09417121332016909
2.009350076694049,0.09664084693172449,0.09397014963592021
2.011371237458194,0.09670851181734859,0.09376519137400452
2.0153846153846153,0.09684001194110001,0.09335529577068424
2.0193979933110366,0.09660511704636794,0.09258015183970847
2.0234113712374584,0.09436936709469222,0.08981036251170482
2.0274247491638797,0.09002124736183743,0.08493394429813916
2.031438127090301,0.08364727933861128,0.07803632835765306
2.035451505016723,0.07531907632914342,0.06918818737247401
2.0386503587013447,0.06732093701409092,0.06077776842372806
2.039464882943144,0.0650950143322965,0.058447126288831974
2.043264602260908,0.053710240674004046,0.04657506411276491
2.0434782608695654,0.053021503242624606,0.04585898220481366
2.0474916387959867,0.03913388404462526,0.031458745351903294
2.051505016722408,0.023457044257103644,0.015271206703796114
2.0555183946488294,0.006005757488985452,-0.0026886666183655317
2.0595317725752507,-0.013215237706977885,-0.02241560959510036
2.061072618740687,-0.02106566992546079,-0.03045940936751268
2.0635451505016724,-0.03421141629519537,-0.04391418465654762
2.0675585284280937,-0.05699891183514916,-0.06719915977772384
2.0715719063545155,-0.08160530263924556,-0.09229621281255074
2.075585284280937,-0.10783654418795639,-0.11924294621091425
2.079598662207358,-0.13466352194894618,-0.14809037134149938
2.0836120401337794,-0.1621958405729369,-0.17890493971814592
2.0876254180602007,-0.19072228896484977,-0.21177130701430358
2.0887945410865996,-0.19926320811384576,-0.22174608654036176
2.091638795986622,-0.22055469436480138,-0.24679615311360692
2.0956521739130434,-0.2520410529461289,-0.2841134490942986
2.0967305860878427,-0.2608335817675018,-0.29455230253959497
2.0996655518394647,-0.28558185925461593,-0.32389186092993993
2.1036789297658864,-0.3216516949137035,-0.36634541447977287
2.1076923076923078,-0.3608293780670837,-0.411749298098128
2.1117056856187295,-0.40384221239902934,-0.4604640980480418
2.1136841305939575,-0.426734968062933,-0.48583898805870973
2.115719063545151,-0.4516345849689247,-0.5129747155493083
2.119732441471572,-0.5054809400607307,-0.5699563931817773
2.1237458193979935,-0.5671856109910837,-0.6323944342237696
2.1277591973244148,-0.6394702793791465,-0.7018210270064116
2.131772575250836,-0.7267969756401492,-0.7808197993767064
2.1357859531772574,-0.8367369247836896,-0.8737381989685413
2.139766208944109,-0.9243826773177289,-0.9445746514726109
2.139799331103679,-0.9238477056997567,-0.9442119912582511
2.1438127090301005,-0.7876413840564025,-0.8522692151145068
2.1478260869565218,-0.6493972018506047,-0.7665697041606445
2.1511358938974694,-0.5418160331916021,-0.705860150540644
2.1518394648829435,-0.5192974899453198,-0.6938400564602027
2.155852842809365,-0.3911396979892279,-0.6300095731814819
2.159866220735786,-0.26029597781642794,-0.5727651975512754
2.1638795986622075,-0.12258652956347854,-0.5207089639416513
2.167199891226738,-0.00024297950293755474,-0.48090255893962897
2.167892976588629,0.026559044954927485,-0.47292554346789273
2.17190635451505,0.19288766980623892,-0.4287780263357933
2.1759197324414714,0.3843997317101022,-0.3878026812203551
2.179933110367893,0.6132026402539985,-0.34965011837696647
2.1839464882943145,0.8991797936278242,-0.31405012546780486
2.1879598662207362,1.2782129524751047,-0.2807894963469937
2.191579017541029,1.7590431037361183,-0.2526596155040044
2.1919732441471576,1.8235752867749417,-0.24969744883114042
2.195986622073579,2.714644691470266,-0.2206356615548808
2.2,4.546352804095765,-0.19349130068156084
2.20649702832345,16.740515792232415,-0.15338382486591973
2.2080808080808083,10.65752947001619,-0.14429634341349806
2.2161616161616164,3.0467899487680143,-0.10195369605082072
2.221635442215889,2.0611249861842715,-0.076973793639179
2.2242424242424246,1.7837254754913616,-0.06610080096150306
2.2323232323232327,1.246013294988314,-0.036530450653901037
2.2404040404040404,0.9388490255709596,-0.013166328220514445
2.244246847485416,0.832765213791117,-0.00424135655840896
2.2484848484848485,0.734586654383585,0.003947008761072235
2.2565656565656567,0.5847310967312133,0.01464250682750845
2.2628307819280793,0.4910239663538288,0.01833076589947069
2.264646464646465,0.46645924402491507,0.018617407813698916
2.272727272727273,0.370370930866713,0.017665667908675742
2.277006592255703,0.3283364623340014,0.017073127065704075
2.280808080808081,0.2952236488910398,0.01655095549943364
2.288888888888889,0.23583607728876355,0.015454360561577118
2.2969696969696973,0.1886740532839278,0.014376359832240615
2.297783808444828,0.18450118736988835,0.014268804480491282
2.305050505050505,0.1513766604981779,0.013317420281510062
2.313131313131313,0.12235129190967042,0.012277999374070703
2.3201542422959314,0.1030134834287545,0.011390853106895804
2.3212121212121213,0.10054232369449843,0.011258545327901492
2.3292929292929294,0.08529945784456074,0.010259497369996096
2.3333294217489255,0.08003454605909341,0.009768234058937342
2.3373737373737375,0.07630977408760169,0.009281285989072519
2.3454545454545457,0.07351529185896923,0.008324333185250499
2.3522042429262964,0.07316343100442146,0.007541608605412087
2.353535353535354,0.07309445016256137,0.007389052716683997
2.361616161616162,0.07267870399171851,0.006475850343121925
2.3696969696969696,0.07226836010921675,0.005585124066402436
2.3777777777777778,0.07186372018390738,0.00471726436785902
2.378484797217,0.07182859797808433,0.004642432753104719
2.385858585858586,0.07146508088189493,0.0038726544426503917
2.3906202874766866,0.07123310632438733,0.003385997983688771
2.393939393939394,0.07107273395700299,0.003051670431004183
2.402020202020202,0.0706869663405155,0.0022546816463877573
2.4075227301186715,0.07042819247089506,0.0017259002220266773
2.4101010101010103,0.07030806023017691,0.0014820508006070376
2.4181818181818184,0.06993629317842875,0.0007341342258517791
2.4262626262626266,0.06957193817988147,1.1282093694608974e-05
2.4343434343434343,0.06921526375799372,-0.000686161368937066
2.4378401399608904,0.0690633719386769,-0.0009799957502500956
2.4424242424242424,0.06886653405096052,-0.001357857666793194
2.4488958273486885,0.06859315499726683,-0.0018770003851292794
2.4505050505050505,0.06852600889679226,-0.002003473826322044
2.4585858585858587,0.06819394391757264,-0.002622682188653691
2.4637540897983676,0.06798611750500781,-0.0030047135912887324
2.466666666666667,0.06787059060289775,-0.0032151602055157102
2.474747474747475,0.0675561963924777,-0.003780590238061432
2.482828282828283,0.0672510047578986,-0.004318659358571009
2.490909090909091,0.06695525528354104,-0.004829059155004534
2.498238274643685,0.06669537779125634,-0.005267801384441495
2.4989898989898993,0.06666918374664742,-0.0053114855383631365
2.507070707070707,0.06639302219653422,-0.005765638552831853
2.508172965235048,0.06635613325863701,-0.005825379324098212
2.515151515151515,0.06612699903294766,-0.0061912221886637475
2.5209133862995787,0.06594363217899046,-0.0064770672265901386
2.5232323232323233,0.06587133908355897,-0.006587944197766982
2.5313131313131314,0.06562626368060034,-0.006955515911960419
2.5393939393939395,0.06539199073663117,-0.007293652063856015
2.5474747474747477,0.06516873481944958,-0.007602070610323031
2.555555555555556,0.06495670722613701,-0.007880492558499097
2.559697521689081,0.06485244891728803,-0.008011484972304306
2.5636363636363635,0.0647561160562384,-0.008128641794302838
2.568468915881171,0.06464170650151917,-0.008262463520810726
2.5717171717171716,0.06456716628408542,-0.008346244913400858
2.579015932549997,0.06440667673584521,-0.00851630855376273
2.5797979797979798,0.06439005983025826,-0.008533031054592133
2.587878787878788,0.064224995632192,-0.008688731735559285
2.595959595959596,0.0640721697139296,-0.008813080690942776
2.604040404040404,0.06393177525502271,-0.008905813712695387
2.6121212121212123,0.06380400265858785,-0.008966668492664476
2.6202020202020204,0.06368903961851995,-0.008995384467361922
2.6222365233854865,0.0636621358610252,-0.008997519220841022
2.6282828282828286,0.06358707118586744,-0.008991702664870038
2.6298011899071123,0.06356937670652153,-0.008987374246903768
2.6363636363636367,0.06349827983437535,-0.008955365553837025
2.63807729417313,0.06348116087994769,-0.008943438606494492
2.6444444444444444,0.06342284552519961,-0.008886116894516571
2.6525252525252525,0.06336094577080241,-0.008783701591800863
2.6606060606060606,0.06331275569802752,-0.008647865550198586
2.6686868686868688,0.06327844811037037,-0.008478355530714188
2.676767676767677,0.06325819354944218,-0.008274919009575221
2.684848484848485,0.06325216035563802,-0.00803730403875913
2.685874249540741,0.06325242015869958,-0.008004684177842836
2.6921875988928536,0.06325914388384656,-0.00779167035946271
2.692929292929293,0.06326051472801604,-0.007765259108278855
2.698113293658322,0.06327352594140184,-0.007572491800851067
2.701010101010101,0.06328342078339673,-0.0074585330101651914
2.709090909090909,0.06332104061468374,-0.00711687470411182
2.717171717171717,0.06337353434841755,-0.006740033184724825
2.7252525252525253,0.06344106020157651,-0.006327757350330754
2.7333333333333334,0.06352377453761941,-0.005879795873298899
2.7414141414141415,0.06362183192178647,-0.005395897071821754
2.7494949494949497,0.06373538517566919,-0.004875808783115776
2.7506300032361817,0.06375258501506419,-0.0047998425904706155
2.7556462605509897,0.0638323055919145,-0.004455489375841393
2.757575757575758,0.0638645854310519,-0.004319278237983171
2.759140014599586,0.06389141586950184,-0.0042073154631795395
2.765656565656566,0.06400958218303114,-0.0037260519366972833
2.773737373737374,0.06417052334243603,-0.003095875526156533
2.7818181818181817,0.06434755528753684,-0.002428493678263921
2.78989898989899,0.06454082287012747,-0.001723650079462291
2.797979797979798,0.06475036751135535,-0.0009813369395074156
2.806060606060606,0.0649759120902001,-0.0002023226879350748
2.8141414141414143,0.0652171211453833,0.0006124835008942675
2.8165234266818007,0.06529116415929118,0.0008593662563278759
2.8201956039883087,0.06540790165026845,0.0012458550428717796
2.8211738060043845,0.06543952521089522,0.0013500044120180466
2.8222222222222224,0.06547366347927683,0.0014621846126130489
2.83030303030303,0.06574521206784588,0.002345895370677864
2.8383838383838382,0.06603144397302362,0.003262741829775484
2.8464646464646464,0.06633204025743887,0.004211860984266069
2.8545454545454545,0.06664668590144558,0.005192400391174523
2.8626262626262626,0.0669750697223745,0.006203517807234604
2.8707070707070708,0.0673168842959564,0.007244380839529274
2.878787878787879,0.06767182587985444,0.008314166609283413
2.8835745071742727,0.0678881422030421,0.008961157397814112
2.8842312866735105,0.06791817093497748,0.009050691980437398
2.8858543750578196,0.0679927378729009,0.009272737457833191
2.886868686868687,0.06803959433924531,0.009412061428375473
2.894949494949495,0.06841989307439696,0.010537260488163946
2.9030303030303033,0.06881242895018613,0.011688967560231855
2.911111111111111,0.06921691222749947,0.012866394708669127
2.919191919191919,0.06963305649647998,0.014068762013532021
2.9272727272727272,0.07006057861154849,0.01529529730512369
2.9353535353535354,0.0704991986281729,0.016545235908767886
2.9434343434343435,0.0709486397413228,0.01781782039973767
2.9483293496532577,0.07122603892521163,0.018599393914022322
2.9515151515151516,0.07140862822557383,0.0191123003680449
2.951803583159652,0.0714252383362252,0.01915890014298216
2.9526416418027503,0.07147357436524766,0.019294451686065583
2.9595959595959593,0.07187889337681223,0.02042793219277428
2.9676767676767675,0.0723591674555004,0.021763978825681596
2.9757575757575756,0.07284918563145486,0.02311970958377385
2.9838383838383837,0.07334868593010993,0.024494399950606427
2.991919191919192,0.07385740918021352,0.02588733138603283
3.0,0.07437509896292092,0.027297791144162087
