z_center,mean_profiled_resid,is_cal
0.0036554839736800885,-0.07235109430410287,1
0.005001635540761661,-0.03993442763743502,1
0.006843514637933275,0.011601935998927327,1
0.009363675585301654,-0.08719377831871762,0
0.009363675585301654,-0.0024804276374354116,1
0.012811899309862951,0.08458480317252162,0
0.017529949903831357,0.002987908714520202,0
0.023985447918269977,-0.03738545644807008,0
0.032818217678665655,0.024718477932017913,0
0.04490370224789062,0.006182306392948957,0
0.061439731289185597,-0.014598931673465657,0
0.08406524165977108,0.05094002604454473,0
0.11502271749941084,0.023043491303786013,0
0.15738044975228474,0.013741688214483884,0
0.21533664394912508,0.01864015526754199,0
0.294635517310174,0.016667784537562617,0
0.40313662583662885,0.007887788710957227,0
0.5515938491551649,-0.02536912072425709,0
0.7547212407068928,-0.014160104520967819,0
1.0326513829814665,0.16237017027550937,0
1.4129307898830894,0.020675139919725895,0
1.9332501267133655,-0.003908043139695394,0
