panel,u,Gamma_late,Xi,W_E
A,np.float64(0.0),np.float64(0.8426149525613535),np.float64(1.0),
A,np.float64(0.18287881509759246),np.float64(0.8660289007303303),np.float64(1.0),
A,np.float64(0.33742734653145134),np.float64(0.8906597610847361),np.float64(1.0),
A,np.float64(0.47125702402022884),np.float64(0.883499737544974),np.float64(0.9998819687731552),
A,np.float64(0.5892719975183107),np.float64(0.9434727470411445),np.float64(0.997167259911325),
A,np.float64(0.694818024724763),np.float64(0.9540666303733359),np.float64(0.997167259911325),
A,np.float64(0.7902799611118209),np.float64(0.9660827937788363),np.float64(0.997167259911325),
A,np.float64(0.8774177843303602),np.float64(0.9738361339147876),np.float64(0.997167259911325),
A,np.float64(0.9575674724800618),np.float64(0.9019250811134863),np.float64(0.9216894463904824),
A,np.float64(1.03176713307652),np.float64(0.9172024163630788),np.float64(0.9218105179680085),
A,np.float64(1.1008394610809338),np.float64(0.9427803771169634),np.float64(0.9578702839654386),
A,np.float64(1.1654475014927517),np.float64(0.9734381306186405),np.float64(0.9990037834763593),
A,np.float64(1.2261334598320384),np.float64(0.9983247827996665),np.float64(1.0),
A,np.float64(1.2833463918674481),np.float64(1.0090255178442529),np.float64(1.0),
A,np.float64(1.3374623900564957),np.float64(0.999873476258118),np.float64(1.0),
A,np.float64(1.3862943611198906),np.float64(0.9734275860458859),np.float64(1.0),
A,np.float64(1.8572837509448337),np.float64(1.096665170502684),np.float64(1.0),
A,np.float64(2.374229842665526),np.float64(1.049972185186956),np.float64(1.0),
B,np.float64(2.9208699338049398),,,np.float64(2.789468092090806e-10)
B,np.float64(3.4855478499017227),,,np.float64(4.0890294312877166e-10)
B,np.float64(4.060772586064569),,,np.float64(5.797148679846813e-10)
B,np.float64(4.642026386330997),,,np.float64(7.99162413473775e-10)
B,np.float64(5.226682153073561),,,np.float64(1.075703882789921e-09)
B,np.float64(5.813243421903075),,,np.float64(1.4184760526133914e-09)
B,np.float64(6.400867588873234),,,np.float64(1.837294173097668e-09)
B,np.float64(6.989083276618526),,,np.float64(2.3426519678530687e-09)
B,np.float64(7.577627732149787),,,np.float64(2.9457216339267836e-09)
B,np.float64(8.166354786358923),,,np.float64(3.6583538417787986e-09)
B,np.float64(8.75518321613438),,,np.float64(4.493077735253119e-09)
B,np.float64(9.344067915410518),,,np.float64(5.463100931543865e-09)
B,np.float64(0.0),,,np.float64(6.5823095211555305e-09)
B,np.float64(0.09561417737468547),,,np.float64(7.865268067856718e-09)
B,np.float64(0.18287881509759246),,,np.float64(9.32721960862703e-09)
B,np.float64(0.2631357702277599),,,np.float64(1.0984085653595851e-08)
B,np.float64(0.33742734653145134),,,np.float64(1.285246618597281e-08)
B,np.float64(0.40657931435156786),,,np.float64(1.494963966196918e-08)
B,np.float64(0.47125702402022884),,,np.float64(1.729356301070863e-08)
B,np.float64(0.5320044431598363),,,np.float64(1.990287163412775e-08)
B,np.float64(0.5892719975183107),,,np.float64(2.2796879406864643e-08)
B,np.float64(0.6434368607356445),,,np.float64(2.59955786761345e-08)
B,np.float64(0.694818024724763),,,np.float64(2.9519640261592315e-08)
