z,observable,obs,sigma_marginal,g10,m28,g10_norm,m28_norm
0.295,D_V_over_r_d,7.94167639,np.float64(0.07609196324185624),7.896589598803396,7.993713200686149,np.float64(-0.5925302656904331),np.float64(0.683867368762085)
0.51,D_M_over_r_d,13.58758434,np.float64(0.16836678472905517),13.214540281918712,13.346781713133364,np.float64(-2.215663016203641),np.float64(-1.4302264383925125)
0.51,D_H_over_r_d,21.86294686,np.float64(0.42886832478046216),22.102199935846432,22.05098621114068,np.float64(0.5578707076791106),np.float64(0.43845474304248205)
0.706,D_M_over_r_d,17.35069094,np.float64(0.17993122074837373),17.24717142591837,17.337622036818136,np.float64(-0.5753282484888872),np.float64(-0.07263277116393468)
0.706,D_H_over_r_d,19.45534918,np.float64(0.33387003159912393),19.524536086997124,19.452996460254855,np.float64(0.20722706577090177),np.float64(-0.007046813198162438)
0.934,D_M_over_r_d,21.57563956,np.float64(0.1617815860968114),21.556630079099545,21.632296105616224,np.float64(-0.11750089339017082),np.float64(0.3502039198844344)
0.934,D_H_over_r_d,17.64149464,np.float64(0.20104324858099562),17.69145946418252,17.629057474392052,np.float64(0.24852773985288723),np.float64(-0.061863134901236426)
1.321,D_M_over_r_d,27.60085612,np.float64(0.32455587500459765),27.65970421159768,27.750458160677407,np.float64(0.18131883022252496),np.float64(0.4609438688339524)
1.321,D_H_over_r_d,14.17602155,np.float64(0.22455135092000672),14.149305528645861,14.158710696016023,np.float64(-0.11897510856505882),np.float64(-0.07709084765267689)
1.484,D_M_over_r_d,30.51190063,np.float64(0.763557644844186),29.87880372088119,29.959492682976045,np.float64(-0.8291409475023992),np.float64(-0.7234659370566332)
1.484,D_H_over_r_d,12.81699964,np.float64(0.5180117691713191),13.111812460159143,12.975726861394932,np.float64(0.569123787729311),np.float64(0.30641624542402357)
2.33,D_H_over_r_d,8.631545674846294,np.float64(0.10106245296844917),8.633306118252586,8.632510468152029,np.float64(0.017419361539163382),np.float64(0.009546505921805717)
2.33,D_M_over_r_d,38.988973961958784,np.float64(0.5316820280957407),38.99203232280986,38.98024029165732,np.float64(0.0057522366554910356),np.float64(-0.01642649147413803)
