subset,z_center,mean_profiled_resid_subset_M,n
ladder,0.0036360120754195565,-0.07760250125870678,14
ladder,0.005627707428060627,0.029992953286747823,22
ladder,0.008710392110618682,-0.020397955804160907,33
ladder,0.020866523308224562,-0.06700481224668647,41
ladder,0.03229656166803169,0.0058447674279444315,114
ladder,0.049987622766359326,0.01895958598032849,53
ladder,0.07736930189399113,0.0038342224298812005,28
ladder,0.11974982094151523,0.013279363894318176,43
nonladder,0.012989644027765845,0.04568810480699384,93
nonladder,0.02123265646861747,-0.016230220537344974,152
nonladder,0.03470654775070562,0.039623945164796406,79
nonladder,0.056730746741575334,-0.020117427771010624,50
nonladder,0.09273113675765485,0.060090222817192895,20
nonladder,0.15157677658533325,0.02288652155729125,133
nonladder,0.247764882469247,0.013348080032856693,326
nonladder,0.40499236339440475,0.0063927697478262935,257
nonladder,0.6619937933623176,-0.026765715174258912,164
nonladder,1.0820840639492546,0.11072710824065679,19
nonladder,1.768756645747104,-0.057654862289394426,8
