item,value
Ladder at wrong ruler $r_{d}=147.05$ Mpc,331.19
Ladder at correct ruler $r_{d}=135.60$ Mpc,300.14
Full likelihood (unchanged by ruler audit),1450.887 $\rightarrow$ 1450.887
Ceiling total,1451.242
Ceiling $q_A$,0.9225
Rebased total,1450.558
"Rebased $\Omega_m$ (best fit near upper edge of declared [0.20, 0.45]; within domain, no extrapolation)",0.4444
"Ladder diagnostic M28$-$G10 (own $M$, non-additive)",-17.04
"Non-ladder diagnostic M28$-$G10 (own $M$, non-additive)",-3.61
Calibrator gate,\texttt{M28R1\_CALIBRATOR\_INVARIANT}
Calibrator max $|\Delta\mu|$,0.0
New fitted parameters,0
