tag,fun,success,status,nit,sentinel_evals,param_dist,h_rd_final,dist_to_lo,dist_to_hi,error
local_0_s0.0001,1450.550741165081,False,9,60,17,0.1255978280031025,82.9172465577087,12.917246557708694,37.082753442291306,
local_1_s0.0003,1450.5506847619188,False,9,60,27,0.12458931194486725,82.91723143240095,12.917231432400953,37.08276856759905,
local_2_s0.001,1000000000000.0,True,0,1,23,0.005034173760477822,83.46134460795221,13.461344607952213,36.53865539204779,
local_3_s0.003,1000000000000.0,True,0,1,23,0.016445334253165245,83.67672375034837,13.676723750348373,36.32327624965163,
local_4_s0.01,1000000000000.0,True,0,1,23,0.048772670239438834,83.21937919563848,13.219379195638481,36.78062080436152,
local_5_s0.03,1453.777327850853,False,9,60,188,0.456246385195423,86.4327863437563,16.432786343756305,33.567213656243695,
local_6_s0.001,1000000000000.0,True,0,1,23,0.004280656376279051,83.39287470215318,13.392874702153179,36.60712529784682,
local_7_s0.01,1450.8544167651069,True,0,51,192,0.11896609097130983,84.81904756099851,14.819047560998513,35.18095243900149,
restart_best_A,1450.5510630850056,False,9,60,33,0.12156566081747631,82.9172364717792,12.917236471779205,37.082763528220795,
