z_lo,z_hi,z_c,n_rows,invvar_density
0.000,0.100,0.050,0,0
0.100,0.200,0.150,0,0
0.200,0.300,0.250,1,172.712
0.300,0.400,0.350,0,0
0.400,0.500,0.450,0,0
0.500,0.600,0.550,2,40.7135
0.600,0.700,0.650,0,0
0.700,0.800,0.750,2,39.8589
0.800,0.900,0.850,0,0
0.900,1.000,0.950,2,62.9481
1.000,1.100,1.050,0,0
1.100,1.200,1.150,0,0
1.200,1.300,1.250,0,0
1.300,1.400,1.350,2,29.3255
1.400,1.500,1.450,2,5.44187
1.500,1.600,1.550,0,0
1.600,1.700,1.650,0,0
1.700,1.800,1.750,0,0
1.800,1.900,1.850,0,0
1.900,2.000,1.950,0,0
2.000,2.100,2.050,0,0
2.100,2.200,2.150,0,0
2.200,2.300,2.250,0,0
2.300,2.400,2.350,2,101.446

"# BAO blocks (z_eff, observable):"
# 0.2950,D_V_over_r_d
# 0.5100,D_H_over_r_d
# 0.5100,D_M_over_r_d
# 0.7060,D_H_over_r_d
# 0.7060,D_M_over_r_d
# 0.9340,D_H_over_r_d
# 0.9340,D_M_over_r_d
# 1.3210,D_H_over_r_d
# 1.3210,D_M_over_r_d
# 1.4840,D_H_over_r_d
# 1.4840,D_M_over_r_d
# 2.3300,D_H_over_r_d
# 2.3300,D_M_over_r_d
