z_lo,z_hi,z_c,n_total,n_hubbleflow
0.000,0.100,0.050,697,620
0.100,0.200,0.150,207,207
0.200,0.300,0.250,259,259
0.300,0.400,0.350,186,186
0.400,0.500,0.450,98,98
0.500,0.600,0.550,81,81
0.600,0.700,0.650,54,54
0.700,0.800,0.750,45,45
0.800,0.900,0.850,3,3
0.900,1.000,0.950,2,2
1.000,1.100,1.050,5,5
1.100,1.200,1.150,1,1
1.200,1.300,1.250,3,3
1.300,1.400,1.350,8,8
1.400,1.500,1.450,1,1
1.500,1.600,1.550,2,2
1.600,1.700,1.650,2,2
1.700,1.800,1.750,0,0
1.800,1.900,1.850,1,1
1.900,2.000,1.950,1,1
2.000,2.100,2.050,0,0
2.100,2.200,2.150,0,0
2.200,2.300,2.250,1,1
2.300,2.400,2.350,0,0
