z_lo,z_hi,z_c,invvar_total,invvar_hubbleflow
0.000,0.100,0.050,29767.8,26569.4
0.100,0.200,0.150,12885.9,12885.9
0.200,0.300,0.250,13022.9,13022.9
0.300,0.400,0.350,9991.82,9991.82
0.400,0.500,0.450,4903.36,4903.36
0.500,0.600,0.550,3132.19,3132.19
0.600,0.700,0.650,1716.64,1716.64
0.700,0.800,0.750,1458.29,1458.29
0.800,0.900,0.850,78.2224,78.2224
0.900,1.000,0.950,80.5183,80.5183
1.000,1.100,1.050,82.2616,82.2616
1.100,1.200,1.150,37.7208,37.7208
1.200,1.300,1.250,57.2798,57.2798
1.300,1.400,1.350,169.163,169.163
1.400,1.500,1.450,3.64456,3.64456
1.500,1.600,1.550,48.844,48.844
1.600,1.700,1.650,30.8147,30.8147
1.700,1.800,1.750,0,0
1.800,1.900,1.850,24.0537,24.0537
1.900,2.000,1.950,14.8306,14.8306
2.000,2.100,2.050,0,0
2.100,2.200,2.150,0,0
2.200,2.300,2.250,22.2271,22.2271
2.300,2.400,2.350,0,0
