family,m,fold,train_chi2,held_cond_chi2,K_H,epsilon,coefficients
legendre,2,0,1197.1658937930106,1813.7008665300395,0.9254235031984972,-0.000801327179028208,"[0.003787563785330787, 0.011575764656124973]"
legendre,2,1,1165.5366637039667,2146.5778541475534,0.923148260447042,0.0029623350245847916,"[0.005368966837204473, 0.00867454419720352]"
legendre,2,2,1130.053624577514,683.7751393476339,0.927490069379361,-0.0011744405852420839,"[0.0036022988196088594, 0.01184103783823453]"
legendre,2,3,1197.1308435320452,1082.956394647578,0.9246697135062928,-0.0006733841253049398,"[0.004125264396807132, 0.011701906296842727]"
legendre,2,4,1226.6279983946235,2474.112115422113,0.9228920049055422,0.003308486518617556,"[0.00574714775636007, 0.008592110256185692]"
legendre,3,0,1194.8188099522993,1802.0669354735253,0.9290574537208892,-0.005449951368268822,"[0.010565783776602453, 0.008533547337014778, -0.011615175398134503]"
legendre,3,1,1164.177987864028,2138.2303921420025,0.9264479810631976,-0.0019714013655507704,"[0.010305683840311601, 0.0071657793712094076, -0.009319146410406142]"
legendre,3,2,1128.0828050545636,686.9743770110003,0.9300522182161327,-0.004616056165177743,"[0.0099144775364463, 0.008594573722910809, -0.010329236663716603]"
legendre,3,3,1193.841816857912,1072.2490054320165,0.928046260319418,-0.006028690863834896,"[0.012318849720126951, 0.007975943283682266, -0.013837793650243011]"
legendre,3,4,1224.6636796081075,2453.581962698729,0.9258090375160196,-0.0015113790276339296,"[0.01166952266519834, 0.006241525511844019, -0.010607358896385633]"
legendre,4,0,1193.6605848526328,1815.786758238998,0.9258868192085291,-0.0038303158866374474,"[0.01684491622865973, 0.015693920887056016, -0.017824093221347464, -0.012156937735407762]"
legendre,4,1,1162.3108506817975,2144.813178861879,0.9225066080488248,0.0007258964084374528,"[0.018264708189452687, 0.015889531653765058, -0.016830310078605137, -0.015345105412393626]"
legendre,4,2,1125.6246393309527,680.171278925516,0.9269553635015707,-0.003491922620700221,"[0.01899160214259553, 0.019650679955065694, -0.019989592927096907, -0.017735953673508806]"
legendre,4,3,1193.3782936251778,1074.6154808195,0.9264611095701515,-0.005044597708481936,"[0.01621905828908798, 0.012559203468433991, -0.017712538210764545, -0.0076982183469855876]"
legendre,4,4,1224.0430172060558,2436.5097512173106,0.9242460590622996,-0.002540241078076116,"[0.015988958311829927, 0.012957181168176811, -0.01609261462979435, -0.009281708646776321]"
legendre,5,0,1193.6053705138224,1820.5734055973326,0.9248586962214073,-0.0029945038142600135,"[0.014019820277581438, 0.01363587929638943, -0.018611283687385835, -0.009287360712726147, 0.004014712829885483]"
legendre,5,1,1162.1705331171252,2145.8634364144436,0.9213030609911608,0.001736225979710459,"[0.013840140390216865, 0.012660842579275251, -0.01807357256402283, -0.010680378369687698, 0.0061456630705344645]"
legendre,5,2,1124.2506229754194,673.4638742669297,0.9232485748875373,-0.0004239801894639388,"[0.0040482635368586295, 0.00975722168117062, -0.025114309619458854, -0.0029850172652289703, 0.021414882395041378]"
legendre,5,3,1193.3777993004378,1074.5695754654407,0.9263921794828255,-0.00498494070629515,"[0.015959085953538434, 0.012369633592068024, -0.01778362936267274, -0.007424245931523606, 0.00035937727915968324]"
legendre,5,4,1223.8964505773565,2452.2904048054284,0.9254824740157555,-0.0023802918910022118,"[0.021041314338711124, 0.015456042446609253, -0.013878606465492653, -0.01394034210535365, -0.007061496449662138]"
legendre,6,0,1190.2934508876554,1779.3987556402903,0.935260525611364,-0.014848606599979615,"[-0.02981869949107255, -0.026008099839087452, -0.03073015541090722, 0.009227987484745332, 0.052371378367959354, 0.044486383766533334]"
legendre,6,1,1158.535021839425,2146.031340438775,0.9279407549094397,-0.006458741829667099,"[-0.031970333913047, -0.02898875132272351, -0.03011932513237197, 0.007956633502884076, 0.05826370114903361, 0.04527548546279463]"
legendre,6,2,1123.4848487212023,677.904212727944,0.9273284437540749,-0.005486795640670411,"[-0.01685246043862418, -0.010167427593538779, -0.03010910048137638, 0.0052513657649561046, 0.04403239646474178, 0.022567527422301694]"
legendre,6,3,1191.1731809378552,1087.5823569707702,0.9316621362794977,-0.011378751908075175,"[-0.019919728874574497, -0.019428620550548992, -0.027651903977381275, 0.00683494094954345, 0.04163203900151111, 0.03489694467497984]"
legendre,6,4,1220.3911488989888,2469.997799155707,0.9324639419547217,-0.010946016591910683,"[-0.02331870594044201, -0.024424945415174606, -0.025670832756844522, 0.004188686717088122, 0.04323574897185472, 0.043622104958499525]"
