z,Gamma
1e-06,0.8607743664986668
1.0219197052604371e-06,0.8607758232748308
1.0443198839995788e-06,0.8607773120506371
1.0672110680544636e-06,0.8607788335304976
1.0906040201168918e-06,0.8607803884343965
1.114509738793702e-06,0.8607819774982385
1.1389394637779467e-06,0.8607836014742026
1.1639046811334398e-06,0.8607852611311063
1.189417128695128e-06,0.8607869572547762
1.2154888015878408e-06,0.8607886906484281
1.2421319578660058e-06,0.8607904621330555
1.2693591242769984e-06,0.8607922725478269
1.297183102150797e-06,0.8607941227504914
1.3256169734187622e-06,0.8607960136177951
1.3546741067643342e-06,0.8607979460459056
1.3843681639085545e-06,0.8607999209508473
1.4147131060333628e-06,0.8608019392689449
1.4457232003456888e-06,0.8608040019572792
1.4774130267854423e-06,0.8608061099941523
1.5097974848805097e-06,0.8608082643795625
1.5428918007520399e-06,0.8608104661356921
1.5767115342732698e-06,0.8608127163074046
1.6112725863852717e-06,0.8608150159627546
1.6465912065730558e-06,0.8608173661935079
1.682684000505565e-06,0.8608197681156757
1.7195679378431005e-06,0.8608222228700589
1.757260360215919e-06,0.8608247316228066
1.7957789893777017e-06,0.8608272955659859
1.835141935537747e-06,0.860829915918167
1.8753677058757987e-06,0.8608325939250195
1.9164752132435385e-06,0.860835330859924
1.9584837850567706e-06,0.8608381280245976
2.0014131723825607e-06,0.8608409867497331
2.0452835592255427e-06,0.8608439083956544
2.090115572017785e-06,0.8608468943529857
2.1359302893166648e-06,0.8608499460433374
2.182749251715322e-06,0.8608530649200073
2.230594471970362e-06,0.8608562524686987
2.279488445351513e-06,0.8608595102082538
2.3294541602181902e-06,0.8608628396914069
2.3805151088278723e-06,0.8608662425055523
2.432695298381397e-06,0.8608697202735326
2.4860192623103687e-06,0.8608732746544437
2.5405120718119763e-06,0.8608769073444597
2.5961993476366775e-06,0.8608806200776766
2.653107272134213e-06,0.8608844146269772
2.7112626015637177e-06,0.860888292804914
2.7706926786736406e-06,0.8608922564646152
2.831425445557418e-06,0.860896307500711
2.893489456790933e-06,0.8609004478502823
2.956913892857973e-06,0.8609046794938311
3.0217285738699117e-06,0.8609090044562752
3.0879639735861815e-06,0.8609134248079651
3.155651233742039e-06,0.8609179426657266
3.2248221786904e-06,0.860922560193927
3.2955093303646077e-06,0.8609272796055676
3.3677459235692207e-06,0.8609321031634015
3.4415659216058972e-06,0.8609370331810797
3.5170040322418637e-06,0.8609420720243226
3.5940957240283745e-06,0.8609472221121216
3.672877242976874e-06,0.8609524859179684
3.753385629600695e-06,0.8609578659711141
3.835658736330294e-06,0.8609633648578601
3.9197352453102756e-06,0.8609689852228773
4.005654686586424e-06,0.8609747297705611
4.093457456691489e-06,0.8609806012664155
4.1831848376383045e-06,0.860986602538474
4.274879016329267e-06,0.860992736478753
4.3685831043912315e-06,0.8609990060447417
4.464341158445204e-06,0.8610054142609284
4.562198200820362e-06,0.861011964220364
4.662200240722041e-06,0.8610186590862635
4.764394295863808e-06,0.8610255020936481
4.868828414573651e-06,0.8610324965510264
4.975551698384748e-06,0.8610396458421177
5.084614325121399e-06,0.8610469534276184
5.196067572491057e-06,0.8610544228470113
5.309963842193377e-06,0.8610620577204208
5.426356684557834e-06,0.8610698617505134
5.545300823721345e-06,0.8610778387244463
5.666852183357777e-06,0.8610859925158643
5.791067912971433e-06,0.8610943270869468
5.918006414766942e-06,0.8611028464905065
6.04772737110801e-06,0.8611115548721405
6.180291772578177e-06,0.8611204564724362
6.315761946656596e-06,0.8611295556292315
6.454201587022394e-06,0.8611388567799348
6.595675783501371e-06,0.8611483644639013
6.740251052669111e-06,0.8611580833248709
6.887995369124969e-06,0.8611680181134687
7.038978197451445e-06,0.8611781736897688
7.193270524874225e-06,0.8611885550259236
7.350944894638059e-06,0.861199167208861
7.5120754401142405e-06,0.8612100154430506
7.676737919655714e-06,0.8612211050533425
7.845009752216174e-06,0.8612324414878768
8.016970053750008e-06,0.8612440303210721
8.19269967440996e-06,0.8612558772566884
8.372281236560306e-06,0.8612679881309715
8.555799173623197e-06,0.8612803689158792
8.74333976977651e-06,0.8612930257223915
8.934991200521852e-06,0.8613059648039082
9.130843574141891e-06,0.861319192559735
9.330988974066239e-06,0.8613327155386625
9.53552150216616e-06,0.8613465404426388
9.744537322998204e-06,0.8613606741305401
9.958134709017655e-06,0.8613751236220405
1.0176414086783031e-05,0.8613898961015861
1.0399478084173476e-05,0.8614049989224739
1.0627431578640936e-05,0.8614204396110403
1.0860381746520208e-05,0.8614362258709618
1.1098438113419764e-05,0.8614523655876717
1.1341712605717128e-05,0.8614688668328947
1.1590319603183033e-05,0.8614857378693054
1.1844375992759048e-05,0.8615029871553117
1.2104001223514127e-05,0.8615206233499687
1.2369317362805528e-05,0.8615386553180261
1.2640449153671034e-05,0.861557092135113
1.2917524073479046e-05,0.8615759430930653
1.3200672393864309e-05,0.8615952177053974
1.3490027241977404e-05,0.8616149257129262
1.378572466307679e-05,0.8616350770895487
1.4087903684492974e-05,0.861655682048179
1.4396706380994488e-05,0.8616767510468505
1.4712277941586944e-05,0.861698294794986
1.503476673777616e-05,0.8617203242598434
1.536432439332761e-05,0.8617428506731396
1.5701105855555127e-05,0.8617658855378608
1.604526946817179e-05,0.8617894406352615
1.6396977045738406e-05,0.8618135280320618
1.6756393949743148e-05,0.8618381600878453
1.7123689166349292e-05,0.8618633494626663
1.749903538584701e-05,0.861889109124871
1.7882609083846702e-05,0.861915452359141
1.827459060425224e-05,0.8619423927747629
1.8675164244052603e-05,0.8619699443141347
1.9084518339972492e-05,0.8619981212615127
1.95028453570221e-05,0.8620269382520082
1.993034197898791e-05,0.8620564102808416
2.0367209200907045e-05,0.8620865527128604
2.081365242356855e-05,0.8621173812923298
2.1269881550086356e-05,0.862148912153006
2.1736111084588664e-05,0.8621811618284964
2.221256023307097e-05,0.8622141472629207
2.2699453006459595e-05,0.8622478858218774
2.3197018325934335e-05,0.8622823953037287
2.3705490130559776e-05,0.8623176939512105
2.42251074872758e-05,0.8623538004633785
2.4756114703299296e-05,0.8623907340079018
2.5298761440989194e-05,0.8624285142337118
2.585330283522979e-05,0.8624671612840193
2.6419999613386856e-05,0.8625066958097106
2.6999118217893106e-05,0.8625471389831315
2.759093093152108e-05,0.8625885125122752
2.8195716005401047e-05,0.8626308386553817
2.881375778984643e-05,0.8626741402359639
2.944534686804549e-05,0.8627184406582713
3.009078019268439e-05,0.8627637639232053
3.075036122556463e-05,0.862810134644699
3.142440008028092e-05,0.8628575780665739
3.211321366802674e-05,0.8629061200798903
3.281712584659533e-05,0.862955787240802
3.3536467572647374e-05,0.8630066067889325
3.427157705731602e-05,0.863058606666287
3.5022799925222745e-05,0.8631118155367141
3.57904893769789e-05,0.8631662628059353
3.6575006355249004e-05,0.8632219786421548
3.737671971445468e-05,0.8632789939972695
3.819600639419751e-05,0.8633373406286922
3.903325159648409e-05,0.8633970511218073
3.988884896683551e-05,0.8634581589130753
4.076320077936656e-05,0.8635206983138021
4.1656718125922384e-05,0.8635847045345931
4.256982110935963e-05,0.8636502137105084
4.350293904106633e-05,0.863717262926937
4.4456510642809276e-05,0.8637858902462086
4.5430984253007144e-05,0.8638561347349634
4.642681803752463e-05,0.8639280364922937
4.744448020508702e-05,0.8640016366786811
4.8484449227417274e-05,0.8640769775457459
4.9547214064196794e-05,0.8641541024668253
5.063327439295978e-05,0.8642330559684042
5.1743140844024305e-05,0.8643138837624121
5.287733524057461e-05,0.8643966327794088
5.4036390844005336e-05,0.8644813512026741
5.522085260464361e-05,0.864568088503222
5.6431277417967446e-05,0.8646568954757556
5.766823438643926e-05,0.8647478242755818
5.893230508707982e-05,0.8648409284564998
6.022408384490677e-05,0.8649362630096834
6.154417801236699e-05,0.8650338844035694
6.289320825489396e-05,0.8651338506247683
6.42718088427244e-05,0.8652362212200112
6.568062794911208e-05,0.8653410573391445
6.712032795507706e-05,0.8654484217791837
6.859158576083623e-05,0.8655583790294378
7.009509310405977e-05,0.8656709953177096
7.163155688510351e-05,0.8657863386575804
7.320169949937137e-05,0.8659044788967825
7.480625917696053e-05,0.8660254877666604
7.64459903297554e-05,0.8661494389327221
7.812166390612587e-05,0.8662764080462737
7.983406775340309e-05,0.8664064727971327
8.158400698829945e-05,0.866539712967409
8.337230437544827e-05,0.8666762104863379
8.519980071424154e-05,0.8668160494861478
8.706735523414571e-05,0.8669593163589373
8.897584599868397e-05,0.867106099814535
9.092617031827319e-05,0.8672564909393039
9.291924517211004e-05,0.8674105832558534
9.4956007639305e-05,0.8675684727836074
9.70374153394662e-05,0.8677302581001742
9.916444688294193e-05,0.867896040403455
0.0001013381023309303,0.8680659235744163
0.00010355940366567631,0.8682400142404438
0.0001058293952709746,0.8684184218391856
0.00010814914442320455,0.8686012586827756
0.00011051974179312965,0.8687886400223221
0.00011294230195869468,0.8689806841125274
0.00011541796392906445,0.8691775122762907
0.00011794789168014933,0.8693792489691317
0.00012053327470186818,0.8695860218432502
0.00012317532855740833,0.8697979618110234
0.00012587529545474423,0.8700152031077157
0.00012863444483068268,0.8702378833531561
0.00013145407394771121,0.8704661436121137
0.00013433550850392863,0.8707001284530729
0.0001372801032563457,0.8709399860050822
0.0001402892426578472,0.8711858680123178
0.00014336434150811702,0.8714379298859708
0.0001465068456188316,0.8716963307530274
0.00014971823249343278,0.8719612335014731
0.0001530000120218023,0.8722328048214073
0.00015635372719016355,0.8725112152415101
0.00015978095480654274,0.8727966391602489
0.00016328330624213323,0.87308925487116
0.0001668624281889105,0.873389244581481
0.00017052000343385228,0.8736967944233457
0.0001742577516501311,0.8740120944566814
0.00017807743020564824,0.874335338662879
0.00018198083498929213,0.8746667249282217
0.0001859698012553057,0.8750064550159696
0.00019004620448616387,0.8753547345259108
0.00019421196127436538,0.8757117728400777
0.00019846903022355093,0.8760777830532277
0.00020281941286937576,0.8764529818865617
0.0002072651546205674,0.8768375895830323
0.0002118083457206092,0.877231829782449
0.00021645112223050552,0.8776359293744492
0.00022119566703308907,0.8780501183272341
0.0002260442108593402,0.8784746294898019
0.00023099903333720506,0.8789096983652236
0.00023606246406340228,0.8793555628523063
0.0002412368836987246,0.879812462952773
0.000246524725087347,0.8802806404408544
0.00025192847440067175,0.8807603384919395
0.00025745067230624604,0.881251801266661
0.0002630939151623004,0.8817552734465001
0.0002688608562384722,0.8822709997166828
0.0002747542069632883,0.8827992241918043
0.00028077673819898875,0.8833401897792529
0.00028693128154429724,0.8838941374751158
0.0002932207306657478,0.884461305586832
0.000299648042658191,0.8850419288763991
0.00030621623943512553,0.8856362376174635
0.0003129284091495026,0.8862444565590967
0.0003197877076456772,0.8868668037884992
0.00032679735994318136,0.8875034894842756
0.00033396066175302456,0.8881547145512714
0.0003412809810272314,0.8888206691272746
0.0003487617595423412,0.8895015309511337
0.00035640651451762043,0.8901974635810498
0.00036421884026874643,0.8909086144509424
0.0003722024098977356,0.8916351127518715
0.00038036097701991804,0.8923770671245174
0.0003886983775287666,0.8931345631476694
0.00039721853139940735,0.8939076606065521
0.00040592544453166605,0.8946963905236199
0.00041482321063351175,0.8955007519331698
0.0004239160131457866,0.896320708379762
0.00043320812720912185,0.8971561841189822
0.0004427039216739714,0.8980070599975413
0.0004524078611547045,0.898873168988063
0.00046232450812872043,0.8997542913521783
0.00047245852508157813,0.900650149403701
0.0004828146766991472,0.9015604018417192
0.0004933978321078059,0.9024846376213863
0.0005042129671637471,0.9034223693280448
0.000515265166792467,0.9043730260180514
0.0005265596273795279,0.9053359454873164
0.0005381016592137328,0.9063103659261053
0.0005498966889838495,0.9072954169160982
0.0005619502623300657,0.9082901097230696
0.0005742680464513663,0.9092933268358379
0.0005868558327700666,0.9103038106993747
0.000599719539654755,0.9113201515871668
0.0006128652152029122,0.9123407745551139
0.0006262990400845339,0.9133639254164685
0.0006400273304480817,0.9143876556746032
0.0006540565408901281,0.915409806347786
0.0006683932674901001,0.9164279906177146
0.0006830442509115437,0.9174395752313691
0.0006980163795713609,0.9184416605838838
0.0007133166928785219,0.9194310594087086
0.0007289523845437688,0.9204042740004512
0.0007449308059618613,0.921357471895598
0.0007612594696679651,0.9222864599369857
0.0007779460528698029,0.9231866566496063
0.0007949984010572295,0.9240530628583291
0.0008124245316909229,0.924880230482644
0.0008302326379719358,0.9256622294499113
0.000848431092693876,0.9263926126771524
0.0008670284521795164,0.9270643790825602
0.0008860334603037036,0.9276699346020962
0.0009054550526044461,0.9282010512042835
0.0009253023604841093,0.9286488239182041
0.0009455847155027069,0.9290036259164135
0.0009663116537653005,0.9292550617267563
0.0009874929204055616,0.9293919186857195
0.00100913847416762,0.9294140729619782
0.0010312584920883405,0.9294140729619782
0.00105386337428224,0.9294140729619782
0.0010769637488312763,0.9294140729619782
0.0011005704767818325,0.9294140729619782
0.001124694657251229,0.9294140729619782
0.0011493476326461644,0.9294140729619782
0.0011745409939955484,0.9294140729619782
0.0012002865864002318,0.9294140729619782
0.0012265965146021813,0.9294140729619782
0.0012534831486757394,0.9294140729619782
0.0012809591298436364,0.9294140729619782
0.0013090373764204752,0.9294140729619782
0.001337731089886508,0.9294140729619782
0.0013670537610945422,0.9294140729619782
0.0013970191766129068,0.9294140729619782
0.0014276414252074405,0.9294140729619782
0.0014589349044655767,0.9294140729619782
0.0014909143275656262,0.9294140729619782
0.0015235947301944278,0.9294140729619782
0.0015569914776166435,0.9294140729619782
0.001591120271899013,0.9294140729619782
0.001625997159292946,0.9294140729619782
0.001661638537778954,0.9294140729619782
0.0016980611647764525,0.9294140729619782
0.0017352821650225472,0.9294140729619782
0.0017733190386235347,0.9294140729619782
0.0018121896692828827,0.9294140729619782
0.0018519123327095726,0.9294140729619782
0.0018925057052107353,0.9294140729619782
0.0019339888724726486,0.9294140729619782
0.0019763813385342143,0.9294140729619782
0.0020197030349571126,0.9294140729619782
0.002063974330196981,0.9294140729619782
0.0021092160391800075,0.9294140729619782
0.00215544943308942,0.9294140729619782
0.002202696249366514,0.9294140729619782
0.0022509787019308987,0.9294140729619782
0.0023003194916247456,0.9294140729619782
0.002350741816885999,0.9294140729619782
0.0024022693846555226,0.9294140729619782
0.002454926421523343,0.9294140729619782
0.002508737685119195,0.9294140729619782
0.0025637284757527566,0.9294140729619782
0.002619924648309047,0.9294140729619782
0.002677352624404536,0.9294140729619782
0.0027360394048097387,0.9294140729619782
0.0027960125821441103,0.9294140729619782
0.0028573003538491836,0.9294140729619782
0.0029199315354460974,0.9294140729619782
0.002983935574083732,0.9294140729619782
0.003049342562383781,0.9294140729619782
0.00311618325258934,0.9294140729619782
0.003184489071023606,0.9294140729619782
0.0032542921328655265,0.9294140729619782
0.0033256252572492987,0.9294140729619782
0.0033985219826948654,0.9294140729619782
0.003473016582876654,0.9294140729619782
0.003549144082737921,0.9294140729619782
0.0036269402749583572,0.9294140729619782
0.0037064417367826535,0.9294140729619782
0.0037876858472179124,0.9294140729619782
0.003870710804608055,0.9294140729619782
0.003955555644593453,0.9294140729619782
0.0040422602584642,0.9294140729619782
0.004130865411915714,0.9294140729619782
0.004221412764215437,0.9294140729619782
0.004313944887789687,0.9294140729619782
0.004408505288239807,0.9294140729619782
0.004505138424797098,0.9294140729619782
0.004603889731226121,0.9294140729619782
0.004704805637186151,0.9294140729619782
0.00480793359006091,0.9294140729619782
0.004913322077266802,0.9294140729619782
0.005021020649050089,0.9294140729619782
0.005131079941783831,0.9294140729619782
0.0052435517017754745,0.9294140729619782
0.005358488809596256,0.9294140729619782
0.005475945304943952,0.9294140729619782
0.005595976412050598,0.9294140729619782
0.005718638565647107,0.9294140729619782
0.005843989437497061,0.9294140729619782
0.005972087963512099,0.9294140729619782
0.006102994371461689,0.9294140729619782
0.006236770209290236,0.9294140729619782
0.006373478374054948,0.9294140729619782
0.006513183141498003,0.9294140729619781
0.006655950196266887,0.9294140729619781
0.0068018466627972,0.9294140729619781
0.006950941136872404,0.9294140729619781
0.007103303717875295,0.9294140729619781
0.007259006041746482,0.9294140729619781
0.007418121314665298,0.9294140729619781
0.007580724347468929,0.9294140729619781
0.007746891590826068,0.9294140729619781
0.007916701171181527,0.9294140729619781
0.008090232927488785,0.9294140729619781
0.008267568448747624,0.9294140729619781
0.008448791112364653,0.9294140729619781
0.008633986123354687,0.9294140729619781
0.008823240554401326,0.9294140729619781
0.009016643386795732,0.9294140729619781
0.009214285552272765,0.9294140729619781
0.009416259975764089,0.9294140729619781
0.00962266161908848,0.9294140729619781
0.009833587525599822,0.9294140729619781
0.010049136865813671,0.9294140729619781
0.0102694109840341,0.9294140729619781
0.010494513446002425,0.9294140729619781
0.010724550087590493,0.9294140729619781
0.010959629064561273,0.929414072961978
0.011199860903420178,0.929414072961978
0.011445358553381019,0.929414072961978
0.011696237439471156,0.929414072961978
0.011952615516800455,0.929414072961978
0.01221461332602005,0.929414072961978
0.012482354049996617,0.929414072961978
0.012755963571728968,0.929414072961978
0.013035570533534142,0.929414072961978
0.013321306397530824,0.929414072961978
0.013613305507448676,0.929414072961978
0.013911705151792238,0.929414072961978
0.01421664562838963,0.929414072961978
0.014528270310356015,0.9294140729619779
0.01484672571350298,0.9294140729619779
0.01517216156522549,0.9294140729619779
0.015504730874898965,0.9294140729619779
0.015844590005819153,0.9294140729619779
0.016191898748719177,0.9294140729619779
0.016546820396897945,0.9294140729619779
0.01690952182299534,0.9294140729619778
0.01728017355745033,0.9294140729619778
0.017658949868678803,0.9294140729619778
0.01804602884500908,0.9294140729619778
0.018441592478413028,0.9294140729619778
0.018845826750072937,0.9294140729619778
0.0192589217178238,0.9294140729619776
0.019681071605512333,0.9294140729619776
0.02011247489431468,0.9294140729619776
0.020553334416056,0.9294140729619776
0.02100385744857515,0.9294140729619776
0.021464255813180157,0.9294140729619775
0.021934745974239694,0.9294140729619775
0.02241554914095759,0.9294140729619775
0.022906891371378225,0.9294140729619775
0.023409003678671644,0.9294140729619774
0.023922122139748616,0.9294140729619774
0.024446488006256085,0.9294140729619774
0.024982347818006033,0.9294140729619773
0.025529953518890453,0.9294140729619773
0.026089562575337195,0.9294140729619773
0.026661438097362263,0.9294140729619772
0.02724584896227584,0.9294140729619772
0.027843069941099315,0.9294140729619771
0.028453381827753952,0.9294140729619771
0.029077071571080998,0.9294140729619771
0.029714432409755732,0.929414072961977
0.030365764010158763,0.929414072961977
0.03103137260726937,0.9294140729619769
0.03171157114864752,0.9294140729619769
0.03240667944157126,0.9294140729619768
0.033117024303399974,0.9294140729619768
0.033842939715233236,0.9294140729619766
0.0345847669789379,0.9294140729619765
0.03534285487761705,0.9294140729619765
0.036117559839596816,0.9294140729619764
0.03690924610600699,0.9294140729619763
0.037718285902035596,0.9294140729619763
0.038545059611937126,0.9294140729619762
0.03938995595787677,0.9294140729619761
0.04025337218269503,0.929414072961976
0.041135714236678306,0.929414072961976
0.04203739696842387,0.9294140729619759
0.042958844319887717,0.9294140729619758
0.043900489525708665,0.9294140729619756
0.04486277531690111,0.9294140729619755
0.0458461541290128,0.9294140729619754
0.04685108831484524,0.9294140729619753
0.047878050361837364,0.9294140729619752
0.04892752311421321,0.9294140729619751
0.05,0.9294140729619749
0.052440550688360454,0.9294140729619746
0.054881101376720906,0.9294140729619743
0.05732165206508136,0.929414072961974
0.0597622027534418,0.9294140729619736
0.062202753441802254,0.9294140729619732
0.0646433041301627,0.9294140729619729
0.06708385481852315,0.9294140729619725
0.0695244055068836,0.9294140729619721
0.07196495619524405,0.9294140729619716
0.0744055068836045,0.9294140729619713
0.07684605757196496,0.9294140729619709
0.07928660826032541,0.9294140729619704
0.08172715894868586,0.92941407296197
0.08416770963704631,0.9294140729619695
0.08660826032540675,0.9294140729619691
0.08904881101376722,0.9294140729619687
0.09148936170212765,0.9294140729619682
0.09392991239048812,0.9294140729619677
0.09637046307884856,0.9294140729619672
0.09881101376720901,0.9294140729619668
0.10125156445556946,0.9294140729619662
0.10369211514392991,0.9294140729619658
0.10613266583229036,0.9294140729619652
0.10857321652065081,0.9294140729619648
0.11101376720901127,0.9294140729619642
0.11345431789737172,0.9294140729619637
0.11589486858573216,0.9294140729619631
0.11833541927409261,0.9294140729619627
0.12077596996245306,0.9294140729619621
0.12321652065081351,0.9294140729619615
0.12565707133917398,0.929414072961961
0.1280976220275344,0.9294140729619604
0.13053817271589485,0.9294140729619599
0.13297872340425532,0.9294140729619593
0.13541927409261578,0.9294140729619588
0.13785982478097622,0.9294140729619582
0.14030037546933666,0.9294140729619577
0.14274092615769712,0.9294140729619571
0.14518147684605756,0.9294140729619565
0.147622027534418,0.929414072961956
0.15006257822277846,0.9294140729619554
0.15250312891113893,0.9294140729619549
0.15494367959949937,0.9294140729619543
0.1573842302878598,0.9294140729619538
0.15982478097622027,0.9294140729619532
0.16226533166458074,0.9294140729619527
0.16470588235294117,0.9294140729619521
0.1671464330413016,0.9294140729619516
0.16958698372966208,0.929414072961951
0.17202753441802252,0.9294140729619504
0.17446808510638295,0.9294140729619499
0.17690863579474342,0.9294140729619493
0.17934918648310388,0.9294140729619489
0.1817897371714643,0.9294140729619483
0.18423028785982476,0.9294140729619478
0.18667083854818523,0.9294140729619472
0.1891113892365457,0.9294140729619468
0.1915519399249061,0.9294140729619462
0.19399249061326657,0.9294140729619457
0.19643304130162703,0.9294140729619452
0.1988735919899875,0.9294140729619447
0.2013141426783479,0.9294140729619442
0.20375469336670837,0.9294140729619437
0.20619524405506884,0.9294140729619432
0.20863579474342925,0.9294140729619428
0.2110763454317897,0.9294140729619422
0.21351689612015018,0.9294140729619418
0.21595744680851064,0.9294140729619413
0.21839799749687105,0.9294140729619409
0.22083854818523152,0.9294140729619405
0.22327909887359199,0.92941407296194
0.22571964956195245,0.9294140729619396
0.22816020025031286,0.9294140729619392
0.23060075093867333,0.9294140729619388
0.2330413016270338,0.9294140729619383
0.2354818523153942,0.929414072961938
0.23792240300375467,0.9294140729619377
0.24036295369211513,0.9294140729619372
0.2428035043804756,0.9294140729619369
0.245244055068836,0.9294140729619366
0.24768460575719647,0.9294140729619362
0.25012515644555694,0.929414072961936
0.2525657071339174,0.9294140729619357
0.2550062578222778,0.9294140729619353
0.2574468085106383,0.929414072961935
0.25988735919899875,0.9294140729619348
0.26232790988735916,0.9294140729619346
0.2647684605757196,0.9294140729619343
0.2672090112640801,0.9294140729619341
0.26964956195244055,0.9294140729619339
0.27209011264080096,0.9294140729619337
0.27453066332916143,0.9294140729619335
0.2769712140175219,0.9294140729619333
0.27941176470588236,0.9294140729619332
0.28185231539424277,0.929414072961933
0.28429286608260323,0.9294140729619329
0.2867334167709637,0.9294140729619328
0.2891739674593241,0.9294140729619327
0.2916145181476846,0.9294140729619327
0.29405506883604504,0.9294140729619326
0.2964956195244055,0.9294140729619326
0.2989361702127659,0.9294140729619326
0.3013767209011264,0.9294146477482405
0.30381727158948685,0.9294184797356955
0.30625782227784726,0.9294258831991885
0.3086983729662077,0.9294368282972302
0.3111389236545682,0.9294512852276376
0.3135794743429286,0.9294692242264009
0.31602002503128906,0.92949061556656
0.31846057571964953,0.9295154295570927
0.32090112640801,0.9295436365418114
0.3233416770963704,0.9295752068982714
0.32578222778473087,0.9296101110366889
0.32822277847309134,0.9296483193988679
0.3306633291614518,0.9296898024571396
0.3331038798498122,0.9297345307133092
0.3355444305381727,0.9297824746976144
0.33798498122653314,0.9298336049676935
0.34042553191489355,0.9298878921075628
0.342866082603254,0.9299453067266045
0.3453066332916145,0.9300058194585642
0.34774718397997495,0.9300694009605583
0.35018773466833536,0.9301360219120912
0.3526282853566958,0.9302056530140818
0.3550688360450563,0.9302782649879006
0.35750938673341676,0.9303538285744154
0.35994993742177717,0.930432314533048
0.36239048811013763,0.930513693640839
0.3648310387984981,0.9305979366915237
0.3672715894868585,0.9306850144946159
0.369712140175219,0.9307748978745037
0.37215269086357944,0.930867557669552
0.3745932415519399,0.9309629647312165
0.3770337922403003,0.9310610899231668
0.3794743429286608,0.9311619041204183
0.38191489361702124,0.9312653782084742
0.3843554443053817,0.9313714830824771
0.3867959949937421,0.9314801896463692
0.3892365456821026,0.9315914688120626
0.39167709637046305,0.9317052914986186
0.39411764705882346,0.9318216286314369
0.3965581977471839,0.9319404511414535
0.3989987484355444,0.9320617299643481
0.40143929912390486,0.9321854360397613
0.40387984981226527,0.9323115403105204
0.40632040050062573,0.9324400137218752
0.4087609511889862,0.9325708272207425
0.41120150187734666,0.9327039517549597
0.4136420525657071,0.932839358272549
0.41608260325406754,0.9329770177209895
0.418523153942428,0.9331169010464986
0.4209637046307884,0.9332589791933233
0.4234042553191489,0.9334032231030406
0.42584480600750935,0.9335496037138667
0.4282853566958698,0.9336980919599758
0.4307259073842302,0.9338486587708277
0.4331664580725907,0.9340012750705053
0.43560700876095115,0.9341559117770607
0.4380475594493116,0.9343125398018703
0.44048811013767203,0.9344711300490001
0.4429286608260325,0.9346316534145789
0.44536921151439296,0.9347940807861818
0.44780976220275337,0.934958383042222
0.45025031289111384,0.9351245310513527
0.4526908635794743,0.9352924956718771
0.45513141426783477,0.9354622477511684
0.4575719649561952,0.9356337581250986
0.46001251564455564,0.935806997617477
0.4624530663329161,0.9359819370394966
0.4648936170212766,0.9361585471891917
0.467334167709637,0.9363367988509024
0.46977471839799745,0.9365166627947502
0.4722152690863579,0.9366981097761217
0.4746558197747183,0.9368811105351619
0.4770963704630788,0.9370656357962763
0.47953692115143925,0.9372516562676433
0.4819774718397997,0.9374391426407336
0.48441802252816013,0.9376280655898418
0.4868585732165206,0.9378183957716245
0.48929912390488106,0.9380101038246493
0.4917396745932415,0.9382031603689521
0.49418022528160194,0.9383975360056045
0.4966207759699624,0.9385932013162893
0.49906132665832287,0.9387901268628868
0.5015018773466833,0.9389882831870685
0.5039424280350437,0.9391876408099017
0.5063829787234042,0.9393881702314625
0.5088235294117647,0.9395898419304581
0.5112640801001251,0.9397926263638593
0.5137046307884856,0.9399964939665404
0.5161451814768461,0.9402014151509306
0.5185857321652065,0.9404073603066736
0.5210262828535669,0.9406142998002962
0.5234668335419274,0.9408222039748871
0.5259073842302878,0.9410310431497846
0.5283479349186483,0.9412407876202736
0.5307884856070088,0.9414514076572923
0.5332290362953692,0.941662873507148
0.5356695869837297,0.9418751553912424
0.53811013767209,0.9420882235058068
0.5405506883604505,0.9423020480216453
0.542991239048811,0.9425165990838892
0.5454317897371714,0.94273184681176
0.5478723404255319,0.9429477612983418
0.5503128911138924,0.9431643126103629
0.5527534418022528,0.9433814707879883
0.5551939924906133,0.9435992058446198
0.5576345431789738,0.9438174877667072
0.5600750938673341,0.9440362865135679
0.5625156445556946,0.9442555720172171
0.564956195244055,0.9444753141822068
0.5673967459324155,0.9446954828854741
0.569837296620776,0.9449160479762007
0.5722778473091364,0.9451369792756801
0.5747183979974969,0.9453582465771952
0.5771589486858573,0.9455798196459068
0.5795994993742177,0.9458016682187489
0.5820400500625782,0.9460237620043365
0.5844806007509387,0.9462460706828816
0.5869211514392991,0.9464685639061196
0.5893617021276596,0.9466912112972444
0.5918022528160201,0.9469139824508546
0.5942428035043805,0.9471368469329086
0.5966833541927409,0.9473597742806893
0.5991239048811013,0.9475827340027796
0.6015644555694618,0.9478056955790468
0.6040050062578223,0.9480286284606366
0.6064455569461827,0.9482515020699785
0.6088861076345432,0.9484742858007987
0.6113266583229037,0.9486969490181454
0.613767209011264,0.9489194610584217
0.6162077596996245,0.9491417912294303
0.618648310387985,0.9493639088104266
0.6210888610763454,0.9495857830521828
0.6235294117647059,0.9498073831770614
0.6259699624530664,0.950028678379099
0.6284105131414268,0.9502496378240995
0.6308510638297872,0.9504702306497385
0.6332916145181476,0.9506904259656758
0.6357321652065081,0.9509101928536802
0.6381727158948686,0.9511295003677622
0.640613266583229,0.9513483175343188
0.6430538172715895,0.9515666133522862
0.64549436795995,0.9517843567933049
0.6479349186483104,0.9520015168018925
0.6503754693366708,0.9522180622956291
0.6528160200250313,0.9524339621653507
0.6552565707133917,0.952649185275354
0.6576971214017522,0.9528637004636114
0.6601376720901126,0.9530774765419945
0.6625782227784731,0.9532904822965108
0.6650187734668336,0.9535026864875478
0.6674593241551939,0.9537140578501285
0.6698998748435544,0.9539245650941774
0.6723404255319149,0.9541341769047965
0.6747809762202753,0.9543428619425506
0.6772215269086358,0.9545505888437646
0.6796620775969963,0.9547573262208303
0.6821026282853567,0.9549630426625224
0.6845431789737171,0.9551677067343269
0.6869837296620775,0.9553712869787783
0.689424280350438,0.9555737519158073
0.6918648310387985,0.9557750700430996
0.6943053817271589,0.9559752098364641
0.6967459324155194,0.9561741397502127
0.6991864831038799,0.9563718282175486
0.7016270337922402,0.956568243650967
0.7040675844806007,0.9567633544426647
0.7065081351689612,0.9569571289649609
0.7089486858573216,0.9571495355707282
0.7113892365456821,0.9573405425938342
0.7138297872340426,0.9575301183495925
0.716270337922403,0.9577182311352259
0.7187108886107635,0.9579048492303386
0.7211514392991238,0.9580899408973994
0.7235919899874843,0.9582734743822353
0.7260325406758448,0.9584554179145353
0.7284730913642052,0.9586357397083652
0.7309136420525657,0.9588144079626926
0.7333541927409262,0.9589913908619219
0.7357947434292866,0.9591666565764405
0.738235294117647,0.959340173263175
0.7406758448060075,0.9595119090661585
0.7431163954943679,0.959681832117107
0.7455569461827284,0.9598499105360081
0.7479974968710889,0.9600161124317189
0.7504380475594493,0.9601804059025747
0.7528785982478098,0.9603427590370083
0.7553191489361701,0.9605031399141798
0.7577596996245306,0.9606615166046167
0.7602002503128911,0.9608178571708648
0.7626408010012515,0.9609721296681488
0.765081351689612,0.9611243021450447
0.7675219023779725,0.9612743426441616
0.7699624530663329,0.9614222192028334
0.7724030037546934,0.9615678998538236
0.7748435544430538,0.9617113526260371
0.7772841051314142,0.9618525455452449
0.7797246558197747,0.9619914466348186
0.7821652065081351,0.9621280239164746
0.7846057571964956,0.9622622454110299
0.7870463078848561,0.9623940791391675
0.7894868585732165,0.9625234931222123
0.7919274092615769,0.9626504553829179
0.7943679599499374,0.9627749339462631
0.7968085106382978,0.9628968968402591
0.7992490613266583,0.9630163120967676
0.8016896120150188,0.9631337910407543
0.8041301627033792,0.9632512303562586
0.8065707133917397,0.9633687553860892
0.8090112640801,0.9634863648878322
0.8114518147684605,0.9636040576184752
0.813892365456821,0.9637218323344068
0.8163329161451814,0.9638396877914149
0.8187734668335419,0.9639576227446863
0.8212140175219024,0.964075635948805
0.8236545682102628,0.9641937261577513
0.8260951188986233,0.9643118921249016
0.8285356695869837,0.9644301326030262
0.8309762202753441,0.9645484463442889
0.8334167709637046,0.9646668321002463
0.835857321652065,0.9647852886218463
0.8382978723404255,0.9649038146594273
0.840738423028786,0.9650224089627178
0.8431789737171465,0.9651410702808348
0.8456195244055068,0.9652597973622834
0.8480600750938673,0.9653785889549554
0.8505006257822277,0.9654974438061291
0.8529411764705882,0.9656163606624683
0.8553817271589487,0.9657353382700207
0.8578222778473091,0.9658543753742184
0.8602628285356696,0.9659734707198759
0.86270337922403,0.9660926230511905
0.8651439299123904,0.9662118311117404
0.8675844806007509,0.9663310936444846
0.8700250312891114,0.9664504093917619
0.8724655819774718,0.9665697770952908
0.8749061326658323,0.9666891954961678
0.8773466833541927,0.9668086633348679
0.8797872340425532,0.9669281793512426
0.8822277847309136,0.9670477422845207
0.884668335419274,0.9671673508733064
0.8871088861076345,0.9672870038555796
0.889549436795995,0.9674066999686948
0.8919899874843554,0.9675264379493806
0.8944305381727159,0.9676462165337396
0.8968710888610764,0.967766034457247
0.8993116395494367,0.9678858904547509
0.9017521902377972,0.9680057832604714
0.9041927409261576,0.9681257116080001
0.9066332916145181,0.9682456742302996
0.9090738423028786,0.9683656698597033
0.911514392991239,0.9684856972279146
0.9139549436795995,0.9686057550660069
0.9163954943679599,0.9687258421044228
0.9188360450563203,0.9688459570729737
0.9212765957446808,0.96896609870084
0.9237171464330413,0.9690862657165699
0.9261576971214017,0.9692064568480796
0.9285982478097622,0.969326670822653
0.9310387984981227,0.9694469063669411
0.9334793491864831,0.9695671622069618
0.9359198998748435,0.9696874370681
0.9383604505632039,0.9698077296751064
0.9408010012515644,0.9699280387520987
0.9432415519399249,0.9700483630225596
0.9456821026282853,0.9701687012093384
0.9481226533166458,0.9702890520346494
0.9505632040050063,0.9704094142200725
0.9530037546933666,0.9705297864865529
0.9554443053817271,0.9706501675544005
0.9578848560700876,0.9707705561432904
0.960325406758448,0.9708909509722626
0.9627659574468085,0.9710113507597219
0.965206508135169,0.9711317542234374
0.9676470588235294,0.9712521600805433
0.9700876095118898,0.9713725670475379
0.9725281602002502,0.9714929738402844
0.9749687108886107,0.9716133791740106
0.9774092615769712,0.9717337817633085
0.9798498122653316,0.971854180322135
0.9822903629536921,0.9719745735638115
0.9847309136420526,0.972094960201024
0.987171464330413,0.9722153389458236
0.9896120150187734,0.972335708509626
0.9920525657071338,0.972456067603212
0.9944931163954943,0.9725764149367273
0.9969336670838548,0.9726967492196833
0.9993742177722152,0.9728170691609562
1.0018147684605756,0.9729373734687885
1.004255319148936,0.973057660850788
1.0066958698372965,0.9731779300139287
1.009136420525657,0.973298179664551
1.0115769712140175,0.9734184085083614
1.014017521902378,0.9735386152504336
1.0164580725907384,0.9736587985952081
1.0188986232790989,0.9737789572464929
1.0213391739674593,0.9738990899074635
1.0237797246558196,0.9740191952806637
1.02622027534418,0.9741392720680054
1.0286608260325405,0.9742593189707695
1.031101376720901,0.9743793346896057
1.0335419274092614,0.9744993179245334
1.035982478097622,0.9746192673749421
1.0384230287859824,0.9747391817395915
1.0408635794743428,0.9748590597166122
1.0433041301627033,0.9749789000035062
1.0457446808510638,0.9750987012971473
1.0481852315394242,0.9752184622937814
1.0506257822277847,0.9753381816890278
1.0530663329161452,0.9754578581778786
1.0555068836045056,0.9755774904547001
1.057947434292866,0.9756970772132334
1.0603879849812266,0.9758166171465944
1.062828535669587,0.975936108947275
1.0652690863579475,0.9760555513071432
1.0677096370463077,0.9761749429174443
1.0701501877346682,0.9762942824688013
1.0725907384230287,0.9764135686512154
1.0750312891113891,0.9765328001540671
1.0774718397997496,0.9766519756661165
1.07991239048811,0.9767710938755044
1.0823529411764705,0.976890153469753
1.084793491864831,0.9770091531357664
1.0872340425531914,0.9771280915598316
1.089674593241552,0.9772469674276194
1.0921151439299124,0.9773657794241849
1.0945556946182728,0.9774845262339686
1.0969962453066333,0.9776032065407975
1.0994367959949938,0.9777218190278852
1.1018773466833542,0.9778403623778338
1.1043178973717145,0.9779588352726337
1.106758448060075,0.9780772363936658
1.1091989987484354,0.9781955644217013
1.1116395494367959,0.9783138180369032
1.1140801001251563,0.9784319959188273
1.1165206508135168,0.9785500967464235
1.1189612015018773,0.9786681191980356
1.1214017521902377,0.9787860619514042
1.1238423028785982,0.9789039236836657
1.1262828535669587,0.9790217030713555
1.1287234042553191,0.9791393987904072
1.1311639549436796,0.979257009516155
1.13360450563204,0.979374533923334
1.1360450563204005,0.979491970686082
1.138485607008761,0.9796093184779401
1.1409261576971212,0.9797265759718544
1.1433667083854817,0.9798437418401769
1.1458072590738422,0.9799608147546666
1.1482478097622026,0.9800777933864909
1.150688360450563,0.9801946764062273
1.1531289111389236,0.9803114624838635
1.155569461827284,0.9804281502887999
1.1580100125156445,0.9805447384898505
1.160450563204005,0.9806612257552437
1.1628911138923654,0.9807776107526246
1.165331664580726,0.9808938921490554
1.1677722152690864,0.9810100686110176
1.1702127659574468,0.9811261388044128
1.1726533166458073,0.9812421013945645
1.1750938673341675,0.9813579550462191
1.177534418022528,0.9814736984235481
1.1799749687108885,0.9815893301901488
1.182415519399249,0.9817048490090461
1.1848560700876094,0.9818202535426939
1.1872966207759699,0.981935542452977
1.1897371714643303,0.9820507144012123
1.1921777221526908,0.9821657680481503
1.1946182728410513,0.9822807020539768
1.1970588235294117,0.9823955150783147
1.1994993742177722,0.9825102057802252
1.2019399249061327,0.9826247728182099
1.2043804755944931,0.982739214850212
1.2068210262828536,0.9828535305336182
1.209261576971214,0.9829677185252607
1.2117021276595743,0.9830817774814179
1.2141426783479348,0.9831957060578175
1.2165832290362952,0.9833095029096371
1.2190237797246557,0.9834231666915068
1.2214643304130162,0.98353669605751
1.2239048811013766,0.9836500896611865
1.226345431789737,0.9837633461555332
1.2287859824780976,0.9838764641930061
1.231226533166458,0.9839894424255231
1.2336670838548185,0.9841022795044646
1.236107634543179,0.984214974080676
1.2385481852315394,0.9843275248044699
1.2409887359198999,0.9844399303256275
1.2434292866082604,0.9845521892934006
1.2458698372966208,0.984664300356514
1.248310387984981,0.9847762621631669
1.2507509386733415,0.9848880733610355
1.253191489361702,0.9849997325972745
1.2556320400500625,0.9851112385185194
1.258072590738423,0.9852225897708885
1.2605131414267834,0.9853337849999851
1.2629536921151439,0.9854448228508994
1.2653942428035043,0.9855557019682106
1.2678347934918648,0.9856664209959892
1.2702753441802253,0.9857769785777992
1.2727158948685857,0.9858873733567
1.2751564455569462,0.9859976039752486
1.2775969962453066,0.9861076690755023
1.2800375469336671,0.9862175672990203
1.2824780976220274,0.9863272972868663
1.2849186483103878,0.9864368576796105
1.2873591989987483,0.9865462471173323
1.2897997496871088,0.9866554642396221
1.2922403003754692,0.9867645076855841
1.2946808510638297,0.9868733760938383
1.2971214017521902,0.9869820681025228
1.2995619524405506,0.9870905823492964
1.302002503128911,0.9871989174713411
1.3044430538172715,0.9873070721053643
1.306883604505632,0.9874150448876008
1.3093241551939925,0.9875228344538164
1.311764705882353,0.9876304394393092
1.3142052565707134,0.9877378584789126
1.3166458072590739,0.9878450902069981
1.3190863579474341,0.9879521332574769
1.3215269086357946,0.9880589862638035
1.323967459324155,0.9881656478589778
1.3264080100125155,0.9882721166755473
1.328848560700876,0.9883783913456103
1.3312891113892364,0.9884844705008184
1.333729662077597,0.9885903527723788
1.3361702127659574,0.9886960367910572
1.3386107634543178,0.9888015211871806
1.3410513141426783,0.9889068045906395
1.3434918648310388,0.9890118856308915
1.3459324155193992,0.9891167629369628
1.3483729662077597,0.9892214351374522
1.3508135168961202,0.9893259008605331
1.3532540675844804,0.9894301587339562
1.3556946182728409,0.989534207385053
1.3581351689612013,0.9896380454407381
1.3605757196495618,0.989741671527512
1.3630162703379223,0.9898450842714641
1.3654568210262827,0.9899482822982759
1.3678973717146432,0.9900512642332232
1.3703379224030037,0.9901540287011796
1.3727784730913641,0.9902565743266194
1.3752190237797246,0.9903588997336201
1.377659574468085,0.9904610035458659
1.3801001251564455,0.9905628843866503
1.382540675844806,0.9906645408788793
1.3849812265331665,0.9907659716450747
1.387421777221527,0.9908671753073766
1.3898623279098872,0.9909681504875467
1.3923028785982476,0.9910688958069716
1.394743429286608,0.9911694098866655
1.3971839799749686,0.9912696913472738
1.399624530663329,0.9913697388090761
1.4020650813516895,0.9914695508919887
1.40450563204005,0.991569126215569
1.4069461827284104,0.9916684633990177
1.409386733416771,0.9917675610611825
1.4118272841051314,0.9918664178205611
1.4142678347934918,0.9919650322953046
1.4167083854818523,0.992063403103221
1.4191489361702128,0.9921615288617779
1.4215894868585732,0.9922594081881062
1.4240300375469337,0.9923570396990037
1.426470588235294,0.9924544220109378
1.4289111389236544,0.9925515537400496
1.4313516896120149,0.9926484335021564
1.4337922403003753,0.9927450599127562
1.4362327909887358,0.9928414315870302
1.4386733416770963,0.9929375471398467
1.4411138923654567,0.9930334051857646
1.4435544430538172,0.9931290043390364
1.4459949937421777,0.9932243432136124
1.4484355444305381,0.993319420423144
1.4508760951188986,0.9934142345809869
1.453316645807259,0.9935087843002047
1.4557571964956195,0.9936030681935731
1.45819774718398,0.9936970848735831
1.4606382978723402,0.9937908329524441
1.4630788485607007,0.9938843110420886
1.4655193992490612,0.9939775177541751
1.4679599499374216,0.9940704517000918
1.470400500625782,0.9941631114909607
1.4728410513141426,0.9942554957376412
1.475281602002503,0.9943476030507332
1.4777221526908635,0.9944394320405822
1.480162703379224,0.9945309813172813
1.4826032540675844,0.9946222494906769
1.4850438047559449,0.9947132351703708
1.4874843554443054,0.9948039369657252
1.4899249061326658,0.994894353485866
1.4923654568210263,0.9949844833396867
1.4948060075093867,0.9950743251358527
1.497246558197747,0.9951638774828045
1.4996871088861075,0.9952531389887624
1.502127659574468,0.9953421082617299
1.5045682102628284,0.9954307839094975
1.5070087609511889,0.9955191645396476
1.5094493116395493,0.9956072487595575
1.5118898623279098,0.995695035176404
1.5143304130162702,0.9957825223971672
1.5167709637046307,0.9958697090286347
1.5192115143929912,0.9959565936774055
1.5216520650813516,0.9960431749498942
1.5240926157697121,0.9961294514523352
1.5265331664580726,0.9962154217907867
1.528973717146433,0.9963010845711349
1.5314142678347935,0.996386438399098
1.5338548185231538,0.9964714818802312
1.5362953692115142,0.9965562136199293
1.5387359198998747,0.9966406322234327
1.5411764705882351,0.9967247362958306
1.5436170212765956,0.9968085244420654
1.546057571964956,0.9968919952669371
1.5484981226533165,0.9969751473751077
1.550938673341677,0.9970579793711057
1.5533792240300375,0.9971404898593297
1.555819774718398,0.9972226774440535
1.5582603254067584,0.9973045407294301
1.5607008760951189,0.9973860783194963
1.5631414267834793,0.9974672888181771
1.5655819774718398,0.99754817082929
1.5680225281602,0.9976287229565496
1.5704630788485605,0.9977089438035717
1.572903629536921,0.9977888319738785
1.5753441802252814,0.9978683860709026
1.577784730913642,0.9979476046979915
1.5802252816020024,0.9980264864584125
1.5826658322903628,0.998105029955357
1.5851063829787233,0.9981832337919451
1.5875469336670838,0.9982610965712303
1.5899874843554442,0.9983386168962042
1.5924280350438047,0.9984157933698008
1.5948685857321652,0.9984926245949016
1.5973091364205256,0.9985691091743402
1.599749687108886,0.9986452457109066
1.6021902377972466,0.9987210328073525
1.6046307884856068,0.9987964690663953
1.6070713391739673,0.998871553090724
1.6095118898623277,0.9989462834830027
1.6119524405506882,0.9990206588458763
1.6143929912390487,0.9990946777819748
1.6168335419274091,0.9991683388939187
1.6192740926157696,0.9992416407843229
1.62171464330413,0.9993145820558027
1.6241551939924905,0.9993871613109779
1.626595744680851,0.9994593771524781
1.6290362953692115,0.9995312281829475
1.631476846057572,0.9996027130050494
1.6339173967459324,0.9996738302214725
1.6363579474342929,0.999744578434934
1.638798498122653,0.9998149562481862
1.6412390488110136,0.9998849622640208
1.643679599499374,0.9999545950852741
1.6461201501877345,1.0000238533148318
1.648560700876095,1.0000927355556344
1.6510012515644554,1.0001612404106823
1.653441802252816,1.0002293664830408
1.6558823529411764,1.0002971123758453
1.6583229036295368,1.0003644766923059
1.6607634543178973,1.0004314580357134
1.6632040050062578,1.0004980550094447
1.6656445556946182,1.0005642662169665
1.6680851063829787,1.0006300902618421
1.6705256570713392,1.000695525747736
1.6729662077596996,1.0007605712784184
1.6754067584480599,1.000825225457773
1.6778473091364203,1.0008894868897986
1.6802878598247808,1.000953354178618
1.6827284105131413,1.0010168259284808
1.6851689612015017,1.00107990074377
1.6876095118898622,1.0011425772290072
1.6900500625782227,1.0012048539888574
1.6924906132665831,1.0012667296281357
1.6949311639549436,1.001328202751811
1.697371714643304,1.0013892719650128
1.6998122653316645,1.0014499358730364
1.702252816020025,1.001510193081348
1.7046933667083854,1.0015700421955902
1.707133917396746,1.0016294818215883
1.7095744680851064,1.001688510565355
1.7120150187734666,1.0017471270330958
1.714455569461827,1.0018053298312157
1.7168961201501876,1.001863117566324
1.719336670838548,1.0019204888452393
1.7217772215269085,1.0019774422749972
1.724217772215269,1.0020339764628532
1.7266583229036294,1.0020900900162906
1.7290988735919899,1.0021457815430252
1.7315394242803503,1.0022010496510112
1.7339799749687108,1.0022558929484469
1.7364205256570713,1.0023103100437802
1.7388610763454317,1.002364299545715
1.7413016270337922,1.002417860063216
1.7437421777221527,1.0024709902055162
1.746182728410513,1.00252368858212
1.7486232790988734,1.0025759538028118
1.7510638297872338,1.0026277844776603
1.7535043804755943,1.0026791792170247
1.7559449311639548,1.0027301366315604
1.7583854818523152,1.0027806553322258
1.7608260325406757,1.002830733930287
1.7632665832290362,1.0028803710373244
1.7657071339173966,1.0029295652652386
1.768147684605757,1.0029783152262561
1.7705882352941176,1.003026619532936
1.773028785982478,1.003074476798175
1.7754693366708385,1.003121885635214
1.777909887359199,1.0031688446576448
1.7803504380475594,1.0032153524794143
1.7827909887359197,1.003261407714833
1.7852315394242801,1.003307008978579
1.7876720901126406,1.0033521548857052
1.790112640801001,1.0033968440516452
1.7925531914893615,1.0034410750922196
1.794993742177722,1.003484846623642
1.7974342928660825,1.0035281572625245
1.799874843554443,1.003571005625886
1.8023153942428034,1.003613390331156
1.8047559449311639,1.0036553099961818
1.8071964956195243,1.003696763239236
1.8096370463078848,1.0037377486790202
1.8120775969962453,1.0037782649346738
1.8145181476846057,1.0038183106257785
1.8169586983729662,1.0038578843723658
1.8193992490613264,1.0038969847949228
1.821839799749687,1.0039356105143986
1.8242803504380474,1.0039737601522107
1.8267209011264078,1.0040114323302516
1.8291614518147683,1.004048625670895
1.8316020025031288,1.0040853387970021
1.8340425531914892,1.0041215703319286
1.8364831038798497,1.0041573188995307
1.8389236545682102,1.0041925831241716
1.8413642052565706,1.004227361630728
1.843804755944931,1.0042616530445971
1.8462453066332916,1.0042954559917021
1.848685857321652,1.0043287690985003
1.8511264080100125,1.004361590991988
1.8535669586983727,1.004393920299708
1.8560075093867332,1.0044257556497567
1.8584480600750937,1.0044570956707892
1.8608886107634541,1.0044879389920272
1.8633291614518146,1.0045182842432656
1.865769712140175,1.0045481300548782
1.8682102628285355,1.0045774750578258
1.870650813516896,1.0046063178836613
1.8730913642052565,1.004634657164538
1.875531914893617,1.0046624915332152
1.8779724655819774,1.0046898196230654
1.8804130162703379,1.0047166400680811
1.8828535669586983,1.0047429515028816
1.8852941176470588,1.0047687525627198
1.8877346683354193,1.0047940418834884
1.8901752190237795,1.004818818101728
1.89261576971214,1.0048430798546324
1.8950563204005004,1.0048668257800575
1.897496871088861,1.0048900545165258
1.8999374217772214,1.0049127647032352
1.9023779724655818,1.004934954980065
1.9048185231539423,1.0049566239875833
1.9072590738423028,1.004977770367053
1.9096996245306632,1.0049983927604407
1.9121401752190237,1.005018489810421
1.9145807259073842,1.0050380601603865
1.9170212765957446,1.005057102454452
1.919461827284105,1.0050756153374631
1.9219023779724655,1.005093597455004
1.924342928660826,1.005111047453402
1.9267834793491863,1.0051279639797372
1.9292240300375467,1.0051443456818483
1.9316645807259072,1.0051601912083394
1.9341051314142677,1.0051754992085884
1.9365456821026281,1.0051902683327532
1.9389862327909886,1.0052044972317784
1.941426783479349,1.0052181845574042
1.9438673341677095,1.0052313289621717
1.94630788485607,1.0052439290994317
1.9487484355444304,1.0052559836233503
1.951188986232791,1.0052674911889177
1.9536295369211514,1.0052784504519545
1.9560700876095118,1.0052888600691192
1.9585106382978723,1.0052987186979159
1.9609511889862326,1.0053080249967006
1.963391739674593,1.0053167776246896
1.9658322903629535,1.0053249752419662
1.968272841051314,1.0053326165094885
1.9707133917396744,1.005339700089096
1.9731539424280349,1.005346224643518
1.9755944931163953,1.0053521888363803
1.9780350438047558,1.0053575913322124
1.9804755944931163,1.0053624307964557
1.9829161451814767,1.0053667058954705
1.9853566958698372,1.0053704152965435
1.9877972465581977,1.005373557667895
1.9902377972465581,1.0053761316786871
1.9926783479349186,1.0053781359990301
1.995118898623279,1.0053795692999918
1.9975594493116393,1.0053804302536025
2.0,1.0053807175328648
