z,Gamma,ln_Gamma
0.0,0.8607079764242914,-0.15000000000089037
1e-06,0.8607743664986668,-0.14992286871379795
1.0274882572009388e-06,0.8607761933693142,-0.14992074635888142
1.055732118685825e-06,0.8607780705645353,-0.1499185655444158
1.084752354699553e-06,0.8607799994736243,-0.14991632465678895
1.1145703064248583e-06,0.8607819815243962,-0.1499140220376631
1.145207901676394e-06,0.8607840181842639,-0.14991165598272477
1.1766876710262247e-06,0.8607861109613459,-0.14990922474039925
1.2090327643725673e-06,0.8607882614056067,-0.14990672651052867
1.2422669679640026e-06,0.8607904711100274,-0.14990415944301222
1.2764147218916274e-06,0.8607927417118116,-0.14990152163640794
1.3115011380620521e-06,0.8607950748936256,-0.1498988111364945
1.3475520186644258e-06,0.8607974723848726,-0.14989602593479182
1.3845938751451179e-06,0.8607999359630049,-0.14989316396703983
1.4226539477039516e-06,0.8608024674548729,-0.14989022311163333
1.461760225326372e-06,0.8608050687381126,-0.14988720118801244
1.5019414663662454e-06,0.8608077417425738,-0.14988409595500662
1.543227219694476e-06,0.8608104884517879,-0.1498809051091316
1.5856478464289276e-06,0.8608133109044792,-0.14987762628283705
1.6292345422616842e-06,0.8608162111961191,-0.14987425704270418
1.6740193604000273e-06,0.860819191480525,-0.1498707948875914
1.7200352351380544e-06,0.8608222539715054,-0.14986723724672665
1.7673160060762065e-06,0.8608254009445526,-0.1498635814777447
1.8158964430065691e-06,0.860828634738585,-0.1498598248646677
1.8658122714822037e-06,0.8608319577577375,-0.14985596461582765
1.9171001990893745e-06,0.8608353724732072,-0.14985199786172856
1.969797942441914e-06,0.86083888142515,-0.1498479216528467
2.023944254917642e-06,0.8608424872246329,-0.14984373295736722
2.079578955157181e-06,0.8608461925556447,-0.1498394286588547
2.1367429563462008e-06,0.8608500001771624,-0.14983500555385645
2.19547829630254e-06,0.860853912925281,-0.14983046034943556
2.255828168390388e-06,0.8608579337154032,-0.14982578966063237
2.3178369532842255e-06,0.8608620655444945,-0.1498209900078513
2.381550251605943e-06,0.8608663114934038,-0.14981605781417212
2.4470149174590476e-06,0.8608706747292523,-0.14981098940258153
2.5142790928847015e-06,0.8608751585078926,-0.14980578099312428
2.583392243264859e-06,0.860879766176441,-0.14980042869997
2.654405193698634e-06,0.8608845011758827,-0.1497949285283943
2.72737016637853e-06,0.8608893670437558,-0.14978927637167036
2.8023408189941163e-06,0.860894367416914,-0.14978346800786924
2.879372284191316e-06,0.8608995060343713,-0.14977749909656526
2.958521210116422e-06,0.8609047867402305,-0.1497713651754438
3.039845802074535e-06,0.8609102134867005,-0.14976506165680878
3.1234058653331605e-06,0.8609157903372019,-0.1497585838239859
3.2092628491023594e-06,0.8609215214695662,-0.14975192682761912
3.297479891723903e-06,0.860927411179331,-0.14974508568185643
3.3881218671025406e-06,0.8609334638831327,-0.14973805526042178
3.4812554324135805e-06,0.860939684122203,-0.14973083029256926
3.576949077121931e-06,0.8609460765659687,-0.14972340535891607
3.675273173348519e-06,0.8609526460157619,-0.14971577488715007
3.7763000276212342e-06,0.8609593974086412,-0.14970793314760816
3.8801039340484075e-06,0.8609663358213288,-0.14969987424872105
3.986761228953905e-06,0.8609734664742674,-0.14969159213232047
4.096350347014121e-06,0.8609807947358008,-0.14968308056880394
4.2089518789380085e-06,0.8609883261264811,-0.14967433315215276
4.3246486307326315e-06,0.8609960663235082,-0.14966534329479855
4.443525684597898e-06,0.8610040211653053,-0.1496561042223329
4.565670461495103e-06,0.8610121966562343,-0.14964660896805534
4.691172785435419e-06,0.8610205989714574,-0.14963685036735444
4.8201249495355124e-06,0.8610292344619475,-0.14962682105191608
4.952621783889007e-06,0.8610381096596537,-0.14961651344375357
5.088760725303521e-06,0.8610472312828282,-0.14960591974905355
5.228641888954711e-06,0.8610566062415174,-0.14959503195183146
5.372368142009901e-06,0.8610662416432239,-0.14958384180739032
5.520045179275599e-06,0.861076144798747,-0.14957234083557616
5.67178160092433e-06,0.8610863232282044,-0.1495605203138234
5.827688992358103e-06,0.8610967846672439,-0.14954837126998277
5.987882006267122e-06,0.8611075370734506,-0.14953588447492486
6.152478446944267e-06,0.8611185886329554,-0.1495230504349111
6.321599356917103e-06,0.8611299477672547,-0.14950985938372494
6.495369105961344e-06,0.8611416231402444,-0.1494963012745543
6.673915482561041e-06,0.8611536236654793,-0.14948236577161733
6.857369787883008e-06,0.8611659585136634,-0.1494680422415224
7.045866932334284e-06,0.8611786371203799,-0.1494533197443532
7.2395455347738934e-06,0.8611916691940709,-0.149438187024469
7.4385480244516665e-06,0.8612050647242712,-0.14942263250101134
7.643020745749329e-06,0.8612188339901107,-0.1494066442581054
7.853114065800615e-06,0.8612329875690905,-0.14939021003474656
8.068982485069652e-06,0.8612475363461447,-0.14937331721436042
8.290784750969118e-06,0.861262491522997,-0.14935595281402522
8.51868397460138e-06,0.8612778646278233,-0.1493381034733444
8.752847750708739e-06,0.861293667525231,-0.1493197554429572
8.993448280920898e-06,0.8613099124265657,-0.14930089457267415
9.240662500390193e-06,0.861326611900559,-0.14928150629922468
9.494672207907988e-06,0.8613437788843271,-0.14926157563360173
9.75566419959759e-06,0.8613614266947347,-0.1492410871479908
1.002383040628212e-05,0.8613795690401372,-0.14922002496226683
1.0299368034628595e-05,0.8613982200325152,-0.149198372730044
1.0582479712171594e-05,0.8614173942000138,-0.14917611362426264
1.0873373636323484e-05,0.8614371064999051,-0.149153230322296
1.1172263727480674e-05,0.8614573723319852,-0.14912970499055925
1.1479369786338384e-05,0.8614782075524253,-0.14910551926860371
1.1794917655529939e-05,0.8614996284880923,-0.14908065425267605
1.2119139385709065e-05,0.8615216519513552,-0.14905509047872373
1.2452273406197464e-05,0.8615442952553973,-0.14902880790482673
1.2794564700323432e-05,0.8615675762300521,-0.14900178589303342
1.3146264985579976e-05,0.8615915132381822,-0.14897400319057966
1.3507632898735295e-05,0.8616161251926218,-0.14894543791046783
1.3878934186031622e-05,0.8616414315737048,-0.14891606751138223
1.4260441898612163e-05,0.8616674524473983,-0.1488858687769165
1.465243659332026e-05,0.8616942084840671,-0.14885481779408735
1.5055206539017926e-05,0.861721720977891,-0.14882288993110793
1.5469047928575707e-05,0.8617500118669595,-0.1487900598143941
1.5894265096690046e-05,0.8617791037540721,-0.14875630130477385
1.6331170743687767e-05,0.8618090199282664,-0.1487215874728713
1.6780086165482706e-05,0.8618397843871072,-0.14868589057363404
1.7241341489853444e-05,0.8618714218597603,-0.1486491820199714
1.7715275919215755e-05,0.8619039578308849,-0.1486114323554713
1.8202237980068794e-05,0.8619374185653725,-0.14857261122616092
1.870258577929762e-05,0.8619718311339679,-0.14853268735127487
1.9216687267521576e-05,0.8620072234398024,-0.14849162849299516
1.9744920509681218e-05,0.8620436242458773,-0.14844940142512278
2.028767396306343e-05,0.8620810632035315,-0.14840597190064278
2.084534676296895e-05,0.8621195708819319,-0.1483613046181403
2.14183490162322e-05,0.8621591787986258,-0.14831536318702526
2.2007102102809864e-05,0.8621999194511946,-0.14826811009152133
2.261203898565927e-05,0.8622418263500522,-0.14821950665337333
2.323360452913473e-05,0.8622849340524313,-0.14816951299322506
2.3872255826136484e-05,0.8623292781976011,-0.1481180879906192
2.4528462534251934e-05,0.8623748955433659,-0.14806518924256729
2.5202707221137044e-05,0.862421824003891,-0.14801077302063823
2.589548571939167e-05,0.8624701026889072,-0.14795479422651003
2.660730749118955e-05,0.862519771944345,-0.14789720634592943
2.7338696002931834e-05,0.8625708733944532,-0.14783796140102048
2.8090189110198764e-05,0.8626234499854561,-0.14777700990088305
2.886233945328292e-05,0.8626775460308098,-0.147714300790419
2.9655714863595565e-05,0.8627332072581125,-0.1476497813973228
3.0470898781243784e-05,0.8627904808577337,-0.14758339737717086
3.1308490684086386e-05,0.8628494155332249,-0.1475150926565424
3.2169106528583816e-05,0.8629100615535759,-0.14744480937410237
3.305337920276593e-05,0.8629724708073838,-0.14737248781957588
3.3961958991651724e-05,0.8630366968590072,-0.14729806637054052
3.489551405546206e-05,0.8631027950067711,-0.14722148142696243
3.585473092097758e-05,0.863170822343301,-0.14714266734339956
3.684031498640386e-05,0.863240837818058,-0.14706155635879367
3.785299104011374e-05,0.8633129023021533,-0.14697807852377176
3.8893503793649215e-05,0.86338707865552,-0.14689216162537558
3.996261842937482e-05,0.8634634317965236,-0.1468037311091366
4.106112116318446e-05,0.863542028774093,-0.14671270999841274
4.218981982267698e-05,0.8636229388424557,-0.14661901881090164
4.3349544441224086e-05,0.8637062335385624,-0.14652257547224554
4.454114786836798e-05,0.863791986762289,-0.14642329522664027
4.5765506396998736e-05,0.8638802748595015,-0.14632109054436274
4.702352040777065e-05,0.8639711767080741,-0.14621587102612918
4.831611503123304e-05,0.8640647738069497,-0.14610754330419815
4.964424082816183e-05,0.8641611503683314,-0.14599601094013234
5.100887448859169e-05,0.8642603934130964,-0.14588117431913433
5.2411019550064506e-05,0.8643625928695212,-0.14576293054087266
5.3851707135620225e-05,0.8644678416754072,-0.14564117330671836
5.533199671207379e-05,0.864576235883693,-0.14551579280331234
5.685297686913678e-05,0.8646878747716422,-0.14538667558238996
5.8415766119954635e-05,0.8648028609536881,-0.14525370443679197
6.0021513723649964e-05,0.8649213004980163,-0.14511675827259668
6.167140053047534e-05,0.8650433030469641,-0.144975711977314
6.336663985019915e-05,0.8651689819413059,-0.1448304362840905
6.510847834436083e-05,0.8652984543484934,-0.14468079763188124
6.689819694305238e-05,0.8654318413949118,-0.1445266580215555
6.873711178690206e-05,0.8655692683021996,-0.14436787486791483
7.062657519495011e-05,0.8657108645276813,-0.14420430084761357
7.256797665913036e-05,0.865856763908939,-0.14403578374298892
7.45627438660884e-05,0.8660071048125477,-0.14386216628182275
7.661234374708717e-05,0.866162030286977,-0.14368328597307795
7.871828355677385e-05,0.8663216882196492,-0.14349897493867267
8.088211198159904e-05,0.8664862314981248,-0.1433090597413819
8.310542027870439e-05,0.8666558181753651,-0.1431133612089812
8.538984344611753e-05,0.866830611638997,-0.1429116942547806
8.773706142511231e-05,0.8670107807844792,-0.14270386769472954
9.014880033562037e-05,0.8671965001920375,-0.1424896840613133
9.262683374560217e-05,0.8673879503072033,-0.14226893941450391
9.51729839753099e-05,0.8675853176247517,-0.14204142315007753
9.778912343740404e-05,0.8677887948757903,-0.14180691780566182
0.00010047717601390586,0.8679985812177036,-0.14156519886493893
0.00010323911847100023,0.8682148824266043,-0.1413160345604925
0.00010607698191272927,0.8684379110918804,-0.1410591856758626
0.00010899285327464583,0.8686678868123637,-0.1407944053474515
0.00011198887685852348,0.8689050363935672,-0.14052143886701352
0.00011506725590925497,0.869149594045359,-0.14024002348556033
0.00011823025423509482,0.8694018015793479,-0.13994988821962245
0.00012148019787244163,0.8696619086051525,-0.1396507536609276
0.00012481947679638024,0.8699301727246141,-0.13934233179068875
0.00012825054667824589,0.8702068597228891,-0.13902432579984142
0.00013177593069149855,0.8704922437552154,-0.13869642991673
0.00013539822136723968,0.8707866075279963,-0.13835832924391916
0.00013912008250073203,0.8710902424726771,-0.13800969960600182
0.00014294425111032813,0.8714034489106968,-0.13765020741048734
0.0001468735394502444,0.8717265362075971,-0.1372795095240894
0.00015091083707866512,0.8720598229141379,-0.13689725316698964
0.00015505911298269246,0.8724036368920176,-0.13650307582793583
0.00015932141776171032,0.8727583154215203,-0.13609660520334338
0.00016370088587076243,0.8731242052881005,-0.13567745916390853
0.00016820073792559966,0.8735016628445857,-0.13524524575261312
0.00017282428307108626,0.8738910540452958,-0.13479956321841022
0.00017757492141471233,0.8742927544479762,-0.13434000009032418
0.00018245614652699643,0.8747071491789845,-0.13386613529718927
0.0001874715480106229,0.875134632856676,-0.13337753833878482
0.00019262481414019706,0.8755756094673856,-0.1328737695147101
0.00019791973457456604,0.8760304921878016,-0.13235438021798157
0.00020336020314369328,0.8764997031468653,-0.13181891330103607
0.0002089502207121425,0.8769836731196006,-0.1312669035225856
0.0002146938981212708,0.8774828411444807,-0.1306978780846071
0.0002205954592123007,0.8779976540550553,-0.1301113572696614
0.00022665924393248764,0.8785285659155976,-0.12950685518973404
0.00023288971152667445,0.8790760373494677,-0.12888388065887643
0.00023929144381657213,0.8796405347477212,-0.12824193820311655
0.00024586914857018633,0.8802225293442126,-0.1275805292224032
0.00025262766296385943,0.8808224961420348,-0.12689915332076337
0.0002595719571394824,0.8814409126745946,-0.12619730982239527
0.0002667071378594836,0.8820782575829276,-0.12547449949310505
0.0002740384522622916,0.8827350089890014,-0.12473022648832838
0.00028157129172102466,0.8834116426427138,-0.12396400055098424
0.00028931119580825307,0.8841086298180664,-0.12317533948458685
0.00029726385636974153,0.884826434931538,-0.12236377192942473
0.00030543512171017623,0.885565512853009,-0.12152884047220618
0.00031383100089394565,0.8863263058766458,-0.12067010512239829
0.0003224576681641468,0.887109240315948,-0.11978714719156336
0.0003313214674830582,0.8879147226836388,-0.11887957361535241
0.00034042891719742504,0.8887431354132471,-0.1179470217614668
0.0003497867148319853,0.8895948320750217,-0.11698916477087913
0.00035940174201475836,0.8904701320342423,-0.11600571748393633
0.0003692810695377259,0.8913693144949937,-0.11499644300768534
0.0003794319625566167,0.892292611867012,-0.11396115998589858
0.0003898618859336304,0.893240202387292,-0.11289975063886531
0.0004005785097270171,0.8942122019216792,-0.1118121696461033
0.0004115897148315626,0.8952086548646718,-0.110698453951765
0.00042290359877411365,0.896229524048046,-0.10955873357972326
0.0004345284816684196,0.8972746795606891,-0.10839324355316095
0.0004464729123336546,0.8983438863731209,-0.10720233702202539
0.00045874567458113475,0.8994367906505807,-0.10598649971098897
0.0004713557936738392,0.9005529046282189,-0.10474636581065831
0.00048431254296349885,0.9016915899108384,-0.10348273544575808
0.0004976254507101203,0.902852039047752,-0.10219659386596448
0.0005113043070889737,0.9040332552206622,-0.1008891325180562
0.0005253591713901833,0.9052340298690165,-0.09956177217218344
0.0005398003794162292,0.9064529180630768,-0.09821618829041939
0.000554638551082787,0.9076882114200041,-0.09685433884246894
0.0005698845982285073,0.9089379083426596,-0.09547849479157203
0.0005855497326394662,0.9101996813446824,-0.09409127349339179
0.0006016454742942014,0.9114708412088515,-0.0926956752721432
0.0006181836598353813,0.9127482977089917,-0.09129512346156006
0.0006351764512743546,0.9140285166090002,-0.08989350822366171
0.0006526363449349637,0.9153074726363095,-0.0884952344858578
0.0006705761806432173,0.9165805981117126,-0.08710527436689142
0.0006890091511695613,0.9178427269035302,-0.08572922449469308
0.0007079488119307115,0.9190880333623265,-0.08437336865460546
0.000727409090958162,0.9203099658836578,-0.08304474624490145
0.0007474042991407219,0.9215011747418074,-0.08175122705830509
0.0007679491407485895,0.9226534338384448,-0.08050159295363495
0.0007890587242467275,0.9237575560183428,-0.07930562703102201
0.0008107485734054663,0.9248033016216727,-0.07817421097775759
0.0008330346387165308,0.92577927997142,-0.07711943131005614
0.000855933309122862,0.9266728435380084,-0.07615469529928132
0.0008794614240708829,0.9274699745847552,-0.075294857439903
0.0009036362858940472,0.9281551641813798,-0.07455635739110432
0.0009284756725368049,0.9287112835832845,-0.0739573704050436
0.0009539978506283113,0.929119448117327,-0.07351797134285229
0.0009802215889155262,0.9293588738968491,-0.07326031347511124
0.0010071661720655492,0.9294140729619782,-0.07320092045969362
0.001034851414847373,0.9294140729619782,-0.07320092045969362
0.0010632976767034543,0.9294140729619782,-0.07320092045969362
0.0010925258767218394,0.9294140729619782,-0.07320092045969362
0.0011225575090198518,0.9294140729619782,-0.07320092045969362
0.0011534146585506348,0.9294140729619782,-0.07320092045969362
0.0011851200173442088,0.9294140729619782,-0.07320092045969362
0.0012176969011949475,0.9294140729619782,-0.07320092045969362
0.001251169266807782,0.9294140729619782,-0.07320092045969362
0.0012855617294157042,0.9294140729619782,-0.07320092045969362
0.0013208995808815683,0.9294140729619782,-0.07320092045969362
0.0013572088082974532,0.9294140729619782,-0.07320092045969362
0.0013945161130953147,0.9294140729619782,-0.07320092045969362
0.0014328489306829322,0.9294140729619782,-0.07320092045969362
0.0014722354506196363,0.9294140729619782,-0.07320092045969362
0.0015127046373466092,0.9294140729619782,-0.07320092045969362
0.0015542862514870473,0.9294140729619782,-0.07320092045969362
0.0015970108717318064,0.9294140729619782,-0.07320092045969362
0.0016409099173266676,0.9294140729619782,-0.07320092045969362
0.0016860156711777142,0.9294140729619782,-0.07320092045969362
0.0017323613035918628,0.9294140729619782,-0.07320092045969362
0.0017799808966699495,0.9294140729619782,-0.07320092045969362
0.0018289094693703727,0.9294140729619782,-0.07320092045969362
0.0018791830032616583,0.9294140729619782,-0.07320092045969362
0.0019308384689829493,0.9294140729619782,-0.07320092045969362
0.00198391385343182,0.9294140729619782,-0.07320092045969362
0.0020384481876994614,0.9294140729619782,-0.07320092045969362
0.0020944815757737317,0.9294140729619782,-0.07320092045969362
0.00215205522403123,0.9294140729619782,-0.07320092045969362
0.0022112114715400247,0.9294140729619782,-0.07320092045969362
0.002271993821195386,0.9294140729619782,-0.07320092045969362
0.0023344469717113485,0.9294140729619782,-0.07320092045969362
0.0023986168504917054,0.9294140729619782,-0.07320092045969362
0.0024645506474045274,0.9294140729619782,-0.07320092045969362
0.0025322968494851258,0.9294140729619782,-0.07320092045969362
0.0026019052765929003,0.9294140729619782,-0.07320092045969362
0.0026734271180483683,0.9294140729619782,-0.07320092045969362
0.0027469149702772466,0.9294140729619782,-0.07320092045969362
0.00282242287548934,0.9294140729619782,-0.07320092045969362
0.0029000063614206045,0.9294140729619782,-0.07320092045969362
0.0029797224821676957,0.9294140729619782,-0.07320092045969362
0.0030616298601449416,0.9294140729619782,-0.07320092045969363
0.0031457887291946834,0.9294140729619782,-0.07320092045969363
0.0032322609788826015,0.9294140729619782,-0.07320092045969363
0.003321110200010688,0.9294140729619782,-0.07320092045969363
0.003412401731381247,0.9294140729619782,-0.07320092045969363
0.003506202707846384,0.9294140729619782,-0.07320092045969363
0.0036025821096782973,0.9294140729619782,-0.07320092045969363
0.003701610813296635,0.9294140729619782,-0.07320092045969363
0.0038033616433903136,0.9294140729619782,-0.07320092045969363
0.003907909426472012,0.9294140729619782,-0.07320092045969363
0.004015331045904852,0.9294140729619782,-0.07320092045969363
0.0041257054984416,0.9294140729619782,-0.07320092045969363
0.004239113952318094,0.9294140729619782,-0.07320092045969363
0.004355639806943503,0.9294140729619782,-0.07320092045969363
0.004475368754231418,0.9294140729619782,-0.07320092045969363
0.004598388841616776,0.9294140729619782,-0.07320092045969365
0.00472479053680507,0.9294140729619782,-0.07320092045969365
0.00485466679430133,0.9294140729619782,-0.07320092045969365
0.004988113123767948,0.9294140729619782,-0.07320092045969365
0.00512522766026146,0.9294140729619782,-0.07320092045969365
0.005266111236400099,0.9294140729619782,-0.07320092045969365
0.005410867456515018,0.9294140729619782,-0.07320092045969365
0.005559602772839899,0.9294140729619782,-0.07320092045969365
0.005712426563794775,0.9294140729619782,-0.07320092045969366
0.005869451214421847,0.9294140729619782,-0.07320092045969366
0.006030792199032238,0.9294140729619782,-0.07320092045969366
0.006196568166124658,0.9294140729619782,-0.07320092045969366
0.006366901025638243,0.9294140729619782,-0.07320092045969366
0.006541916038603915,0.9294140729619781,-0.07320092045969367
0.0067217419092600065,0.9294140729619781,-0.07320092045969367
0.006906510879700082,0.9294140729619781,-0.07320092045969367
0.007096358827122361,0.9294140729619781,-0.07320092045969367
0.00729142536375246,0.9294140729619781,-0.07320092045969369
0.007491853939512737,0.9294140729619781,-0.07320092045969369
0.007697791947513939,0.9294140729619781,-0.07320092045969369
0.007909390832446518,0.9294140729619781,-0.0732009204596937
0.008126806201951563,0.9294140729619781,-0.0732009204596937
0.008350197941052994,0.9294140729619781,-0.0732009204596937
0.008579730329735417,0.9294140729619781,-0.07320092045969372
0.008815572163753881,0.9294140729619781,-0.07320092045969372
0.009057896878764593,0.9294140729619781,-0.07320092045969373
0.009306882677867657,0.9294140729619781,-0.07320092045969373
0.009562712662655855,0.9294140729619781,-0.07320092045969374
0.009825574967865614,0.9294140729619781,-0.07320092045969374
0.010095662899729421,0.9294140729619781,-0.07320092045969376
0.01037317507813116,0.9294140729619781,-0.07320092045969376
0.01065831558266922,0.9294140729619781,-0.07320092045969377
0.010951294102734406,0.929414072961978,-0.07320092045969379
0.011252326091713494,0.929414072961978,-0.07320092045969379
0.01156163292543135,0.929414072961978,-0.0732009204596938
0.011879442064948474,0.929414072961978,-0.07320092045969381
0.01220598722383343,0.929414072961978,-0.07320092045969383
0.012541508540033537,0.929414072961978,-0.07320092045969384
0.01288625275246975,0.929414072961978,-0.07320092045969386
0.013240473382485973,0.929414072961978,-0.07320092045969387
0.013604430920285931,0.929414072961978,-0.07320092045969387
0.013978393016495156,0.929414072961978,-0.07320092045969388
0.014362634678988384,0.929414072961978,-0.0732009204596939
0.01475743847512757,0.9294140729619779,-0.07320092045969391
0.015163094739558907,0.9294140729619779,-0.07320092045969394
0.015579901787722106,0.9294140729619779,-0.07320092045969395
0.016008166135228378,0.9294140729619779,-0.07320092045969398
0.01644820272326893,0.9294140729619779,-0.073200920459694
0.01690033515021933,0.9294140729619778,-0.07320092045969402
0.017364895909610625,0.9294140729619778,-0.07320092045969405
0.017842226634641533,0.9294140729619778,-0.07320092045969408
0.01833267834941204,0.9294140729619778,-0.0732009204596941
0.01883661172706276,0.9294140729619778,-0.07320092045969412
0.019354397355010485,0.9294140729619776,-0.07320092045969415
0.01988641600747418,0.9294140729619776,-0.07320092045969417
0.020433058925492544,0.9294140729619776,-0.07320092045969422
0.02099472810463842,0.9294140729619776,-0.07320092045969424
0.021571836590642504,0.9294140729619775,-0.07320092045969429
0.022164808783142708,0.9294140729619775,-0.07320092045969431
0.02277408074778341,0.9294140729619775,-0.07320092045969435
0.02340010053689343,0.9294140729619774,-0.07320092045969441
0.024043328518979383,0.9294140729619774,-0.07320092045969445
0.02470423771727576,0.9294140729619774,-0.0732009204596945
0.025383314157601422,0.9294140729619773,-0.07320092045969455
0.0260810572257778,0.9294140729619773,-0.0732009204596946
0.02679798003487239,0.9294140729619772,-0.07320092045969465
0.027534609802536584,0.9294140729619772,-0.07320092045969472
0.02829148823871626,0.9294140729619771,-0.07320092045969477
0.02906917194401943,0.9294140729619771,-0.07320092045969484
0.029868232819034952,0.929414072961977,-0.07320092045969491
0.03068925848490211,0.9294140729619769,-0.07320092045969498
0.031532852715441255,0.9294140729619769,-0.07320092045969505
0.03239963588116263,0.9294140729619768,-0.07320092045969513
0.0332902454054808,0.9294140729619768,-0.07320092045969522
0.034205336233469094,0.9294140729619766,-0.0732009204596953
0.035145581313499284,0.9294140729619765,-0.07320092045969538
0.036111672092121266,0.9294140729619764,-0.07320092045969549
0.03710431902254546,0.9294140729619763,-0.0732009204596956
0.03812425208710296,0.9294140729619762,-0.0732009204596957
0.03917222133406668,0.9294140729619762,-0.07320092045969581
0.040248997429229605,0.929414072961976,-0.07320092045969594
0.041355372222644196,0.9294140729619759,-0.07320092045969606
0.04249215933094089,0.9294140729619758,-0.07320092045969619
0.043660194735653066,0.9294140729619756,-0.07320092045969633
0.04486033739798977,0.9294140729619755,-0.07320092045969648
0.04609346989050661,0.9294140729619754,-0.07320092045969663
0.04736049904614069,0.9294140729619752,-0.0732009204596968
0.04866235662508582,0.9294140729619751,-0.07320092045969696
0.05,0.9294140729619749,-0.07320092045969714
0.06036458333333333,0.9294140729619735,-0.07320092045969866
0.07072916666666668,0.9294140729619719,-0.07320092045970038
0.08109375,0.9294140729619701,-0.07320092045970229
0.09145833333333334,0.9294140729619682,-0.07320092045970437
0.10182291666666667,0.9294140729619661,-0.07320092045970661
0.1121875,0.929414072961964,-0.07320092045970893
0.12255208333333334,0.9294140729619617,-0.07320092045971137
0.13291666666666668,0.9294140729619594,-0.07320092045971384
0.14328125,0.929414072961957,-0.07320092045971639
0.15364583333333331,0.9294140729619547,-0.07320092045971895
0.16401041666666666,0.9294140729619523,-0.07320092045972149
0.174375,0.92941407296195,-0.073200920459724
0.18473958333333335,0.9294140729619477,-0.07320092045972644
0.1951041666666667,0.9294140729619454,-0.07320092045972883
0.20546874999999998,0.9294140729619433,-0.07320092045973109
0.21583333333333332,0.9294140729619413,-0.07320092045973323
0.22619791666666667,0.9294140729619396,-0.07320092045973521
0.2365625,0.9294140729619379,-0.07320092045973702
0.24692708333333335,0.9294140729619363,-0.07320092045973861
0.25729166666666664,0.9294140729619351,-0.07320092045973998
0.26765625,0.929414072961934,-0.07320092045974111
0.27802083333333333,0.9294140729619332,-0.07320092045974194
0.28838541666666667,0.9294140729619328,-0.0732009204597425
0.29875,0.9294140729619326,-0.07320092045974269
0.3091145833333333,0.929439046212681,-0.07317405093412784
0.31947916666666665,0.929526791219368,-0.07307964897688338
0.32984375,0.9296755083529509,-0.07291966946961377
0.34020833333333333,0.9298829335708492,-0.07269657863892819
0.3505729166666667,0.9301468122016188,-0.07241284271143589
0.36093749999999997,0.9304648975366772,-0.07207092791374609
0.3713020833333333,0.9308349494796118,-0.07167330047246799
0.38166666666666665,0.9312547332523374,-0.07122242661421084
0.39203125,0.9317220181574591,-0.07072077256558384
0.40239583333333334,0.9322345763962817,-0.07017080455319623
0.41276041666666663,0.9327901819419943,-0.06957498880365724
0.423125,0.9333866094676353,-0.06893579154357607
0.4334895833333333,0.9340216333285181,-0.06825567899956193
0.44385416666666666,0.9346930265988701,-0.06753711739822409
0.45421875,0.9353985601625057,-0.06678257296617174
0.4645833333333333,0.9361360018574156,-0.0659945119300141
0.47494791666666664,0.9369031156742198,-0.06517540051636041
0.4853125,0.9376976610084797,-0.06432770495181989
0.4956770833333333,0.9385173919669277,-0.06345389146300175
0.5060416666666667,0.9393600567277136,-0.0625564262765152
0.5164062500000001,0.9402233969548165,-0.06163777561896949
0.5267708333333333,0.9411051472668125,-0.060700405716973854
0.5371354166666666,0.942003034760224,-0.059746782797137486
0.5475,0.9429147785877158,-0.05877937308606961
0.5578645833333333,0.9438380895914276,-0.057800642810379464
0.5682291666666667,0.9447706699917651,-0.05681305819667625
0.57859375,0.9457102131319913,-0.05581908547156922
0.5889583333333334,0.9466544032789823,-0.05482119086166757
0.5993229166666667,0.9476009154805226,-0.05382184059358052
0.6096875,0.9485474154795331,-0.05282350089391732
0.6200520833333334,0.9494915596856277,-0.05182863798928717
0.6304166666666667,0.9504309952044006,-0.05083971810629931
0.6407812500000001,0.9513633599248454,-0.04985920747156293
0.6511458333333334,0.9522862826653051,-0.04888957231168729
0.6615104166666667,0.95319738337834,-0.04793327885328161
0.671875,0.9540942734148941,-0.046992793322955084
0.6822395833333333,0.9549745558481173,-0.046070581947316946
0.6926041666666667,0.9558358258571874,-0.04516911095297643
0.70296875,0.9566756711714456,-0.04429084656654275
0.7133333333333334,0.9574916725751329,-0.04343825501462513
0.7236979166666667,0.9582814044729823,-0.042613802523832796
0.7340625000000001,0.959042435516882,-0.041819955320774954
0.7444270833333334,0.9597723292937848,-0.04105917963206085
0.7547916666666667,0.9604686450749937,-0.04033394168429969
0.7651562500000001,0.9611289386269003,-0.03964670770410071
0.7755208333333333,0.9617507630832012,-0.03899994391807313
0.7858854166666667,0.9623316698785576,-0.038396116552826154
0.79625,0.9628692097435995,-0.03783769183496902
0.8066145833333334,0.9633708687253032,-0.037316823228139576
0.8169791666666667,0.963870908927195,-0.03679790523984068
0.82734375,0.9643723769212649,-0.036277775846360445
0.8377083333333334,0.964875177229206,-0.03575653603113481
0.8480729166666667,0.9653792141752718,-0.03523428677759976
0.8584375000000001,0.9658843918849894,-0.03471112906919125
0.8688020833333334,0.9663906142839676,-0.03418716388934525
0.8791666666666667,0.9668977850967997,-0.03366249222149772
0.88953125,0.9674058078460634,-0.03313721504908461
0.8998958333333333,0.9679145858514157,-0.03261143335554189
0.9102604166666667,0.968424022228784,-0.03208524812430552
0.920625,0.9689340198896554,-0.031558760338811484
0.9309895833333334,0.9694444815404625,-0.031032070982495722
0.9413541666666667,0.9699553096820657,-0.030505281038794203
0.9517187500000001,0.9704664066093353,-0.02997849149114289
0.9620833333333334,0.9709776744108302,-0.029451803322977744
0.9724479166666667,0.9714890149685766,-0.028925317517734726
0.9828125000000001,0.9720003299579444,-0.028399135058849806
0.9931770833333333,0.9725115208476239,-0.027873356929758952
1.0035416666666666,0.973022488899702,-0.02734808411389812
1.01390625,0.9735331351698379,-0.026823417594703254
1.0242708333333332,0.9740433605075401,-0.026299458355610348
1.0346354166666667,0.9745530655565444,-0.025776307380055336
1.045,0.9750621507552913,-0.025254065651474207
1.0553645833333334,0.9755705163375071,-0.024732834153302904
1.0657291666666666,0.9760780623328859,-0.024212713868977408
1.07609375,0.9765846885678735,-0.02369380578193366
1.0864583333333333,0.9770902946665551,-0.023176210875607648
1.0968229166666668,0.9775947800516444,-0.022660030133435306
1.1071875,0.9780980439455774,-0.022145364538852626
1.1175520833333334,0.9785999853717096,-0.021632315075295543
1.1279166666666667,0.979100503155616,-0.021120982726200048
1.1382812500000001,0.9795994959264979,-0.02061146847500208
1.1486458333333334,0.9800968621186913,-0.020103873305137618
1.1590104166666666,0.980592499973283,-0.01959829820004262
1.169375,0.9810863075398312,-0.019094844143153038
1.1797395833333333,0.9815781826781905,-0.018593612117904855
1.1901041666666667,0.9820680230604454,-0.01809470310773401
1.20046875,0.9825557261729477,-0.017598218096076486
1.2108333333333334,0.9830411893184621,-0.017104258066368234
1.2211979166666667,0.983524309618418,-0.016612924002045226
1.2315625000000001,0.9840049840152689,-0.01612431688654341
1.2419270833333333,0.9844831092749592,-0.015638537703298774
1.2522916666666668,0.9849585819894985,-0.015155687435747248
1.26265625,0.9854312985796443,-0.01467586706732483
1.2730208333333333,0.9859011552976934,-0.01419917758146746
1.2833854166666667,0.986368048230381,-0.013725719961611095
1.29375,0.9868318733018892,-0.013255595191191724
1.3041145833333334,0.9872925262769646,-0.01278890425364528
1.3144791666666666,0.9877499027641456,-0.012325748132407749
1.32484375,0.9882038982190982,-0.011866227810915078
1.3352083333333333,0.9886544079480621,-0.011410444272603248
1.3455729166666668,0.9891013271114079,-0.0109584985009082
1.3559375,0.9895445507273022,-0.010510491479265912
1.3663020833333335,0.9899839736754853,-0.010066524191112338
1.3766666666666667,0.9904194907011579,-0.009626697619883454
1.38703125,0.9908509964189789,-0.009191112749015212
1.3973958333333334,0.9912783853171748,-0.008759870561943568
1.4077604166666666,0.9917015517617592,-0.008333072042104503
1.418125,0.9921203900008634,-0.007910818172933962
1.4284895833333333,0.9925347941691788,-0.007493209937867924
1.4388541666666668,0.9929446582925104,-0.0070803483203423345
1.44921875,0.9933498762924416,-0.0066723343037931775
1.4595833333333335,0.9937503419911108,-0.006269268871656393
1.4699479166666667,0.9941459491160985,-0.0058712530073679586
1.4803125000000001,0.9945365913054285,-0.005478387694363835
1.4906770833333334,0.994922162112677,-0.0050907739160799825
1.5010416666666666,0.9953025550121977,-0.00470851265595237
1.51140625,0.9956776634044544,-0.004331704897416943
1.5217708333333333,0.9960473806214684,-0.00396045162390969
1.5321354166666667,0.996411599932376,-0.0035948538188665473
1.5425,0.996770214549098,-0.003235012465723496
1.5528645833333334,0.9971231176321204,-0.002881028547916489
1.5632291666666667,0.997470202296387,-0.002533003048881503
1.5735937500000001,0.9978113616173037,-0.0021910369520544816
1.5839583333333334,0.9981464886368524,-0.0018552312408714085
1.5943229166666668,0.9984754763698186,-0.001525686898768224
1.6046875,0.9987982178101272,-0.001202504909180912
1.6150520833333333,0.9991146059372916,-0.0008857862555454185
1.6254166666666667,0.9994245337229718,-0.0005756319212977118
1.63578125,0.9997278941376435,-0.0002721428898737662
1.6461458333333334,1.0000245801573775,2.4579855290475863e-05
1.6565104166666667,1.0003144847707295,0.00031443533075903307
1.666875,1.0005975009857377,0.0005973225530959587
1.6772395833333333,1.000873521837033,0.0008731405388652802
1.6876041666666668,1.001142440393056,0.0011417883046310334
1.69796875,1.0014041497633828,0.0014031648669572613
1.7083333333333333,1.0016585431061604,0.001657169242407993
1.7186979166666667,1.0019055136356507,0.0019037004475472748
1.7290625,1.00214495462988,0.0021426574989391375
1.7394270833333334,1.0023767594383979,0.0023739394131476275
1.7497916666666666,1.002600821490142,0.0025974452067367756
1.76015625,1.0028170343014102,0.0028130738962706178
1.7705208333333333,1.003025291483938,0.0030207244983131865
1.7808854166666668,1.0032254867530805,0.0032202960294285335
1.79125,1.0034175139361023,0.0034116875061806756
1.8016145833333335,1.0036012669805692,0.0035947979451336712
1.8119791666666667,1.003776639962844,0.003769526362851546
1.82234375,1.0039435270966874,0.00393577177589834
1.8327083333333334,1.0041018227419591,0.00409343320083809
1.8430729166666666,1.0042514214134235,0.004242409654234825
1.8534375,1.0043922177896545,0.004382600152652596
1.8638020833333333,1.0045241067220432,0.004513903712655431
1.8741666666666668,1.004646983243903,0.00463621935080738
1.88453125,1.0047607425796756,0.004749446083672459
1.8948958333333334,1.004865280154237,0.004853482927814724
1.9052604166666667,1.0049604916022972,0.004948228899798207
1.9156250000000001,1.0050462727778997,0.005033583016186938
1.9259895833333334,1.0051225197640168,0.00510944429354496
1.9363541666666666,1.0051891288822394,0.005175711748436309
1.94671875,1.0052459967025615,0.005232284397425027
1.9570833333333333,1.0052930200532568,0.005279061257075144
1.9674479166666667,1.0053300960308502,0.005315941343950695
1.9778125,1.0053571220101782,0.005342823674615735
1.9881770833333334,1.0053739956545416,0.005359607265634281
1.9985416666666667,1.0053806149259454,0.005366191133570373
2.00890625,1.0053807175254206,0.005366293183946565
2.019270833333333,1.0053807174574536,0.005366293116343238
2.029635416666667,1.0053807172586013,0.005366292918555233
2.04,1.005380716858469,0.005366292520564302
2.0503645833333333,1.0053807161866612,0.005366291852352199
2.0607291666666665,1.0053807151727836,0.005366290843900678
2.0710937499999997,1.0053807137464408,0.005366289425191492
2.081458333333333,1.0053807118372378,0.005366287526206395
2.0918229166666666,1.0053807093747797,0.005366285076927142
2.1021875,1.0053807062886715,0.005366282007335484
2.112552083333333,1.005380702508518,0.005366278247413175
2.1229166666666663,1.0053806979639246,0.005366273727141971
2.13328125,1.0053806925844961,0.005366268376503624
2.1436458333333333,1.0053806862998376,0.005366262125479887
2.1540104166666665,1.005380679039554,0.005366254904052515
2.1643749999999997,1.0053806707332504,0.005366246642203261
2.174739583333333,1.0053806613105318,0.005366237269913878
2.1851041666666666,1.0053806507010035,0.005366226717166121
2.19546875,1.00538063883427,0.005366214913941743
2.205833333333333,1.005380625639937,0.005366201790222497
2.2161979166666663,1.0053806110476091,0.0053661872759901376
2.2265625,1.0053805949868915,0.005366171301226417
2.2369270833333332,1.0053805773873892,0.005366153795913092
2.2472916666666665,1.0053805581787076,0.0053661346900319125
2.2576562499999997,1.0053805372904516,0.005366113913564634
2.268020833333333,1.0053805146522263,0.00536609139649301
2.2783854166666666,1.0053804901936367,0.0053660670687987935
2.28875,1.0053804638442885,0.005366040860463739
2.299114583333333,1.0053804355337863,0.0053660127014696
2.3094791666666663,1.0053804051917354,0.00536598252179813
2.31984375,1.0053803727477413,0.005365950251431082
2.330208333333333,1.0053803381314088,0.00536591582035021
2.3405729166666664,1.0053803012723437,0.005365879158537268
2.3509374999999997,1.0053802621001509,0.00536584019597401
2.3613020833333334,1.0053802205444358,0.005365798862642188
2.3716666666666666,1.0053801765348036,0.005365755088523557
2.38203125,1.00538013000086,0.005365708803599871
2.392395833333333,1.0053800808722102,0.005365659937852882
2.4027604166666663,1.0053800290784596,0.0053656084212643455
2.413125,1.0053799745492136,0.0053655541838160134
2.423489583333333,1.005379917214078,0.00536549715548964
2.4338541666666664,1.005379857002658,0.00536543726626698
2.4442187499999997,1.0053797938445594,0.005365374446129785
2.4545833333333333,1.0053797276693879,0.00536530862505981
2.4649479166666666,1.005379658406749,0.005365239733038809
2.4753125,1.0053795859862484,0.0053651677000485344
2.485677083333333,1.005379510337492,0.00536509245607074
2.4960416666666663,1.0053794313900857,0.005365013931087181
2.50640625,1.0053793490736351,0.0053649320550796095
2.516770833333333,1.0053792633177463,0.005364846758029779
2.5271354166666664,1.0053791740520253,0.005364757969919445
2.5374999999999996,1.005379081206078,0.005364665620730358
2.5478645833333333,1.005378984709511,0.0053645696404442745
2.5582291666666666,1.0053788844919298,0.005364469959042946
2.56859375,1.005378780482941,0.005364366506508128
2.578958333333333,1.0053786726121512,0.005364259212821573
2.5893229166666667,1.0053785608091663,0.005364148007965036
2.5996875,1.0053784450035932,0.005364032821920268
2.610052083333333,1.005378325125038,0.005363913584669025
2.6204166666666664,1.0053782011031076,0.005363790226193059
2.6307812499999996,1.0053780728674089,0.005363662676474126
2.6411458333333333,1.0053779403475485,0.005363530865493977
2.6515104166666665,1.005377803473133,0.005363394723234367
2.6618749999999998,1.0053776621737702,0.005363254179677049
2.672239583333333,1.0053775163790666,0.005363109164803777
2.6826041666666667,1.0053773660186294,0.005362959608596305
2.69296875,1.005377211022066,0.005362805441036386
2.703333333333333,1.0053770513189837,0.0053626465921057746
2.7136979166666664,1.0053768868389903,0.005362482991786223
2.7240624999999996,1.0053767175116932,0.005362314570059486
2.7344270833333333,1.0053765432667003,0.005362141256907316
2.7447916666666665,1.0053763640336195,0.005361962982311468
2.7551562499999998,1.0053761797420584,0.005361779676253695
2.765520833333333,1.0053759903216255,0.005361591268715751
2.7758854166666667,1.005375795701929,0.005361397689679389
2.78625,1.0053755958125772,0.005361198869126362
2.796614583333333,1.0053753905831786,0.005360994737038425
2.8069791666666664,1.005375179943342,0.005360785223397332
2.8173437499999996,1.0053749638226759,0.005360570258184836
2.8277083333333333,1.0053747421507897,0.005360349771382689
2.8380729166666665,1.0053745148572921,0.005360123692972648
2.8484374999999997,1.0053742818717928,0.005359891952936463
2.858802083333333,1.0053740431239007,0.00535965448125589
2.8691666666666666,1.0053737985432258,0.0053594112079126816
2.87953125,1.0053735480593777,0.0053591620628885926
2.889895833333333,1.0053732916019664,0.005358906976165375
2.9002604166666663,1.0053730291006022,0.005358645877724784
2.910625,1.005372760484895,0.005358378697548572
2.9209895833333333,1.0053724856844555,0.005358105365618494
2.9313541666666665,1.0053722046288942,0.0053578258119163025
2.9417187499999997,1.0053719172478224,0.005357539966423751
2.952083333333333,1.0053716234708505,0.005357247759122594
2.9624479166666666,1.0053713232275905,0.0053569491199945835
2.9728125,1.0053710164476535,0.005356643979021475
2.983177083333333,1.005370703060651,0.005356332266185022
2.9935416666666663,1.0053703829961953,0.005356013911466977
3.00390625,1.0053700561838983,0.005355688844849094
3.0142708333333332,1.0053697225533724,0.005355356996313127
3.0246354166666665,1.0053693820342302,0.00535501829584083
3.0349999999999997,1.0053690345560844,0.005354672673413956
3.045364583333333,1.0053686800485484,0.005354320059014258
3.0557291666666666,1.0053683184412352,0.005353960382623491
3.06609375,1.0053679496637584,0.005353593574223408
3.076458333333333,1.005367573645732,0.005353219563795762
3.0868229166666663,1.0053671903167698,0.005352838281322308
3.0971875,1.0053667996064863,0.005352449656784798
3.107552083333333,1.0053664014444963,0.005352053620164987
3.1179166666666664,1.0053659957604142,0.005351650101444628
3.1282812499999997,1.0053655824838557,0.0053512390306054754
3.1386458333333334,1.005365161544436,0.005350820337629281
3.1490104166666666,1.0053647328717707,0.005350393952497801
3.159375,1.005364296395476,0.005349959805192787
3.169739583333333,1.0053638520451684,0.005349517825695994
3.1801041666666663,1.0053633997504645,0.005349067943989174
3.19046875,1.005362939440981,0.0053486100900540815
3.200833333333333,1.0053624710463356,0.005348144193872471
3.2111979166666664,1.0053619944961456,0.005347670185426095
3.2215624999999997,1.005361509720029,0.005347187994696708
3.2319270833333333,1.0053610166476044,0.005346697551666062
3.2422916666666666,1.00536051520849,0.005346198786315912
3.25265625,1.0053600053323046,0.005345691628628011
3.263020833333333,1.0053594869486684,0.005345176008584114
3.2733854166666663,1.0053589599872002,0.005344651856165973
3.28375,1.0053584243775204,0.005344119101355343
3.294114583333333,1.0053578800492498,0.005343577674133976
3.3044791666666664,1.0053573269320086,0.005343027504483627
3.3148437499999996,1.0053567649554183,0.005342468522386049
3.3252083333333333,1.0053561940491003,0.005341900657822996
3.3355729166666666,1.0053556141426767,0.005341323840776221
3.3459375,1.00535502516577,0.005340738001227478
3.356302083333333,1.0053544270480026,0.00534014306915852
3.3666666666666663,1.0053538197189982,0.005339538974551103
3.37703125,1.00535320310838,0.005338925647386978
3.387395833333333,1.0053525771457723,0.0053383030176479
3.3977604166666664,1.0053519417607997,0.005337671015315622
3.4081249999999996,1.0053512968830867,0.005337029570371897
3.4184895833333333,1.0053506424422591,0.0053363786127984805
3.4288541666666665,1.0053499783679425,0.005335718072577125
3.4392187499999998,1.0053493045897632,0.005335047879689584
3.449583333333333,1.0053486210373483,0.005334367964117612
3.4599479166666667,1.0053479276403245,0.005333678255842961
3.4703125,1.00534722432832,0.005332978684847386
3.480677083333333,1.0053465110309625,0.00533226918111264
3.4910416666666664,1.0053457876778813,0.005331549674620477
3.5014062499999996,1.0053450541987052,0.00533082009535265
3.5117708333333333,1.005344310523064,0.005330080373290915
3.5221354166666665,1.005343556580588,0.005329330438417022
3.5324999999999998,1.0053427923009077,0.005328570220712727
3.542864583333333,1.005342017613655,0.005327799650159783
3.5532291666666667,1.0053412324484612,0.005327018656739944
3.56359375,1.0053404367349588,0.005326227170434962
3.573958333333333,1.0053396304027806,0.005325425121226594
3.5843229166666664,1.0053388133815604,0.00532461243909659
3.5946874999999996,1.0053379856009321,0.005323789054026706
3.6050520833333333,1.0053371469905303,0.005322954895998695
3.6154166666666665,1.0053362974799902,0.00532210989499431
3.6257812499999997,1.0053354369989478,0.005321253980995305
3.636145833333333,1.0053345654770394,0.005320387083983433
3.6465104166666666,1.0053336828439017,0.00531950913394045
3.656875,1.0053327890291728,0.0053186200608481065
3.667239583333333,1.0053318839624907,0.005317719794688158
3.6776041666666663,1.0053309675734945,0.005316808265442359
3.68796875,1.0053300397918234,0.005315885403092461
3.6983333333333333,1.0053291005471179,0.005314951137620218
3.7086979166666665,1.0053281497690183,0.0053140053990073845
3.7190624999999997,1.0053271873871668,0.005313048117235714
3.729427083333333,1.0053262133312049,0.0053120792222869605
3.7397916666666666,1.0053252275307758,0.005311098644142876
3.75015625,1.0053242299155227,0.0053101063127852155
3.760520833333333,1.0053232204150901,0.005309102158195732
3.7708854166666663,1.005322198959123,0.00530808611035618
3.78125,1.0053211654772667,0.005307058099248313
3.7916145833333332,1.0053201198991677,0.005306018054853884
3.8019791666666665,1.005319062154473,0.005304965907154646
3.8123437499999997,1.0053179921728304,0.005303901586132353
3.822708333333333,1.0053169098838886,0.005302825021768761
3.8330729166666666,1.0053158152172967,0.0053017361440456205
3.8434375,1.0053147081027047,0.005300634882944686
3.853802083333333,1.005313588469764,0.005299521168447712
3.8641666666666663,1.0053124562481255,0.005298394930536452
3.87453125,1.005311311367442,0.0052972560991926595
3.884895833333333,1.0053101537573663,0.0052961046043980865
3.8952604166666664,1.005308983347553,0.00529494037613449
3.9056249999999997,1.0053078000676565,0.00529376334438362
3.9159895833333334,1.0053066038473326,0.005292573439127232
3.9263541666666666,1.0053053946162378,0.0052913705903470795
3.93671875,1.0053041723040292,0.005290154728024916
3.947083333333333,1.0053029368403652,0.005288925782142496
3.9574479166666663,1.0053016881549048,0.0052876836826815715
3.9678125,1.005300426177308,0.005286428359623898
3.978177083333333,1.005299150837235,0.005285159742951227
3.9885416666666664,1.0052978620643485,0.005283877762645313
3.9989062499999997,1.00529655978831,0.00528258234868791
4.009270833333334,1.0052952439387834,0.0052812734310607725
4.019635416666667,1.0052939144454334,0.005279950939745652
4.03,1.005292571237925,0.005278614804724304
4.040364583333333,1.0052912142459243,0.005277264955978481
4.050729166666667,1.0052898433990989,0.005275901323489937
4.0610937499999995,1.0052884586271165,0.005274523837240425
4.071458333333333,1.0052870598596466,0.0052731324272117
4.081822916666667,1.005285647026359,0.005271727023385514
4.0921875,1.005284220056925,0.005270307555743623
4.102552083333333,1.0052827788810166,0.005268873954267779
4.112916666666666,1.0052813234283067,0.005267426148939735
4.12328125,1.0052798536284695,0.0052659640697412455
4.1336458333333335,1.0052783694111802,0.005264487646654064
4.144010416666666,1.0052768707061148,0.005262996809659944
4.154375,1.0052753574429507,0.00526149148874064
4.164739583333333,1.005273829551366,0.005259971613877905
4.175104166666666,1.0052722869610398,0.005258437115053491
4.18546875,1.0052707296016528,0.005256887922249155
4.195833333333333,1.0052691574028862,0.005255323965446648
4.2061979166666665,1.0052675702944227,0.005253745174627725
4.2165625,1.0052659682059462,0.005252151479774139
4.226927083333333,1.005264351067141,0.005250542810867643
4.237291666666667,1.0052627188076935,0.0052489190978899924
4.2476562499999995,1.0052610713572903,0.005247280270822939
4.258020833333333,1.00525940864562,0.005245626259648238
4.268385416666667,1.0052577306023716,0.005243956994347642
4.27875,1.0052560371572357,0.005242272404902904
4.289114583333333,1.005254328239904,0.005240572421295779
4.299479166666666,1.0052526037800698,0.005238856973508021
4.30984375,1.0052508637074264,0.005237125991521382
4.320208333333333,1.0052491079516699,0.005235379405317616
4.330572916666666,1.0052473364424965,0.005233617144878478
4.3409375,1.0052455491096037,0.00523183914018572
4.351302083333334,1.005243745882691,0.005230045321221097
4.361666666666666,1.0052419266914585,0.005228235617966362
4.37203125,1.0052400914656074,0.005226409960403267
4.382395833333333,1.005238240134841,0.005224568278513569
4.3927604166666665,1.0052363726288631,0.005222710502279019
4.403125,1.0052344888773792,0.005220836561681371
4.413489583333333,1.0052325888100961,0.0052189463867023805
4.423854166666667,1.0052306723567217,0.005217039907323798
4.434218749999999,1.0052287394469654,0.0052151170535273805
4.444583333333333,1.005226790010538,0.005213177755294879
4.454947916666667,1.0052248239771515,0.005211221942608048
4.4653125,1.0052228412765196,0.005209249545448642
4.475677083333333,1.0052208418383568,0.005207260493798414
4.486041666666666,1.0052188255923793,0.005205254717639117
4.49640625,1.005216792468305,0.005203232146952505
4.506770833333333,1.005214742395853,0.005201192711720332
4.517135416666666,1.0052126753047437,0.005199136341924352
4.5275,1.005210591124699,0.005197062967546318
4.5378645833333335,1.005208489785442,0.005194972518567983
4.548229166666666,1.005206371216698,0.005192864924971102
4.55859375,1.0052042353481931,0.005190740116737427
4.568958333333333,1.005202082109655,0.005188598023848713
4.5793229166666665,1.0051999114308132,0.0051864385762867135
4.5896875,1.0051977232413984,0.0051842617040331815
4.600052083333333,1.005195517471143,0.0051820673370698705
4.610416666666667,1.0051932940497812,0.005179855405378535
4.620781249999999,1.0051910529070478,0.005177625838940929
4.631145833333333,1.0051887939726802,0.005175378567738804
4.641510416666667,1.005186517176417,0.005173113521753916
4.6518749999999995,1.005184222447998,0.005170830630968018
4.662239583333333,1.0051819097171655,0.005168529825362863
4.672604166666667,1.0051795789136624,0.005166211034920204
4.68296875,1.005177229967234,0.005163874189621796
4.693333333333333,1.0051748628076267,0.0051615192194493925
4.703697916666666,1.005172477364589,0.005159146054384747
4.7140625,1.0051700735678706,0.005156754624409612
4.7244270833333335,1.0051676513472234,0.0051543448595057426
4.734791666666666,1.0051652106324005,0.005151916689654892
4.74515625,1.0051627513531571,0.005149470044838813
4.755520833333333,1.0051602734392497,0.005147004855039261
4.765885416666666,1.0051577768204372,0.005144521050237988
4.77625,1.0051552614264794,0.0051420185604167485
4.786614583333333,1.0051527271871383,0.005139497315557295
4.796979166666667,1.0051501740321775,0.005136957245641383
4.807343749999999,1.005147601891363,0.005134398280650765
4.817708333333333,1.0051450106944615,0.005131820350567194
4.828072916666667,1.0051424003712426,0.0051292233853724245
4.8384374999999995,1.0051397708514769,0.005126607315048211
4.848802083333333,1.0051371220649372,0.005123972069576305
4.859166666666667,1.0051344539413982,0.005121317578938462
4.86953125,1.0051317664106363,0.0051186437731164346
4.879895833333333,1.0051290594024298,0.005115950582091976
4.890260416666666,1.005126332846559,0.0051132379358468415
4.900625,1.005123586672806,0.005110505764362784
4.9109895833333335,1.005120820810955,0.005107753997621556
4.921354166666666,1.0051180351907916,0.005104982565604913
4.93171875,1.005115229742104,0.005102191398294607
4.942083333333333,1.005112404394682,0.005099380425672393
4.952447916666666,1.0051095590783174,0.005096549577720023
4.9628125,1.0051066937228041,0.0050936987844192524
4.973177083333333,1.005103808257938,0.0050908279757518335
4.9835416666666665,1.0051009026135167,0.00508793708169952
4.99390625,1.0050979767193402,0.005085026032244067
5.004270833333333,1.0050950305052104,0.005082094757367227
5.014635416666667,1.005092063900931,0.005079143187050753
5.0249999999999995,1.0050890768363085,0.0050761712512764
5.035364583333333,1.005086069241151,0.005073178880025921
5.045729166666667,1.005083041045268,0.005070166003281069
5.05609375,1.0050799921784725,0.005067132551023599
5.066458333333333,1.0050769225705787,0.005064078453235264
5.076822916666666,1.0050738321514034,0.005061003639897817
5.0871875,1.005070720850765,0.005057908040993013
5.097552083333333,1.0050675885984846,0.005054791586502603
5.107916666666666,1.0050644353243852,0.005051654206408344
5.11828125,1.0050612609582923,0.0050484958306919875
5.128645833333334,1.0050580654300332,0.005045316389335287
5.139010416666666,1.0050548486694377,0.005042115812319998
5.149375,1.0050516106063376,0.0050388940296278726
5.159739583333333,1.0050483511705677,0.005035650971240665
5.1701041666666665,1.005045070291964,0.005032386567140128
5.18046875,1.0050417679003654,0.005029100747308017
5.190833333333333,1.005038443925613,0.005025793441726083
5.201197916666667,1.0050350982975502,0.005022464580376082
5.211562499999999,1.005031730946023,0.0050191140932397665
5.221927083333333,1.0050283418008792,0.00501574191029889
5.232291666666667,1.0050249307919696,0.005012347961535207
5.24265625,1.0050214978491467,0.005008932176930471
5.253020833333333,1.005018042902266,0.005005494486466434
5.263385416666666,1.0050145658811849,0.005002034820124852
5.27375,1.0050110667157637,0.004998553107887477
5.284114583333333,1.0050075453358647,0.004995049279736064
5.294479166666666,1.0050040016713533,0.004991523265652365
5.30484375,1.0050004356520963,0.004987974995618134
5.3152083333333335,1.0049968472079642,0.004984404399615126
5.325572916666666,1.0049932362688292,0.004980811407625093
5.3359375,1.0049896027645664,0.00497719594962979
5.346302083333333,1.004985946625053,0.00497355795561097
5.3566666666666665,1.0049822677801694,0.004969897355550386
5.36703125,1.0049785661597979,0.004966214079429792
5.377395833333333,1.0049748416938238,0.004962508057230942
5.387760416666667,1.0049710943121348,0.00495877921893559
5.398124999999999,1.0049673239446217,0.004955027494525489
5.408489583333333,1.004963530521177,0.0049512528139823925
5.418854166666667,1.0049597139716966,0.004947455107288054
5.4292187499999995,1.004955874226079,0.004943634304424229
5.439583333333333,1.004952011214225,0.004939790335372668
5.449947916666667,1.0049481248660381,0.004935923130115127
5.4603125,1.0049442151114252,0.004932032618633358
5.470677083333333,1.0049402818802953,0.004928118730909117
5.481041666666666,1.0049363251025603,0.004924181396924156
5.49140625,1.0049323447081346,0.004920220546660228
5.5017708333333335,1.0049283406269358,0.004916236110099087
5.512135416666666,1.0049243127888843,0.0049122280172224884
5.5225,1.0049202611239028,0.004908196198012183
5.532864583333333,1.0049161855619175,0.004904140582449927
5.543229166666666,1.0049120860328569,0.004900061100517473
5.55359375,1.0049079624666524,0.004895957682196574
5.563958333333333,1.0049038147932388,0.004891830257468985
5.574322916666667,1.0048996429425532,0.004887678756316458
5.584687499999999,1.004895446844536,0.004883503108720748
5.595052083333333,1.0048912264291303,0.004879303244663608
5.605416666666667,1.004886981626282,0.0048750790941267915
5.6157812499999995,1.0048827123659405,0.0048708305870920525
5.626145833333333,1.0048784185780575,0.0048665576535411445
5.636510416666667,1.0048741001925885,0.004862260223455821
5.646875,1.0048697571394911,0.004857938226817836
5.657239583333333,1.0048653893487267,0.004853591593608943
5.667604166666666,1.0048609967502595,0.0048492202538108955
5.67796875,1.0048565792740562,0.0048448241374054474
5.6883333333333335,1.0048521368500878,0.004840403174374351
5.698697916666666,1.004847669408327,0.004835957294699362
5.7090625,1.0048431768787507,0.004831486428362233
5.719427083333333,1.0048386591913383,0.004826990505344718
5.729791666666666,1.0048341162760728,0.004822469455628569
5.74015625,1.00482954806294,0.004817923209195542
5.750520833333333,1.004824954481929,0.00481335169602739
5.7608854166666665,1.0048203354630323,0.004808754846105865
5.77125,1.0048156909362456,0.004804132589412723
5.781614583333333,1.0048110208315673,0.004799484855929716
5.791979166666667,1.0048063250789996,0.004794811575638598
5.8023437499999995,1.0048016036085479,0.004790112678521123
5.812708333333333,1.0047968563502208,0.0047853880945590435
5.823072916666667,1.0047920832340302,0.004780637753734115
5.8334375,1.0047872841899916,0.00477586158602809
5.843802083333333,1.0047824591481234,0.004771059521422722
5.854166666666666,1.0047776080384476,0.004766231489899765
5.86453125,1.0047727307909895,0.004761377421440972
5.874895833333333,1.004767827335778,0.004756497246028098
5.885260416666666,1.0047628976028453,0.004751590893642896
5.895625,1.004757941522227,0.0047466582942671184
5.905989583333334,1.0047529590239621,0.004741699377882521
5.916354166666666,1.0047479500380934,0.004736714074470855
5.92671875,1.0047429144946665,0.0047317023140138765
5.937083333333333,1.0047378523237314,0.004726664026493337
5.9474479166666665,1.0047327634553411,0.004721599141890992
5.9578125,1.0047276478195521,0.004716507590188593
5.968177083333333,1.0047225053464248,0.004711389301367896
5.978541666666667,1.0047173359660229,0.004706244205410653
5.988906249999999,1.0047121396084138,0.004701072232298618
5.999270833333333,1.0047069162036686,0.004695873312013545
6.009635416666667,1.004701665681862,0.004690647374537188
6.02,1.0046963879730721,0.004685394349851299
6.030364583333333,1.0046910830073812,0.004680114167937633
6.040729166666666,1.004685750714875,0.004674806758777943
6.05109375,1.0046803910256428,0.004669472052353983
6.061458333333333,1.0046750038697778,0.004664109978647507
6.071822916666666,1.004669589177377,0.004658720467640268
6.0821875,1.004664146878541,0.004653303449314019
6.0925520833333335,1.0046586769033747,0.004647858853650515
6.102916666666666,1.004653179181986,0.00464238661063151
6.11328125,1.004647653644487,0.004636886650238756
6.123645833333333,1.0046421002209942,0.004631358902454007
6.1340104166666665,1.004636518841627,0.004625803297259017
6.144375,1.0046309094365096,0.00462021976463554
6.154739583333333,1.0046252719357693,0.004614608234565329
6.165104166666667,1.004619606269538,0.004608968637030138
6.175468749999999,1.0046139123679512,0.00460330090201172
6.185833333333333,1.0046081901611483,0.00459760495949183
6.196197916666667,1.004602439579273,0.0045918807394522195
6.2065624999999995,1.004596660552473,0.004586128171874644
6.216927083333333,1.0045908530108996,0.0045803471867408565
6.227291666666667,1.0045850168847084,0.004574537714032611
6.23765625,1.0045791521040592,0.0045686996837316605
6.248020833333333,1.004573258599116,0.004562833025819758
6.258385416666666,1.0045673363000467,0.0045569376702786595
6.26875,1.004561385137023,0.004551013547090117
6.2791145833333335,1.0045554050402212,0.004545060586235883
6.289479166666666,1.0045493959398217,0.004539078717697714
6.29984375,1.0045433577660092,0.004533067871457361
6.310208333333333,1.0045372904489722,0.004527027977496579
6.320572916666666,1.004531193918904,0.004520958965797121
6.3309375,1.0045250681060016,0.004514860766340742
6.341302083333333,1.0045189129404666,0.004508733309109194
6.351666666666667,1.0045127283525046,0.00450257652408423
6.362031249999999,1.004506514272326,0.004496390341247607
6.372395833333333,1.0045002706301454,0.004490174690581075
6.382760416666667,1.004493997356181,0.0044839295020663895
6.3931249999999995,1.0044876943806567,0.004477654705685305
6.403489583333333,1.0044813616337995,0.004471350231419572
6.413854166666667,1.0044749990458417,0.004465016009250946
6.42421875,1.0044686065470196,0.004458651969161182
6.434583333333333,1.0044621840675743,0.0044522580411320315
6.444947916666666,1.004455731537751,0.00444583415514525
6.4553125,1.0044492488877996,0.004439380241182588
6.4656770833333335,1.0044427360479744,0.004432896229225803
6.476041666666666,1.0044361929485346,0.004426382049256646
6.48640625,1.0044296195197435,0.004419837631256871
6.496770833333333,1.0044230156918692,0.004413262905208233
6.507135416666666,1.0044163813951845,0.0044066578010924845
6.5175,1.0044097165599666,0.004400022248891379
6.527864583333333,1.0044030211164974,0.004393356178586671
6.5382291666666665,1.0043962949950638,0.004386659520160112
6.54859375,1.0043895381259567,0.0043799322035934585
6.558958333333333,1.0043827504394724,0.004373174158868463
6.569322916666667,1.0043759318659118,0.004366385315966879
6.5796874999999995,1.0043690823355802,0.00435956560487046
6.590052083333333,1.004362201778788,0.004352714955560959
6.600416666666667,1.0043552901258503,0.0043458332980201315
6.61078125,1.0043483473070869,0.004338920562229729
6.621145833333333,1.0043413732528228,0.004331976678171506
6.631510416666666,1.0043343678933871,0.004325001575827218
6.641875,1.004327331159115,0.004317995185178615
6.652239583333333,1.0043202629803456,0.004310957436207454
6.662604166666666,1.0043131632874231,0.004303888258895487
6.67296875,1.004306032010697,0.004296787583224467
6.683333333333333,1.0042988690805212,0.004289655339176149
6.693697916666666,1.0042916744272556,0.004282491456732285
6.7040625,1.004284447981264,0.004275295865874631
6.714427083333333,1.0042771896729157,0.004268068496584939
6.7247916666666665,1.0042698994325854,0.004260809278844963
6.73515625,1.0042625771906524,0.004253518142636456
6.745520833333333,1.004255222877501,0.004246195017941172
6.755885416666667,1.0042478364235212,0.004238839834740866
6.766249999999999,1.004240417759108,0.00423145252301729
6.776614583333333,1.004232966814661,0.004224033012752198
6.786979166666667,1.0042254835205855,0.004216581233927344
6.79734375,1.0042179678072922,0.004209097116524481
6.807708333333333,1.0042104196051966,0.004201580590525364
6.818072916666666,1.0042028388447195,0.0041940315859117444
6.8284375,1.0041952254562874,0.004186450032665378
6.838802083333333,1.0041875793703317,0.004178835860768016
6.849166666666666,1.0041799005172891,0.004171189000201416
6.85953125,1.004172188827602,0.004163509380947327
6.8698958333333335,1.004164444231718,0.004155796932987506
6.880260416666666,1.0041566666600898,0.004148051586303705
6.890625,1.0041488560431762,0.004140273270877678
6.900989583333333,1.0041410123114407,0.004132461916691179
6.9113541666666665,1.0041331353953529,0.004124617453725961
6.92171875,1.0041252252253876,0.004116739811963778
6.932083333333333,1.0041172817320247,0.004108828921386384
6.942447916666667,1.0041093048457508,0.0041008847119755314
6.952812499999999,1.0041012944970567,0.0040929071137129755
6.963177083333333,1.0040932506164397,0.004084896056580469
6.973541666666667,1.0040851731344025,0.004076851470559765
6.9839062499999995,1.004077061981453,0.004068773285632619
6.994270833333333,1.0040689170881052,0.004060661431780781
7.004635416666667,1.004060738384879,0.004052515838986009
7.015,1.0040525258022994,0.004044336437230055
7.025364583333333,1.0040442792708977,0.0040361231564946705
7.035729166666666,1.0040359987212102,0.004027875926761612
7.04609375,1.0040276840837796,0.004019594678012632
7.0564583333333335,1.0040193352891544,0.004011279340229484
7.066822916666666,1.0040109522678886,0.004002929843393922
7.0771875,1.0040025349505421,0.003994546117487699
7.087552083333333,1.003994083267681,0.00398612809249257
7.097916666666666,1.003985597149877,0.0039776756983902865
7.10828125,1.0039770765277076,0.003969188865162604
7.118645833333333,1.0039685213317566,0.003960667522791277
7.129010416666667,1.0039599314926133,0.003952111601258055
7.139374999999999,1.0039513069408734,0.003943521030544695
7.149739583333333,1.0039426476071385,0.00393489574063295
7.160104166666667,1.003933953422016,0.0039262356615045735
7.1704687499999995,1.0039252243161196,0.00391754072314132
7.180833333333333,1.0039164602200694,0.003908810855524941
7.191197916666667,1.003907661064491,0.0039000459886371916
7.2015625,1.0038988267800162,0.0038912460524598257
7.211927083333333,1.0038899572972835,0.003882410976974596
7.222291666666666,1.0038810525469368,0.0038735406921632572
7.23265625,1.003872112459627,0.003864635128007562
7.2430208333333335,1.0038631369660107,0.003855694214489264
7.253385416666666,1.003854125996751,0.0038467178815901177
7.26375,1.0038450794825169,0.003837706059291876
7.274114583333333,1.0038359973539843,0.0038286586775762924
7.284479166666666,1.0038268795418352,0.0038195756664251212
7.29484375,1.0038177259767576,0.003810456955820115
7.305208333333333,1.003808536589446,0.0038013024757430295
7.3155729166666665,1.003799311310602,0.003792112156175616
7.3259375,1.003790050070933,0.003782885927099629
7.336302083333333,1.0037807528011524,0.003773623718496823
7.346666666666667,1.0037714194319811,0.0037643254603489497
7.3570312499999995,1.0037620498941457,0.0037549910826377656
7.367395833333333,1.0037526441183802,0.003745620515345021
7.377760416666667,1.003743202035424,0.0037362136884524716
7.388125,1.0037337235760242,0.0037267705319418715
7.398489583333333,1.0037242086709337,0.0037172909757949724
7.408854166666666,1.0037146572509121,0.0037077749499935296
7.41921875,1.0037050692467264,0.0036982223845192955
7.429583333333333,1.0036954445891495,0.0036886332093540243
7.439947916666666,1.0036857832089612,0.0036790073544794707
7.4503125,1.0036760850369482,0.0036693447498773856
7.460677083333333,1.0036663500039038,0.003659645325529526
7.471041666666666,1.0036565780406284,0.0036499090114176427
7.48140625,1.0036467690779283,0.0036401357375234903
7.491770833333333,1.0036369230466178,0.0036303254338288238
7.5021354166666665,1.0036270398775176,0.0036204780303153946
7.5125,1.0036171195014547,0.0036105934569649572
7.522864583333333,1.0036071618492641,0.003600671643759266
7.533229166666667,1.003597166851787,0.003590712520680074
7.543593749999999,1.0035871344398715,0.0035807160177091357
7.553958333333333,1.0035770645443731,0.003570682064828202
7.564322916666667,1.003566957096154,0.0035606105920190294
7.5746875,1.003556812026084,0.003550501529263371
7.585052083333333,1.003546629265039,0.003540354806542979
7.595416666666666,1.003536408743903,0.0035301703538396095
7.60578125,1.0035261503935664,0.0035199481011350137
7.616145833333333,1.003515854144927,0.0035096879784109456
7.626510416666666,1.0035055199288898,0.0034993899156491605
7.636875,1.0034951476763672,0.0034890538428314103
7.6472395833333335,1.0034847373182783,0.003478679689939449
7.657604166666666,1.0034742887855497,0.0034682673869550324
7.66796875,1.0034638020091158,0.0034578168638599105
7.678333333333333,1.0034532769199171,0.0034473280506358396
7.6886979166666665,1.003442713448903,0.003436800877264571
7.6990625,1.0034321115270288,0.0034262352737278604
7.709427083333333,1.003421471085258,0.0034156311700074614
7.719791666666667,1.0034107920545614,0.003404988496085126
7.730156249999999,1.0034000743659173,0.00339430718194261
7.740520833333333,1.0033893179503108,0.003383587157561665
7.750885416666667,1.0033785227387353,0.003372828352924045
7.7612499999999995,1.0033676886621916,0.0033620306980115056
7.771614583333333,1.0033568156516877,0.0033511941228057977
7.781979166666667,1.0033459036382393,0.0033403185572886767
7.79234375,1.0033349525528696,0.003329403931441896
7.802708333333333,1.0033239623266101,0.003318450175247208
7.813072916666666,1.0033129328904988,0.0033074572186863687
7.8234375,1.0033018641755826,0.0032964249917411294
7.8338020833333335,1.003290756112915,0.0032853534243932445
7.844166666666666,1.003279608633558,0.0032742424466244684
7.85453125,1.0032684216685812,0.0032630919884165535
7.864895833333333,1.0032571951490616,0.0032519019797512547
7.875260416666666,1.0032459290060844,0.003240672350610324
7.885625,1.003234623170743,0.0032294030309755165
7.895989583333333,1.0032232775741377,0.003218093950828586
7.906354166666667,1.0032118921473772,0.0032067450401512846
7.916718749999999,1.0032004668215784,0.0031953562289253677
7.927083333333333,1.0031890015278662,0.003183927447132587
7.937447916666667,1.0031774961973725,0.003172458624754697
7.9478124999999995,1.0031659507612385,0.003160949691773453
7.958177083333333,1.0031543651506125,0.0031494005781706057
7.968541666666667,1.0031427392966514,0.0031378112139279104
7.97890625,1.0031310731305199,0.003126181529027121
7.989270833333333,1.0031193665833908,0.0031145114534499906
7.999635416666666,1.0031076195864457,0.003102800917178273
8.01,1.0030958320708732,0.003091049850193721
8.020364583333334,1.0030840039678712,0.003079258182478088
8.030729166666667,1.0030721352086451,0.00306742584401313
8.04109375,1.0030602257244092,0.0030555527647806
8.051458333333334,1.0030482754463854,0.0030436388747622483
8.061822916666667,1.0030362843058045,0.003031684103939833
8.0721875,1.0030242522339052,0.003019688382295106
8.082552083333335,1.0030121791619349,0.0030076516398098185
8.092916666666667,1.0030000650211495,0.002995573806465729
8.10328125,1.0029879097428125,0.002983454812244588
8.113645833333335,1.0029757132581971,0.0029712945871281475
8.124010416666668,1.0029634754985843,0.0029590930610981655
8.134375,1.0029511963952633,0.002946850164136393
8.144739583333333,1.0029388758795326,0.0029345658262245836
8.155104166666668,1.0029265138826988,0.00292223997734449
8.16546875,1.002914110336077,0.0029098725474778694
8.175833333333333,1.0029016651709917,0.002897463466606473
8.186197916666668,1.0028891783187748,0.0028850126647120525
8.1965625,1.002876649710768,0.002872520071776365
8.206927083333333,1.0028640792783212,0.002859985617781164
8.217291666666668,1.0028514669527933,0.002847409232708199
8.22765625,1.0028388126655516,0.002834790846539229
8.238020833333334,1.0028261163479728,0.002822130389256005
8.248385416666668,1.0028133779314417,0.002809427790840279
8.258750000000001,1.0028005973473524,0.002796682981273808
8.269114583333334,1.002787774527108,0.0027838958905383447
8.279479166666667,1.0027749094021203,0.002771066448615642
8.289843750000001,1.00276200190381,0.0027581945854874513
8.300208333333334,1.002749051963607,0.0027452802311355305
8.310572916666667,1.0027360595129502,0.0027323233155416315
8.320937500000001,1.002723024483287,0.0027193237686875056
8.331302083333334,1.002709946806075,0.002706281520554911
8.341666666666667,1.0026968264127794,0.002693196501125599
8.352031250000001,1.002683663234876,0.0026800686403813207
8.362395833333334,1.0026704572038485,0.002666897868303834
8.372760416666667,1.002657208251191,0.002653684114874891
8.383125000000001,1.0026439163084058,0.0026404273100762423
8.393489583333334,1.0026305813070049,0.0026271273838896474
8.403854166666667,1.0026172031785097,0.0026137842662968566
8.41421875,1.0026037818544504,0.0026003978872796234
8.424583333333334,1.002590317266367,0.0025869681768196998
8.434947916666667,1.0025768093458087,0.002573495064898843
8.4453125,1.0025632580243342,0.0025599784814988058
8.455677083333335,1.0025496632335116,0.002546418356601338
8.466041666666667,1.0025360249049182,0.0025328146201881994
8.47640625,1.002522342970141,0.00251916720224114
8.486770833333335,1.0025086173607767,0.0025054760327419116
8.497135416666667,1.0024948480084312,0.0024917410416722724
8.5075,1.0024810348447202,0.002477962159013974
8.517864583333335,1.0024671778012688,0.0024641393147487676
8.528229166666668,1.0024532768097119,0.0024502724388584117
8.53859375,1.0024393318016942,0.0024363614613246566
8.548958333333333,1.0024253427088696,0.0024224063121292575
8.559322916666668,1.0024113094629026,0.0024084069212539634
8.5696875,1.0023972319954664,0.0023943632186805355
8.580052083333333,1.0023831102382446,0.002380275134390723
8.590416666666668,1.0023689441229306,0.002366142598366278
8.60078125,1.0023547335812277,0.0023519655405889583
8.611145833333333,1.0023404785448489,0.0023377438910405154
8.621510416666668,1.002326178945517,0.002323477579702701
8.631875,1.0023118347149649,0.002309166536557273
8.642239583333334,1.0022974457849356,0.0022948106915859834
8.652604166666668,1.0022830120871822,0.0022804099747705826
8.662968750000001,1.0022685335534673,0.002265964316092829
8.673333333333334,1.002254010115564,0.002251473645534474
8.683697916666667,1.0022394417052554,0.0022369378930772723
8.694062500000001,1.0022248282543347,0.0022223569887029728
8.704427083333334,1.002210169694605,0.0022077308623933366
8.714791666666667,1.0021954659578804,0.0021930594441301127
8.725156250000001,1.0021807169759844,0.0021783426638950533
8.735520833333334,1.002165922680751,0.0021635804516699176
8.745885416666667,1.0021510830040246,0.0021487727374364554
8.756250000000001,1.0021361978776597,0.0021339194511764185
8.766614583333334,1.0021212672335216,0.002119020522871565
8.776979166666667,1.002106291003485,0.002104075882503648
8.78734375,1.0020912691194364,0.0020890854600544182
8.797708333333334,1.0020762015132716,0.002074049185505629
8.808072916666667,1.0020610881168974,0.002058966988839038
8.8184375,1.0020459288622308,0.0020438388000363966
8.828802083333334,1.0020307236811998,0.002028664549079456
8.839166666666667,1.0020154725057426,0.0020134441659499743
8.84953125,1.0020001752678078,0.0019981775806297035
8.859895833333335,1.0019848318993554,0.001982864723100394
8.870260416666667,1.001969442332355,0.0019675055233438045
8.880625,1.0019540064987882,0.0019520999113416871
8.890989583333335,1.001938524330646,0.0019366478170757917
8.901354166666668,1.0019229957599307,0.0019211491705278774
8.91171875,1.001907420718656,0.0019056039016796958
8.922083333333333,1.0018917991388454,0.0018900119405129991
8.932447916666668,1.0018761309525337,0.0018743732170095405
8.9428125,1.001860416091767,0.0018586876611510765
8.953177083333333,1.0018446544886015,0.00184295520291936
8.963541666666668,1.001828846075105,0.0018271757722961414
8.97390625,1.001812990783356,0.0018113492992631792
8.984270833333333,1.001797088545444,0.0017954757138022243
8.994635416666668,1.0017811392934695,0.0017795549458950286
9.005,1.0017651429595447,0.0017635869255233504
9.015364583333334,1.0017490994757918,0.0017475715826689399
9.025729166666668,1.001733008774345,0.0017315088473135497
9.036093750000001,1.0017168707873496,0.0017153986494389379
9.046458333333334,1.0017006854469617,0.0016992409190268558
9.056822916666667,1.001684452685349,0.0016830355860590566
9.067187500000001,1.0016681724346903,0.0016667825805172913
9.077552083333334,1.0016518446271758,0.001650481832383319
9.087916666666667,1.001635469195007,0.001634133271638891
9.098281250000001,1.0016190460703964,0.0016177368282657575
9.108645833333334,1.0016025751855688,0.0016012924322456783
9.119010416666667,1.0015860564727597,0.0015848000135604036
9.129375000000001,1.0015694898642165,0.0015682595021916852
9.139739583333334,1.0015528752921974,0.0015516708281212814
9.150104166666667,1.001536212688973,0.0015350339213309433
9.160468750000001,1.001519501986825,0.0015183487118024214
9.170833333333334,1.001502743118047,0.0015016151295174753
9.181197916666667,1.0014859360149437,0.001484833104457857
9.1915625,1.0014690806098319,0.0014680025666053182
9.201927083333334,1.0014521768350402,0.0014511234459416104
9.212291666666667,1.0014352246229086,0.0014341956724484937
9.22265625,1.001418223905789,0.0014172191761077178
9.233020833333335,1.0014011746160452,0.0014001938869010336
9.243385416666667,1.0013840766860524,0.001383119734810201
9.25375,1.0013669300481987,0.0013659966498169706
9.264114583333335,1.0013497346348827,0.0013488245619030928
9.274479166666667,1.0013324903785161,0.0013316034010503264
9.28484375,1.0013151972115222,0.001314333097240424
9.295208333333335,1.001297855066336,0.0012970135804551359
9.305572916666668,1.0012804638754047,0.0012796447806762198
9.3159375,1.001263023571188,0.0012622266278854285
9.326302083333333,1.0012455340861568,0.001244759052064513
9.336666666666668,1.0012279953527954,0.001227241983195227
9.34703125,1.0012104073035988,0.0012096753512593292
9.357395833333333,1.0011927698710756,0.0011920590862385689
9.367760416666668,1.0011750829877455,0.0011743931181146987
9.378125,1.0011573465861414,0.0011566773768694758
9.388489583333333,1.0011395605988078,0.0011389117924846528
9.398854166666668,1.001121724958302,0.00112109629494198
9.40921875,1.0011038395971934,0.001103230814223216
9.419583333333334,1.001085904448064,0.0010853152803101127
9.429947916666668,1.001067919443508,0.0010673496231844203
9.440312500000001,1.0010498845161322,0.0010493337728278984
9.450677083333334,1.0010317995985563,0.0010312676592222972
9.461041666666667,1.001013664623412,0.001013151212349372
9.471406250000001,1.0009954795233436,0.0009949843621908702
9.481770833333334,1.0009772442310085,0.000976767038728555
9.492135416666667,1.0009589586790761,0.000958499171944174
9.502500000000001,1.000940622800229,0.0009401806918194798
9.512864583333334,1.0009222365271626,0.0009218115283362313
9.523229166666667,1.0009037997925845,0.0009033916114761804
9.533593750000001,1.0008853125292154,0.0008849208712210762
9.543958333333334,1.000866774669789,0.0008663992375526775
9.554322916666667,1.0008481861470515,0.000847826640452738
9.5646875,1.000829546893762,0.0008292030099030087
9.575052083333334,1.0008108568426932,0.0008105282758852405
9.585416666666667,1.0007921159266298,0.0007918023683811948
9.59578125,1.00077332407837,0.00077302521737262
9.606145833333334,1.0007544812307252,0.000754196752841268
9.616510416666667,1.0007355873165196,0.0007353169047688984
9.626875,1.0007166422685903,0.0007163856031372614
9.637239583333335,1.000697646019788,0.000697402777928108
9.647604166666667,1.0006785985029762,0.0006783683591231977
9.65796875,1.0006594996510323,0.0006592822767042816
9.668333333333335,1.0006403493968457,0.000640144460653109
9.678697916666668,1.00062114767332,0.0006209548409514404
9.6890625,1.000601894413372,0.0006017133475810267
9.699427083333333,1.0005825895499318,0.0005824199105236225
9.709791666666668,1.0005632330159429,0.0005630744597609752
9.72015625,1.0005438247443619,0.0005436769252748479
9.730520833333333,1.000524364668159,0.0005242272370469883
9.740885416666668,1.0005048527203184,0.0005047253250591499
9.75125,1.0004852888338371,0.0004851711192930897
9.761614583333333,1.000465672941726,0.00046556454973056046
9.771979166666668,1.0004460049770099,0.0004459055463533106
9.78234375,1.0004262848727263,0.00042619403914310235
9.792708333333334,1.0004065125619277,0.000406429958081685
9.803072916666668,1.0003866879776788,0.0003866132331508086
9.813437500000001,1.0003668110530595,0.0003667437943322338
9.823802083333334,1.0003468817211625,0.0003468215716077097
9.834166666666667,1.0003268999150945,0.0003268464949589926
9.844531250000001,1.0003068655679763,0.0003068184943678309
9.854895833333334,1.0002867786129424,0.00028673749981598506
9.865260416666667,1.0002666389831412,0.00026660344128520523
9.875625000000001,1.000246446611735,0.0002464162487572424
9.885989583333334,1.0002262014319003,0.0002261758522138571
9.896354166666667,1.0002059033768278,0.0002058821816367986
9.906718750000001,1.0001855523797214,0.000185535167007817
9.917083333333334,1.0001651483738,0.0001651347383086737
9.927447916666667,1.0001446912922964,0.0001446808255211188
9.937812500000001,1.0001241810684576,0.00012417335862690247
9.948177083333334,1.0001036176355442,0.00010361226760778434
9.958541666666667,1.0000830009268318,8.299748244551541e-05
9.96890625,1.0000623308756103,6.232893312184927e-05
9.979270833333334,1.000041607415183,4.1606549618536035e-05
9.989635416666667,1.0000208304788687,2.0830261917336237e-05
10.0,1.0,0.0
