H0_fixed,chi2_total,chi2_cosmological,chi2_desi,chi2_cmb,chi2_sn,chi2_h0,g0_derived,g0_within_bounds,z_low,Gamma0,Omega_m,h_rd,H0_bg
68.0,1546.560444359148,1523.0752372585562,9.446573024496175,0.014773592761406851,1513.6138906412987,23.485207100591772,0.07230719675257595,True,0.08579821687402979,1.0749855254083702,0.2680719398670608,107.49210262768457,73.09901572776917
69.0,1538.7391028564532,1523.6488661700628,8.332110557422798,0.01108887859243854,1515.3056667340475,15.090236686390577,-0.10521228045134734,True,0.0010000000305808423,0.9001334215744741,0.37136097850175,91.33158755334323,62.109206088638715
70.0,1532.4506324627894,1523.9062537645646,8.355500951202432,0.017247036161965677,1515.5335057772002,8.544378698224888,-0.11456017136889662,True,0.0009999999990000165,0.8917582784874042,0.36759406312428233,91.79313839610094,62.42307949411829
71.0,1528.0468571439526,1524.199224007858,8.351493351062773,0.016767602937968622,1515.8309630538572,3.847633136094698,-0.1295338366061231,True,0.0009999999990001648,0.8785048622903311,0.36817616009023135,91.72073939985317,62.37384522261351
72.0,1525.4856011337786,1524.4856011337786,8.344532338316373,0.01702693132740172,1516.1240418641348,1.000000000000012,-0.14437434723197656,True,0.0010000105757330825,0.8655636660409045,0.3688038124408518,91.6424187057468,62.32058395494512
72.5,1524.9752595098284,1524.7056589181125,8.413466672059137,0.013272116306221623,1516.2789201297471,0.2696005917159826,-0.1429529735536052,True,0.001000025324881389,0.8667948302176699,0.3627288524980548,92.41008034304357,62.84262519078107
73.04,1525.0389664033567,1525.0389664033567,8.434933284925163,0.01687501163583484,1516.5871581067956,0.0,-0.142042750240529,True,0.0009999999990913788,0.8675841662613248,0.35671205698964137,93.18315500423081,63.36834750372717
73.5,1525.3365269745432,1525.1408908798687,8.437508408004595,0.012289989438754612,1516.6910924824253,0.1956360946745509,-0.14997355161967893,True,0.0009999999990005014,0.8607307410580062,0.35792499266571354,93.02928477234616,63.263709467763455
74.0,1526.324517989955,1525.472446984038,8.454320506816376,0.01094507739204635,1517.0071813998295,0.8520710059171486,-0.14999999999995123,True,0.0010198755876489381,0.8607079764250998,0.35313557498328596,93.65965987065009,63.69239025545738
